<?xml version="1.0" encoding="UTF-8"?>
<!DOCTYPE reference
  PUBLIC "-//OASIS//DTD DITA Reference//EN" "reference.dtd">
<reference xmlns:ditaarch="http://dita.oasis-open.org/architecture/2005/" class="- topic/topic       reference/reference " ditaarch:DITAArchVersion="1.2" id="ajb1472476331389" xml:lang="en-us">
	
	

	<title class="- topic/title ">ERR0MISC1, Error Record Miscellaneous Register 1</title>
	<shortdesc class="- topic/shortdesc ">This register is unused in the <ph class="- topic/ph "><keyword class="- topic/keyword "><tm class="- topic/tm " tmtype="reg">Cortex</tm></keyword><keyword class="- topic/keyword ">‑A76</keyword></ph> core and marked as <term class="- topic/term " outputclass="archterm">RES0</term>. </shortdesc>
	<prolog class="- topic/prolog ">
		<permissions class="- topic/permissions " view="nonconfidential"/>
	</prolog>
	<refbody class="- topic/body        reference/refbody ">
		<section class="- topic/section ">
			<title class="- topic/title ">Configurations</title>
			
			
			<p class="- topic/p ">When ERRSELR.SEL==0, ERR0MISC1 is accessible from <xref class="- topic/xref " href="lau1456920674327.xml" keyref="Erxmisc1El1SelectedErrorRecordMiscellaneousRegister1El1" type="reference">ERXMISC1_EL1, Selected Error Record Miscellaneous Register 1, EL1<desc class="- topic/desc ">Register ERXMISC1_EL1 accesses the ERR&lt;n&gt;MISC1 miscellaneous 		register 1 for the error record selected by ERRSELR_EL1.SEL.</desc></xref>.</p>
		</section>
	</refbody>
</reference>