<?xml version="1.0" encoding="UTF-8"?>
<!DOCTYPE reference
  PUBLIC "-//OASIS//DTD DITA Reference//EN" "reference.dtd">
<reference xmlns:ditaarch="http://dita.oasis-open.org/architecture/2005/" class="- topic/topic       reference/reference " ditaarch:DITAArchVersion="1.2" id="bti1483519664126" xml:lang="en-us">
	<title class="- topic/title ">External memory-mapped access</title>
	<shortdesc class="- topic/shortdesc ">Activity monitors can also be memory-mapped accessed from the APB debug
		interface.</shortdesc>
	<prolog class="- topic/prolog ">
		<permissions class="- topic/permissions " view="nonconfidential"/>
	</prolog>
	<refbody class="- topic/body        reference/refbody ">
		<section class="- topic/section ">
			<p class="- topic/p ">In this case, the AMU registers just provide debug information and are
				read-only.</p>
		</section>
	</refbody>
</reference>