<?xml version="1.0" encoding="UTF-8"?>
<!DOCTYPE reference
  PUBLIC "-//OASIS//DTD DITA Reference//EN" "reference.dtd">
<reference xmlns:ditaarch="http://dita.oasis-open.org/architecture/2005/" class="- topic/topic       reference/reference " ditaarch:DITAArchVersion="1.2" id="bux1483519438536" outputclass="nolist" xml:lang="en-us">
	<title class="- topic/title ">Accessing the activity monitors</title>
	<shortdesc class="- topic/shortdesc ">The activity monitors can be accessed by:</shortdesc>
	<prolog class="- topic/prolog ">
		<permissions class="- topic/permissions " view="nonconfidential"/>
	</prolog>
	<refbody class="- topic/body        reference/refbody ">
		<section class="- topic/section ">
			<ul class="- topic/ul ">
				<li class="- topic/li ">The system register interface for both AArch64 and AArch32 states.</li>
				<li class="- topic/li ">Read-only memory-mapped access using the debug APB interface.</li>
			</ul>
			
		</section>
	</refbody>
<related-links class="- topic/related-links "><linkpool class="- topic/linkpool " mapkeyref="kqb1476970875925"><linkpool class="- topic/linkpool "><link class="- topic/link " format="dita" href="wzf1483522200237.xml" role="child" scope="local" type="reference"><linktext class="- topic/linktext ">Access enable bit</linktext><desc class="- topic/desc ">The access enable bit for traps on accesses to activity monitor registers is required 		at EL2 and EL3.</desc></link><link class="- topic/link " format="dita" href="usa1484060623429.xml" role="child" scope="local" type="reference"><linktext class="- topic/linktext ">System register access</linktext><desc class="- topic/desc ">The core implements activity monitoring in AArch64 and the activity monitors can be accessed using the <codeph class="+ topic/ph pr-d/codeph ">MRS</codeph> and <codeph class="+ topic/ph pr-d/codeph ">MSR</codeph> instructions. </desc></link><link class="- topic/link " format="dita" href="bti1483519664126.xml" role="child" scope="local" type="reference"><linktext class="- topic/linktext ">External memory-mapped access</linktext><desc class="- topic/desc ">Activity monitors can also be memory-mapped accessed from the APB debug 		interface.</desc></link></linkpool></linkpool></related-links></reference>