<?xml version="1.0" encoding="UTF-8"?>
<!DOCTYPE concept
  PUBLIC "-//OASIS//DTD DITA Concept//EN" "concept.dtd">
<concept xmlns:ditaarch="http://dita.oasis-open.org/architecture/2005/" class="- topic/topic concept/concept " ditaarch:DITAArchVersion="1.2" id="cts1473763120148" outputclass="nolist" xml:lang="en-us">
	<title class="- topic/title ">Architectural clock gating modes</title>
	<shortdesc class="- topic/shortdesc ">When the <ph class="- topic/ph "><keyword class="- topic/keyword "><tm class="- topic/tm " tmtype="reg">Cortex</tm></keyword><keyword class="- topic/keyword ">‑A76</keyword></ph> core is in standby mode, it is architecturally clock gated at the top of the clock
		tree.</shortdesc>
	<prolog class="- topic/prolog "><permissions class="- topic/permissions " view="nonconfidential"/></prolog>
	<conbody class="- topic/body  concept/conbody ">
		<p class="- topic/p "><term class="- topic/term ">Wait for Interrupt</term> (WFI) and <term class="- topic/term ">Wait for Event</term> (WFE) are features of <ph class="- topic/ph "><keyword class="- topic/keyword "><tm class="- topic/tm " tmtype="reg">Arm</tm>v8‑A</keyword></ph> architecture that
			put the core in a low-power standby mode by architecturally disabling the clock at the
			top of the clock tree. The core is fully powered and retains all the state in standby
			mode.</p>
	</conbody>
<related-links class="- topic/related-links "><linkpool class="- topic/linkpool " mapkeyref="kqb1476970875925"><linkpool class="- topic/linkpool "><link class="- topic/link " format="dita" href="joh1440597046095.xml" role="child" scope="local" type="reference"><linktext class="- topic/linktext ">Core Wait for Interrupt</linktext><desc class="- topic/desc ">WFI puts the core in a low-power state by disabling most of the clocks     in the core, while keeping the core powered up.</desc></link><link class="- topic/link " format="dita" href="joh1440597048738.xml" role="child" scope="local" type="reference"><linktext class="- topic/linktext ">Core Wait for Event</linktext><desc class="- topic/desc ">WFE is a feature of the <ph class="- topic/ph "><keyword class="- topic/keyword "><tm class="- topic/tm " tmtype="reg">Arm</tm>v8‑A</keyword></ph> architecture. It uses a     locking mechanism based on events, to put the core in a low-power state by disabling most of the     clocks in the core, while keeping the core powered up.</desc></link></linkpool></linkpool></related-links></concept>