<?xml version="1.0" encoding="UTF-8"?>
<!DOCTYPE reference
  PUBLIC "-//OASIS//DTD DITA Reference//EN" "reference.dtd">
<reference xmlns:ditaarch="http://dita.oasis-open.org/architecture/2005/" class="- topic/topic       reference/reference " ditaarch:DITAArchVersion="1.2" id="cxj1483536984411" xml:lang="en-us">
	<title class="- topic/title ">AMCFGR_EL0, Activity Monitors Configuration Register, EL0</title>
	<shortdesc class="- topic/shortdesc ">The AMCFGR_EL0 provides information on the number of activity counters
		implemented and their size. </shortdesc>
	<prolog class="- topic/prolog ">
		<permissions class="- topic/permissions " view="nonconfidential"/>
	</prolog>
	<refbody class="- topic/body        reference/refbody ">
		<section class="- topic/section ">
			<title class="- topic/title ">Bit field descriptions</title>
			<p class="- topic/p ">The AMCFGR_EL0 is a 32-bit register.</p>
			<fig class="- topic/fig ">
				<title class="- topic/title ">AMCFGR_EL0 bit assignments</title>
				<image class="- topic/image " href="amz1483601606368.svg" placement="inline">
					<alt class="- topic/alt ">AMCFGR_EL0 bit assignments</alt>
				</image>
			</fig>
			<dl class="- topic/dl ">
				<dlentry class="- topic/dlentry ">
					<dt class="- topic/dt ">RES0, [31:14]</dt>
					<dd class="- topic/dd ">Reserved, <term class="- topic/term " outputclass="archterm">RES0</term>.</dd>
				</dlentry>
				<dlentry class="- topic/dlentry ">
					<dt class="- topic/dt ">SIZE, [13:8]</dt>
					<dd class="- topic/dd ">
						<p class="- topic/p ">Size of counters, minus one. </p>
						<p class="- topic/p ">This field defines the size of the largest counter
							implemented by the activity monitors. In the Armv8-A architecture, the
							largest counter has 64 bits, therefore the value of this field is <ph class="- topic/ph " otherprops="g.number.bin">111111</ph>.</p>
					</dd>
				</dlentry>
				<dlentry class="- topic/dlentry ">
					<dt class="- topic/dt ">N, [7:0]</dt>
					<dd class="- topic/dd ">Number of activity counters implemented, where the number of
						counters is N+1. The <ph class="- topic/ph "><keyword class="- topic/keyword "><tm class="- topic/tm " tmtype="reg">Cortex</tm></keyword><keyword class="- topic/keyword ">‑A76</keyword></ph> core implements five counters, therefore the value is
							<ph class="- topic/ph " otherprops="g.number.hex">04</ph>.</dd>
				</dlentry>
			</dl>
			<dl class="- topic/dl ">
				<dlentry class="- topic/dlentry ">
					<dt class="- topic/dt ">Configurations</dt>
					<dd class="- topic/dd ">There are no configuration notes.</dd>
				</dlentry>
			</dl>
		</section>
		<section class="- topic/section ">
			<title class="- topic/title ">Usage constraints</title>
			<dl class="- topic/dl ">
				<dlentry class="- topic/dlentry ">
					<dt class="- topic/dt ">Accessing the AMCFGR_EL0</dt>
					<dd class="- topic/dd ">
						<p class="- topic/p ">To access the AMCFGR_EL0:</p>
						<codeblock class="+ topic/pre pr-d/codeblock " xml:space="preserve">MRS &lt;Xt&gt;, AMCFGR_EL0 ; Read AMCFGR_EL0 into Xt</codeblock>
						<p class="- topic/p ">Register access is encoded as follows:</p>
						<table class="- topic/table ">
							<title class="- topic/title ">AMCFGR_EL0 encoding</title>
							<tgroup class="- topic/tgroup " cols="5" colsep="0" rowsep="0">
								<colspec class="- topic/colspec " colname="col1" colnum="1" colsep="0"/>
								<colspec class="- topic/colspec " colname="col2" colnum="2" colsep="0"/>
								<colspec class="- topic/colspec " colname="col3" colnum="3" colsep="0"/>
								<colspec class="- topic/colspec " colname="col4" colnum="4" colsep="0"/>
								<colspec class="- topic/colspec " colname="col5" colnum="5" colsep="0"/>
								<thead class="- topic/thead ">
									<row class="- topic/row ">
										<entry class="- topic/entry " colname="col1">op0</entry>
										<entry class="- topic/entry " colname="col2">op1</entry>
										<entry class="- topic/entry " colname="col3">CRn</entry>
										<entry class="- topic/entry " colname="col4">CRm</entry>
										<entry class="- topic/entry " colname="col5">op2</entry>
									</row>
								</thead>
								<tbody class="- topic/tbody ">
									<row class="- topic/row ">
										<entry class="- topic/entry " colname="col1">11</entry>
										<entry class="- topic/entry " colname="col2">011</entry>
										<entry class="- topic/entry " colname="col3">1111</entry>
										<entry class="- topic/entry " colname="col4">1010</entry>
										<entry class="- topic/entry " colname="col5">110</entry>
									</row>
								</tbody>
							</tgroup>
						</table>
						<p class="- topic/p ">The AMCFGR_EL0 can be accessed through the external debug interface, offset
								<ph class="- topic/ph " otherprops="g.number.hex">E00</ph>. In this
							case, it is read-only.</p>
						<p class="- topic/p ">This register is accessible as follows:</p>
						<table class="- topic/table ">
							<tgroup class="- topic/tgroup " cols="4" colsep="0" rowsep="0">
								<colspec class="- topic/colspec " colname="col1" colnum="1" colsep="0"/>
								<colspec class="- topic/colspec " colname="col2" colnum="2" colsep="0"/>
								<colspec class="- topic/colspec " colname="col3" colnum="3" colsep="0"/>
								<colspec class="- topic/colspec " colname="col4" colnum="4" colsep="0"/>								
								<thead class="- topic/thead ">
									<row class="- topic/row ">
										<entry class="- topic/entry " colname="col1">EL0</entry>
										<entry class="- topic/entry " colname="col2">EL1</entry>
										<entry class="- topic/entry " colname="col3">EL2</entry>
										<entry class="- topic/entry " colname="col4">EL3</entry>
									</row>
								</thead>
								<tbody class="- topic/tbody ">
									<row class="- topic/row ">
										<entry class="- topic/entry " colname="col1">RO</entry>
										<entry class="- topic/entry " colname="col2">RO</entry>
										<entry class="- topic/entry " colname="col3">RO</entry>
										<entry class="- topic/entry " colname="col4">RO</entry>
									</row>
								</tbody>
							</tgroup>
						</table>
					</dd>
				</dlentry>
			</dl>
			<dl class="- topic/dl ">
				<dlentry class="- topic/dlentry ">
					<dt class="- topic/dt ">Traps and enables</dt>
					<dd class="- topic/dd ">
						<p class="- topic/p ">If <ph class="- topic/ph ">ACTLR_EL2.AMEN</ph> is 0, then Non-secure accesses to this register from EL0 and EL1 are trapped to EL2.</p>
						<p class="- topic/p ">If <ph class="- topic/ph ">ACTLR_EL3.AMEN</ph> is 0, then accesses to this register from EL0, EL1, and EL2 are trapped to EL3.</p>
						<p class="- topic/p ">If AMUSERENR_EL0.EN is 0, then accesses to this register
							from EL0 are trapped to EL1.</p>
					</dd>
				</dlentry>
			</dl>
		</section>
	</refbody>
</reference>