<?xml version="1.0" encoding="UTF-8"?>
<!DOCTYPE reference
  PUBLIC "-//OASIS//DTD DITA Reference//EN" "reference.dtd">
<reference xmlns:ditaarch="http://dita.oasis-open.org/architecture/2005/" class="- topic/topic       reference/reference " ditaarch:DITAArchVersion="1.2" id="dav1465225143645" xml:lang="en-us">
  <title class="- topic/title " id="TitleExceptionSyndromeRegister_EL3">ESR_EL3, Exception Syndrome Register, EL3</title>
  <shortdesc class="- topic/shortdesc ">The ESR_EL3 holds syndrome information for an exception taken to EL3.</shortdesc>
  <prolog class="- topic/prolog ">
    <permissions class="- topic/permissions " view="nonconfidential"/>
    
  </prolog>
  <refbody class="- topic/body        reference/refbody ">
    <section class="- topic/section ">
      <title class="- topic/title ">Bit field descriptions</title>
      <p class="- topic/p ">ESR_EL3 is a 32-bit register, and is part of the Exception and fault handling registers functional
				group.</p>
      <fig class="- topic/fig " id="fig_pt3_gjp_rv">
        <title class="- topic/title ">ESR_EL3 bit assignments</title>
        <image class="- topic/image " href="dav1465222137453.svg" id="image_rw3_gjp_rv" placement="inline">
          <alt class="- topic/alt ">ESR_EL3 bit assignments</alt>
        </image>
      </fig>
      <dl class="- topic/dl ">
        <dlentry class="- topic/dlentry ">
          <dt class="- topic/dt ">EC, [31:26]</dt>
          <dd class="- topic/dd ">Exception Class. Indicates the reason for the exception that this register holds
						information about.</dd>
        </dlentry>
        <dlentry class="- topic/dlentry ">
          <dt class="- topic/dt ">IL, [25]</dt>
          <dd class="- topic/dd ">
            <p class="- topic/p ">Instruction Length for synchronous exceptions. The possible values are:</p>
            <dl class="- topic/dl " compact="yes" outputclass="termwidthpc8">
              <dlentry class="- topic/dlentry ">
                <dt class="- topic/dt ">
                  <codeph class="+ topic/ph pr-d/codeph " otherprops="g.number.any">0</codeph>
                </dt>
                <dd class="- topic/dd ">16-bit.</dd>
              </dlentry>
              <dlentry class="- topic/dlentry ">
                <dt class="- topic/dt ">
                  <codeph class="+ topic/ph pr-d/codeph " otherprops="g.number.any">1</codeph>
                </dt>
                <dd class="- topic/dd ">32-bit.</dd>
              </dlentry>
            </dl>
            <p class="- topic/p ">This field is <codeph class="+ topic/ph pr-d/codeph " otherprops="g.number.any">1</codeph> for the
              SError interrupt, instruction aborts, misaligned PC, Stack pointer misalignment, data
              aborts for which the ISV bit is <codeph class="+ topic/ph pr-d/codeph " otherprops="g.number.any">0</codeph>,
              exceptions caused by an illegal instruction set state, and exceptions using the
                <codeph class="+ topic/ph pr-d/codeph " otherprops="g.number.hex">0</codeph> Exception Class.</p>
          </dd>
        </dlentry>
        <dlentry class="- topic/dlentry ">
          <dt class="- topic/dt ">ISS, [24:0]</dt>
          <dd class="- topic/dd ">
            <p class="- topic/p ">Syndrome information.</p>
          </dd>
        </dlentry>
      </dl>
      <p class="- topic/p ">When reporting a virtual SEI, bits[24:0] take the value of VSESRL_EL2[24:0].</p>
      <p class="- topic/p ">When reporting a physical SEI, the following occurs:</p>
      <ul class="- topic/ul ">
        <li class="- topic/li ">IDS==0 (architectural syndrome).</li>
        <li class="- topic/li ">AET always reports an uncontainable error (UC) with value <codeph class="+ topic/ph pr-d/codeph " otherprops="g.number.bin">000</codeph> or an unrecoverable error (UEU)
          with value <codeph class="+ topic/ph pr-d/codeph " otherprops="g.number.bin">001</codeph>.</li>
        <li class="- topic/li ">EA is <term class="- topic/term " outputclass="archterm">RES0</term>.</li>
      </ul>
      <p class="- topic/p ">When reporting a synchronous data abort, EA is <term class="- topic/term " outputclass="archterm">RES0</term>.</p>
      <p class="- topic/p ">See <xref class="- topic/xref " href="mnw1478964168395.xml" keyref="VsesrEl2VirtualSerrorExceptionSyndromeRegisterEl2" type="reference">VSESR_EL2, Virtual SError Exception Syndrome Register (Ares Specific)<desc class="- topic/desc ">The VSESR_EL2 provides the syndrome value reported to software on taking 		a virtual SError interrupt exception.</desc></xref>.</p>
      <dl class="- topic/dl ">
        <dlentry class="- topic/dlentry ">
          <dt class="- topic/dt ">Configurations</dt>
          <dd class="- topic/dd ">
            
            <p class="- topic/p ">RW fields in this register reset to architecturally
              <term class="- topic/term " outputclass="archterm">unknown</term> values.</p>
          </dd>
        </dlentry>
      </dl>
    </section>

  </refbody>
</reference>