<?xml version="1.0" encoding="UTF-8"?>
<!DOCTYPE reference
  PUBLIC "-//OASIS//DTD DITA Reference//EN" "reference.dtd">
<reference xmlns:ditaarch="http://dita.oasis-open.org/architecture/2005/" class="- topic/topic       reference/reference " ditaarch:DITAArchVersion="1.2" id="dav1413470876222" xml:lang="en-us">
	<title class="- topic/title ">Measures for systematic fault avoidance</title>
	<shortdesc class="- topic/shortdesc ">This appendix includes information on measures which have been used for
		the <ph class="- topic/ph "><keyword class="- topic/keyword "><tm class="- topic/tm " tmtype="reg">Cortex</tm></keyword><keyword class="- topic/keyword ">‑A76</keyword></ph> processor logic
		design to avoid systematic faults, based on requirements in the IEC 61508-2:2010
		standard.</shortdesc>
	<prolog class="- topic/prolog ">
		<permissions class="- topic/permissions " view="nonconfidential"/>
	</prolog>
	<refbody class="- topic/body        reference/refbody ">
		<section class="- topic/section "/>
	</refbody>
</reference>