<?xml version="1.0" encoding="UTF-8"?>
<!DOCTYPE reference
  PUBLIC "-//OASIS//DTD DITA Reference//EN" "reference.dtd">
<reference xmlns:ditaarch="http://dita.oasis-open.org/architecture/2005/" class="- topic/topic       reference/reference " ditaarch:DITAArchVersion="1.2" id="deb1353594352617" xml:lang="en-us">
	<title class="- topic/title ">About this book</title>
	<titlealts class="- topic/titlealts ">
		<navtitle class="- topic/navtitle ">About this book</navtitle>
	</titlealts>
	<shortdesc class="- topic/shortdesc ">Information about the revision status and the intended audience for the book.</shortdesc>
	<prolog class="- topic/prolog ">
		<permissions class="- topic/permissions " view="nonconfidential"/>
	</prolog>
	<refbody class="- topic/body        reference/refbody ">
		<section class="- topic/section ">
			<p class="- topic/p ">
				<ph class="- topic/ph " outputclass="bookshortdesc"/>
			</p>
			
		</section>
	</refbody>
</reference>