<?xml version="1.0" encoding="UTF-8"?>
<!DOCTYPE reference
  PUBLIC "-//OASIS//DTD DITA Reference//EN" "reference.dtd">
<reference xmlns:ditaarch="http://dita.oasis-open.org/architecture/2005/" class="- topic/topic       reference/reference " ditaarch:DITAArchVersion="1.2" id="ehx1477942842064" xml:lang="en-us">
  <title class="- topic/title ">PMCEID0_EL0, Performance Monitors Common Event Identification Register 0,
      EL0</title>
  <titlealts class="- topic/titlealts ">
    <navtitle class="- topic/navtitle ">PMCEID0_EL0, Performance Monitors Common Event Identification Register 0,
      EL0</navtitle>
  </titlealts>
  <shortdesc class="- topic/shortdesc ">The PMCEID0_EL0 defines which common architectural and common
    microarchitectural feature events are implemented.</shortdesc>
  <prolog class="- topic/prolog ">
    <permissions class="- topic/permissions " view="nonconfidential"/>
  </prolog>
  <refbody class="- topic/body        reference/refbody ">

    <section class="- topic/section ">

      <title class="- topic/title ">Bit field descriptions</title>
      <fig class="- topic/fig ">
        <title class="- topic/title ">PMCEID0_EL0 bit assignments</title>
        <image class="- topic/image " href="lau1443689318354.svg" placement="inline">
          <alt class="- topic/alt ">PMCEID0_EL0 bit assignments</alt>
        </image>
      </fig>
      
      <dl class="- topic/dl ">
        <dlentry class="- topic/dlentry ">
          <dt class="- topic/dt ">ID[31:0], [31:0]</dt>
          <dd class="- topic/dd ">
            <p class="- topic/p ">Common architectural and microarchitectural feature events that can be counted by the PMU event counters.</p>
            <p class="- topic/p ">For each bit described in the following table, the event is implemented if the bit is set to 1, or not implemented if the bit is set to 0.</p>
          </dd>
        </dlentry>
      </dl>
      
      <table class="- topic/table ">
        <title class="- topic/title ">PMU common events</title>
        <tgroup class="- topic/tgroup " cols="3">
          <colspec class="- topic/colspec " colname="col1" colnum="1"/>
          <colspec class="- topic/colspec " colname="col2" colnum="2"/>
          <colspec class="- topic/colspec " colname="col3" colnum="3"/>
          <thead class="- topic/thead ">
            <row class="- topic/row ">
              <entry class="- topic/entry " colname="col1">Bit</entry>
              <entry class="- topic/entry " colname="col2">Event mnemonic</entry>
              <entry class="- topic/entry " colname="col3">Description</entry>
            </row>
          </thead>
          <tbody class="- topic/tbody ">
            <row class="- topic/row ">
              <entry class="- topic/entry " colname="col1">[31]</entry>
              <entry class="- topic/entry " colname="col2">L1D_CACHE_ALLOCATE</entry>
              <entry class="- topic/entry " colname="col3">
                <p class="- topic/p ">L1 Data cache allocate:</p>
                <dl class="- topic/dl " compact="yes" outputclass="termwidthpc12">
                  <dlentry class="- topic/dlentry ">
                    <dt class="- topic/dt "><codeph class="+ topic/ph pr-d/codeph ">0</codeph></dt>
                    <dd class="- topic/dd ">This event is not implemented.</dd>
                  </dlentry>
                </dl>
              </entry>
            </row>
            <row class="- topic/row ">
              <entry class="- topic/entry " colname="col1">[30]</entry>
              <entry class="- topic/entry " colname="col2">CHAIN</entry>
              <entry class="- topic/entry " colname="col3">
                <p class="- topic/p ">Chain. For odd-numbered counters, counts once for each overflow of the preceding even-numbered counter. For even-numbered counters, does not count:</p>
                <dl class="- topic/dl " compact="yes" outputclass="termwidthpc12">
                  <dlentry class="- topic/dlentry ">
                    <dt class="- topic/dt "><codeph class="+ topic/ph pr-d/codeph ">1</codeph></dt>
                    <dd class="- topic/dd ">This event is implemented.</dd>
                  </dlentry>
                </dl>
              </entry>
            </row>
            <row class="- topic/row ">
              <entry class="- topic/entry " colname="col1">[29]</entry>
              <entry class="- topic/entry " colname="col2">BUS_CYCLES</entry>
              <entry class="- topic/entry " colname="col3">
                <p class="- topic/p ">Bus cycle:</p>
                <dl class="- topic/dl " compact="yes" outputclass="termwidthpc12">
                  <dlentry class="- topic/dlentry ">
                    <dt class="- topic/dt "><codeph class="+ topic/ph pr-d/codeph ">1</codeph></dt>
                    <dd class="- topic/dd ">This event is implemented.</dd>
                  </dlentry>
                </dl>
              </entry>
            </row>
            <row class="- topic/row ">
              <entry class="- topic/entry " colname="col1">[28]</entry>
              <entry class="- topic/entry " colname="col2">TTBR_WRITE_RETIRED</entry>
              <entry class="- topic/entry " colname="col3">
                <p class="- topic/p ">TTBR write, architecturally executed, condition check pass - write to translation table base:</p>
                <dl class="- topic/dl " compact="yes" outputclass="termwidthpc12">
                  <dlentry class="- topic/dlentry ">
                    <dt class="- topic/dt "><codeph class="+ topic/ph pr-d/codeph ">1</codeph></dt>
                    <dd class="- topic/dd ">This event is implemented.</dd>
                  </dlentry>
                </dl>
              </entry>
            </row>
            <row class="- topic/row ">
              <entry class="- topic/entry " colname="col1">[27]</entry>
              <entry class="- topic/entry " colname="col2">INST_SPEC</entry>
              <entry class="- topic/entry " colname="col3">
                <p class="- topic/p ">Instruction speculatively executed:</p>
                <dl class="- topic/dl " compact="yes" outputclass="termwidthpc12">
                  <dlentry class="- topic/dlentry ">
                    <dt class="- topic/dt "><codeph class="+ topic/ph pr-d/codeph ">1</codeph></dt>
                    <dd class="- topic/dd ">This event is implemented.</dd>
                  </dlentry>
                </dl>
              </entry>
            </row>
            <row class="- topic/row ">
              <entry class="- topic/entry " colname="col1">[26]</entry>
              <entry class="- topic/entry " colname="col2">MEMORY_ERROR</entry>
              <entry class="- topic/entry " colname="col3">
                <p class="- topic/p ">Local memory error:</p>
                <dl class="- topic/dl " compact="yes" outputclass="termwidthpc12">
                  <dlentry class="- topic/dlentry ">
                    <dt class="- topic/dt "><codeph class="+ topic/ph pr-d/codeph ">1</codeph></dt>
                    <dd class="- topic/dd ">This event is implemented.</dd>
                  </dlentry>
                </dl>
              </entry>
            </row>
            <row class="- topic/row ">
              <entry class="- topic/entry " colname="col1">[25]</entry>
              <entry class="- topic/entry " colname="col2">BUS_ACCESS</entry>
              <entry class="- topic/entry " colname="col3">
                <p class="- topic/p ">Bus access:</p>
                <dl class="- topic/dl " compact="yes" outputclass="termwidthpc12">
                  <dlentry class="- topic/dlentry ">
                    <dt class="- topic/dt "><codeph class="+ topic/ph pr-d/codeph ">1</codeph></dt>
                    <dd class="- topic/dd ">This event is implemented.</dd>
                  </dlentry>
                </dl>
              </entry>
            </row>
            <row class="- topic/row ">
              <entry class="- topic/entry " colname="col1">[24]</entry>
              <entry class="- topic/entry " colname="col2">L2D_CACHE_WB</entry>
              <entry class="- topic/entry " colname="col3">
                <p class="- topic/p ">L2 Data cache Write-Back:</p>
                <dl class="- topic/dl " compact="yes" outputclass="termwidthpc12">
                  <dlentry class="- topic/dlentry ">
                    <dt class="- topic/dt "><codeph class="+ topic/ph pr-d/codeph ">1</codeph></dt>
                    <dd class="- topic/dd ">This event is implemented.</dd>
                  </dlentry>
                </dl>
              </entry>
            </row>
            <row class="- topic/row ">
              <entry class="- topic/entry " colname="col1">[23]</entry>
              <entry class="- topic/entry " colname="col2">L2D_CACHE_REFILL</entry>
              <entry class="- topic/entry " colname="col3">
                <p class="- topic/p ">L2 Data cache refill:</p>
                <dl class="- topic/dl " compact="yes" outputclass="termwidthpc12">
                  <dlentry class="- topic/dlentry ">
                    <dt class="- topic/dt "><codeph class="+ topic/ph pr-d/codeph ">1</codeph></dt>
                    <dd class="- topic/dd ">This event is implemented.</dd>
                  </dlentry>
                </dl>
              </entry>
            </row>
            <row class="- topic/row ">
              <entry class="- topic/entry " colname="col1">[22]</entry>
              <entry class="- topic/entry " colname="col2">L2D_CACHE</entry>
              <entry class="- topic/entry " colname="col3">
                <p class="- topic/p ">L2 Data cache access:</p>
                <dl class="- topic/dl " compact="yes" outputclass="termwidthpc12">
                  <dlentry class="- topic/dlentry ">
                    <dt class="- topic/dt "><codeph class="+ topic/ph pr-d/codeph ">1</codeph></dt>
                    <dd class="- topic/dd ">This event is implemented.</dd>
                  </dlentry>
                </dl>
              </entry>
            </row>
            <row class="- topic/row ">
              <entry class="- topic/entry " colname="col1">[21]</entry>
              <entry class="- topic/entry " colname="col2">L1D_CACHE_WB</entry>
              <entry class="- topic/entry " colname="col3">
                <p class="- topic/p ">L1 Data cache Write-Back:</p>
                <dl class="- topic/dl " compact="yes" outputclass="termwidthpc12">
                  <dlentry class="- topic/dlentry ">
                    <dt class="- topic/dt "><codeph class="+ topic/ph pr-d/codeph ">1</codeph></dt>
                    <dd class="- topic/dd ">This event is implemented.</dd>
                  </dlentry>
                </dl>
              </entry>
            </row>
            <row class="- topic/row ">
              <entry class="- topic/entry " colname="col1">[20]</entry>
              <entry class="- topic/entry " colname="col2">L1I_CACHE</entry>
              <entry class="- topic/entry " colname="col3">
                <p class="- topic/p ">L1 Instruction cache access:</p>
                <dl class="- topic/dl " compact="yes" outputclass="termwidthpc12">
                  <dlentry class="- topic/dlentry ">
                    <dt class="- topic/dt "><codeph class="+ topic/ph pr-d/codeph ">1</codeph></dt>
                    <dd class="- topic/dd ">This event is implemented.</dd>
                  </dlentry>
                </dl>
              </entry>
            </row>
            <row class="- topic/row ">
              <entry class="- topic/entry " colname="col1">[19]</entry>
              <entry class="- topic/entry " colname="col2">MEM_ACCESS</entry>
              <entry class="- topic/entry " colname="col3">
                <p class="- topic/p ">Data memory access:</p>
                <dl class="- topic/dl " compact="yes" outputclass="termwidthpc12">
                  <dlentry class="- topic/dlentry ">
                    <dt class="- topic/dt "><codeph class="+ topic/ph pr-d/codeph ">1</codeph></dt>
                    <dd class="- topic/dd ">This event is implemented.</dd>
                  </dlentry>
                </dl>
              </entry>
            </row>
            <row class="- topic/row ">
              <entry class="- topic/entry " colname="col1">[18]</entry>
              <entry class="- topic/entry " colname="col2">BR_PRED</entry>
              <entry class="- topic/entry " colname="col3">
                <p class="- topic/p ">Predictable branch speculatively executed:</p>
                <dl class="- topic/dl " compact="yes" outputclass="termwidthpc12">
                  <dlentry class="- topic/dlentry ">
                    <dt class="- topic/dt "><codeph class="+ topic/ph pr-d/codeph ">1</codeph></dt>
                    <dd class="- topic/dd ">This event is implemented.</dd>
                  </dlentry>
                </dl>
              </entry>
            </row>
            <row class="- topic/row ">
              <entry class="- topic/entry " colname="col1">[17]</entry>
              <entry class="- topic/entry " colname="col2">CPU_CYCLES</entry>
              <entry class="- topic/entry " colname="col3">
                <p class="- topic/p ">Cycle:</p>
                <dl class="- topic/dl " compact="yes" outputclass="termwidthpc12">
                  <dlentry class="- topic/dlentry ">
                    <dt class="- topic/dt "><codeph class="+ topic/ph pr-d/codeph ">1</codeph></dt>
                    <dd class="- topic/dd ">This event is implemented.</dd>
                  </dlentry>
                </dl>
              </entry>
            </row>
            <row class="- topic/row ">
              <entry class="- topic/entry " colname="col1">[16]</entry>
              <entry class="- topic/entry " colname="col2">BR_MIS_PRED</entry>
              <entry class="- topic/entry " colname="col3">
                <p class="- topic/p ">Mispredicted or not predicted branch speculatively executed:</p>
                <dl class="- topic/dl " compact="yes" outputclass="termwidthpc12">
                  <dlentry class="- topic/dlentry ">
                    <dt class="- topic/dt "><codeph class="+ topic/ph pr-d/codeph ">1</codeph></dt>
                    <dd class="- topic/dd ">This event is implemented.</dd>
                  </dlentry>
                </dl>
              </entry>
            </row>
            <row class="- topic/row ">
              <entry class="- topic/entry " colname="col1">[15]</entry>
              <entry class="- topic/entry " colname="col2">UNALIGNED_LDST_RETIRED</entry>
              <entry class="- topic/entry " colname="col3">
                <p class="- topic/p ">Instruction architecturally executed, condition check pass - unaligned load or store:</p>
                <dl class="- topic/dl " compact="yes" outputclass="termwidthpc12">
                  <dlentry class="- topic/dlentry ">
                    <dt class="- topic/dt "><codeph class="+ topic/ph pr-d/codeph ">0</codeph></dt>
                    <dd class="- topic/dd ">This event is not implemented.</dd>
                  </dlentry>
                </dl>
              </entry>
            </row>
            <row class="- topic/row ">
              <entry class="- topic/entry " colname="col1">[14]</entry>
              <entry class="- topic/entry " colname="col2">BR_RETURN_RETIRED</entry>
              <entry class="- topic/entry " colname="col3">
                <p class="- topic/p ">Instruction architecturally executed, condition check pass - procedure return:</p>
                <dl class="- topic/dl " compact="yes" outputclass="termwidthpc12">
                  <dlentry class="- topic/dlentry ">
                    <dt class="- topic/dt "><codeph class="+ topic/ph pr-d/codeph ">0</codeph></dt>
                    <dd class="- topic/dd ">This event is not implemented.</dd>
                  </dlentry>
                </dl>
              </entry>
            </row>
            <row class="- topic/row ">
              <entry class="- topic/entry " colname="col1">[13]</entry>
              <entry class="- topic/entry " colname="col2">BR_IMMED_RETIRED</entry>
              <entry class="- topic/entry " colname="col3">
                <p class="- topic/p ">Instruction architecturally executed - immediate branch:</p>
                <dl class="- topic/dl " compact="yes" outputclass="termwidthpc12">
                  <dlentry class="- topic/dlentry ">
                    <dt class="- topic/dt "><codeph class="+ topic/ph pr-d/codeph ">0</codeph></dt>
                    <dd class="- topic/dd ">This event is not implemented.</dd>
                  </dlentry>
                </dl>
              </entry>
            </row>
            <row class="- topic/row ">
              <entry class="- topic/entry " colname="col1">[12]</entry>
              <entry class="- topic/entry " colname="col2">PC_WRITE_RETIRED</entry>
              <entry class="- topic/entry " colname="col3">
                <p class="- topic/p ">Instruction architecturally executed, condition check pass - software change of the PC:</p>
                <dl class="- topic/dl " compact="yes" outputclass="termwidthpc12">
                  <dlentry class="- topic/dlentry ">
                    <dt class="- topic/dt "><codeph class="+ topic/ph pr-d/codeph ">0</codeph></dt>
                    <dd class="- topic/dd ">This event is not implemented.</dd>
                  </dlentry>
                </dl>
              </entry>
            </row>
            <row class="- topic/row ">
              <entry class="- topic/entry " colname="col1">[11]</entry>
              <entry class="- topic/entry " colname="col2">CID_WRITE_RETIRED</entry>
              <entry class="- topic/entry " colname="col3">
                <p class="- topic/p ">Instruction architecturally executed, condition check pass - write to CONTEXTIDR:</p>
                <dl class="- topic/dl " compact="yes" outputclass="termwidthpc12">
                  <dlentry class="- topic/dlentry ">
                    <dt class="- topic/dt "><codeph class="+ topic/ph pr-d/codeph ">1</codeph></dt>
                    <dd class="- topic/dd ">This event is implemented.</dd>
                  </dlentry>
                </dl>
              </entry>
            </row>
            <row class="- topic/row ">
              <entry class="- topic/entry " colname="col1">[10]</entry>
              <entry class="- topic/entry " colname="col2">EXC_RETURN</entry>
              <entry class="- topic/entry " colname="col3">
                <p class="- topic/p ">Instruction architecturally executed, condition check pass - exception return:</p>
                <dl class="- topic/dl " compact="yes" outputclass="termwidthpc12">
                  <dlentry class="- topic/dlentry ">
                    <dt class="- topic/dt "><codeph class="+ topic/ph pr-d/codeph ">1</codeph></dt>
                    <dd class="- topic/dd ">This event is implemented.</dd>
                  </dlentry>
                </dl>
              </entry>
            </row>
            <row class="- topic/row ">
              <entry class="- topic/entry " colname="col1">[9]</entry>
              <entry class="- topic/entry " colname="col2">EXC_TAKEN</entry>
              <entry class="- topic/entry " colname="col3">
                <p class="- topic/p ">Exception taken:</p>
                <dl class="- topic/dl " compact="yes" outputclass="termwidthpc12">
                  <dlentry class="- topic/dlentry ">
                    <dt class="- topic/dt "><codeph class="+ topic/ph pr-d/codeph ">1</codeph></dt>
                    <dd class="- topic/dd ">This event is implemented.</dd>
                  </dlentry>
                </dl>
              </entry>
            </row>
            <row class="- topic/row ">
              <entry class="- topic/entry " colname="col1">[8]</entry>
              <entry class="- topic/entry " colname="col2">INST_RETIRED</entry>
              <entry class="- topic/entry " colname="col3">
                <p class="- topic/p ">Instruction architecturally executed:</p>
                <dl class="- topic/dl " compact="yes" outputclass="termwidthpc12">
                  <dlentry class="- topic/dlentry ">
                    <dt class="- topic/dt "><codeph class="+ topic/ph pr-d/codeph ">1</codeph></dt>
                    <dd class="- topic/dd ">This event is implemented.</dd>
                  </dlentry>
                </dl>
              </entry>
            </row>
            <row class="- topic/row ">
              <entry class="- topic/entry " colname="col1">[7]</entry>
              <entry class="- topic/entry " colname="col2">ST_RETIRED</entry>
              <entry class="- topic/entry " colname="col3">
                <p class="- topic/p ">Instruction architecturally executed, condition check pass - store:</p>
                <dl class="- topic/dl " compact="yes" outputclass="termwidthpc12">
                  <dlentry class="- topic/dlentry ">
                    <dt class="- topic/dt "><codeph class="+ topic/ph pr-d/codeph ">0</codeph></dt>
                    <dd class="- topic/dd ">This event is not implemented.</dd>
                  </dlentry>
                </dl>
              </entry>
            </row>
            <row class="- topic/row ">
              <entry class="- topic/entry " colname="col1">[6]</entry>
              <entry class="- topic/entry " colname="col2">LD_RETIRED</entry>
              <entry class="- topic/entry " colname="col3">
                <p class="- topic/p ">Instruction architecturally executed, condition check pass - load:</p>
                <dl class="- topic/dl " compact="yes" outputclass="termwidthpc12">
                  <dlentry class="- topic/dlentry ">
                    <dt class="- topic/dt "><codeph class="+ topic/ph pr-d/codeph ">0</codeph></dt>
                    <dd class="- topic/dd ">This event is not implemented.</dd>
                  </dlentry>
                </dl>
              </entry>
            </row>
            <row class="- topic/row ">
              <entry class="- topic/entry " colname="col1">[5]</entry>
              <entry class="- topic/entry " colname="col2">L1D_TLB_REFILL</entry>
              <entry class="- topic/entry " colname="col3">
                <p class="- topic/p ">L1 Data TLB refill:</p>
                <dl class="- topic/dl " compact="yes" outputclass="termwidthpc12">
                  <dlentry class="- topic/dlentry ">
                    <dt class="- topic/dt "><codeph class="+ topic/ph pr-d/codeph ">1</codeph></dt>
                    <dd class="- topic/dd ">This event is implemented.</dd>
                  </dlentry>
                </dl>
              </entry>
            </row>
            <row class="- topic/row ">
              <entry class="- topic/entry " colname="col1">[4]</entry>
              <entry class="- topic/entry " colname="col2">L1D_CACHE</entry>
              <entry class="- topic/entry " colname="col3">
                <p class="- topic/p ">L1 Data cache access:</p>
                <dl class="- topic/dl " compact="yes" outputclass="termwidthpc12">
                  <dlentry class="- topic/dlentry ">
                    <dt class="- topic/dt "><codeph class="+ topic/ph pr-d/codeph ">1</codeph></dt>
                    <dd class="- topic/dd ">This event is implemented.</dd>
                  </dlentry>
                </dl>
              </entry>
            </row>
            <row class="- topic/row ">
              <entry class="- topic/entry " colname="col1">[3]</entry>
              <entry class="- topic/entry " colname="col2">L1D_CACHE_REFILL</entry>
              <entry class="- topic/entry " colname="col3">
                <p class="- topic/p ">L1 Data cache refill:</p>
                <dl class="- topic/dl " compact="yes" outputclass="termwidthpc12">
                  <dlentry class="- topic/dlentry ">
                    <dt class="- topic/dt "><codeph class="+ topic/ph pr-d/codeph ">1</codeph></dt>
                    <dd class="- topic/dd ">This event is implemented.</dd>
                  </dlentry>
                </dl>
              </entry>
            </row>
            <row class="- topic/row ">
              <entry class="- topic/entry " colname="col1">[2]</entry>
              <entry class="- topic/entry " colname="col2">L1I_TLB_REFILL</entry>
              <entry class="- topic/entry " colname="col3">
                <p class="- topic/p ">L1 Instruction TLB refill:</p>
                <dl class="- topic/dl " compact="yes" outputclass="termwidthpc12">
                  <dlentry class="- topic/dlentry ">
                    <dt class="- topic/dt "><codeph class="+ topic/ph pr-d/codeph ">1</codeph></dt>
                    <dd class="- topic/dd ">This event is implemented.</dd>
                  </dlentry>
                </dl>
              </entry>
            </row>
            <row class="- topic/row ">
              <entry class="- topic/entry " colname="col1">[1]</entry>
              <entry class="- topic/entry " colname="col2">L1I_CACHE_REFILL</entry>
              <entry class="- topic/entry " colname="col3">
                <p class="- topic/p ">L1 Instruction cache refill:</p>
                <dl class="- topic/dl " compact="yes" outputclass="termwidthpc12">
                  <dlentry class="- topic/dlentry ">
                    <dt class="- topic/dt "><codeph class="+ topic/ph pr-d/codeph ">1</codeph></dt>
                    <dd class="- topic/dd ">This event is implemented.</dd>
                  </dlentry>
                </dl>
              </entry>
            </row>
            <row class="- topic/row ">
              <entry class="- topic/entry " colname="col1">[0]</entry>
              <entry class="- topic/entry " colname="col2">SW_INCR</entry>
              <entry class="- topic/entry " colname="col3">
                <p class="- topic/p ">Instruction architecturally executed, condition check pass - software increment:</p>
                <dl class="- topic/dl " compact="yes" outputclass="termwidthpc12">
                  <dlentry class="- topic/dlentry ">
                    <dt class="- topic/dt "><codeph class="+ topic/ph pr-d/codeph ">1</codeph></dt>
                    <dd class="- topic/dd ">This event is implemented.</dd>
                  </dlentry>
                </dl>
              </entry>
            </row>
          </tbody>
        </tgroup>
      </table>
      
      <note class="- topic/note ">The PMU events implemented in the above table can be found in <xref class="- topic/xref " href="tgw1477591342487.xml#tgw1477591342487/table_vxj_2h2_vp" keyref="PmuEvents/table_vxj_2h2_vp" type="table">Table 1</xref>.</note>
    </section>
   
  </refbody>
</reference>