<?xml version="1.0" encoding="UTF-8"?>
<!DOCTYPE concept
  PUBLIC "-//OASIS//DTD DITA Concept//EN" "concept.dtd">
<concept xmlns:ditaarch="http://dita.oasis-open.org/architecture/2005/" class="- topic/topic concept/concept " ditaarch:DITAArchVersion="1.2" id="fbf1477585445698" xml:lang="en-us">
  <title class="- topic/title ">Instruction L1 TLB</title>
  <titlealts class="- topic/titlealts ">
    <navtitle class="- topic/navtitle ">Instruction L1 TLB</navtitle>
  </titlealts>
  <abstract class="- topic/abstract ">
    <shortdesc class="- topic/shortdesc ">The instruction L1 TLB is implemented as a 48-entry fully associative
    structure. This TLB caches entries at the 4KB, 16KB, 64KB, 2MB, and 32MB granularity of VA to PA
    mapping only.</shortdesc>
    
    
    </abstract>
  <prolog class="- topic/prolog ">
    <permissions class="- topic/permissions " view="nonconfidential"/>
    

  </prolog>
  <conbody class="- topic/body  concept/conbody ">
    <section class="- topic/section ">
      <p class="- topic/p ">A hit in the instruction L1 TLB provides a single <keyword class="- topic/keyword " otherprops="g.signal.name">CLK</keyword> cycle access to the translation, and returns the
        PA to the instruction cache for comparison. It also checks the access permissions to signal
        an Instruction Abort. </p>

    </section>
  </conbody>
</concept>