<?xml version="1.0" encoding="UTF-8"?>
<!DOCTYPE reference
  PUBLIC "-//OASIS//DTD DITA Reference//EN" "reference.dtd">
<reference xmlns:ditaarch="http://dita.oasis-open.org/architecture/2005/" class="- topic/topic       reference/reference " ditaarch:DITAArchVersion="1.2" id="fsw1473248505911" xml:lang="en-us">
  <title class="- topic/title ">Data cache coherency</title>
  
  <shortdesc class="- topic/shortdesc ">To maintain data coherency between multiple cores, the <ph class="- topic/ph "><keyword class="- topic/keyword "><tm class="- topic/tm " tmtype="reg">Cortex</tm></keyword><keyword class="- topic/keyword ">‑A76</keyword></ph> core uses the MESI protocol.</shortdesc>
  <prolog class="- topic/prolog ">
    <permissions class="- topic/permissions " view="nonconfidential"/>
    
    
  </prolog>
  <refbody class="- topic/body        reference/refbody "> </refbody>
</reference>