<?xml version="1.0" encoding="UTF-8"?>
<!DOCTYPE reference
  PUBLIC "-//OASIS//DTD DITA Reference//EN" "reference.dtd">
<reference xmlns:ditaarch="http://dita.oasis-open.org/architecture/2005/" class="- topic/topic       reference/reference " ditaarch:DITAArchVersion="1.2" id="fxv1495216846253" xml:lang="en-us">
  <title class="- topic/title ">Encoding for the L2 unified cache</title>
  <titlealts class="- topic/titlealts "><navtitle class="- topic/navtitle ">Encoding for the L2 unified cache</navtitle></titlealts>
  
  <shortdesc class="- topic/shortdesc ">The following tables show the encoding required to select a given cache
    line.</shortdesc>
  <prolog class="- topic/prolog ">
    <permissions class="- topic/permissions " view="nonconfidential"/>
   
  
  </prolog>
  <refbody class="- topic/body        reference/refbody ">
    <section class="- topic/section ">
      <table class="- topic/table " colsep="0" frame="topbot" rowsep="0">
        <title class="- topic/title ">L2 tag location encoding</title>
        <tgroup class="- topic/tgroup " cols="2" colsep="0" rowsep="0">
          <colspec class="- topic/colspec " colname="col1" colnum="1" colsep="0" colwidth="80pt"/>
          <colspec class="- topic/colspec " colname="col2" colnum="2" colsep="0" colwidth="180pt"/>
          <thead class="- topic/thead ">
            <row class="- topic/row " rowsep="1">
              <entry class="- topic/entry " colname="col1">Bit fields of Rd</entry>
              <entry class="- topic/entry " colname="col2">Description</entry>
            </row>
          </thead>
          <tbody class="- topic/tbody ">
            <row class="- topic/row " rowsep="1">
              <entry class="- topic/entry " colname="col1">[31:24]</entry>
              <entry class="- topic/entry " colname="col2">RAMID = <ph class="- topic/ph " otherprops="g.number.hex">10</ph></entry>
            </row>
            <row class="- topic/row " rowsep="1">
              <entry class="- topic/entry " colname="col1">[23:21]</entry>
              <entry class="- topic/entry " colname="col2">Reserved</entry>
            </row>
            <row class="- topic/row " rowsep="1">
              <entry class="- topic/entry " colname="col1">[20:18]</entry>
              <entry class="- topic/entry " colname="col2">Way (0-&gt;7)</entry>
            </row>
            <row class="- topic/row " rowsep="1">
              <entry class="- topic/entry " colname="col1">[17:16]</entry>
              <entry class="- topic/entry " colname="col2">Reserved</entry>
            </row>
            <row class="- topic/row " rowsep="0">
              <entry class="- topic/entry " colname="col1">[15:6]</entry>
              <entry class="- topic/entry " colname="col2">Index[15:6]</entry>
            </row>
            <row class="- topic/row ">
              <entry class="- topic/entry " colname="col1">[5:0]</entry>
              <entry class="- topic/entry " colname="col2">Reserved</entry>
            </row>
          </tbody>
        </tgroup>
      </table>
      
      <table class="- topic/table " colsep="0" frame="topbot" rowsep="0">
        <title class="- topic/title ">L2 data location encoding</title>
        <tgroup class="- topic/tgroup " cols="2" colsep="0" rowsep="0">
          <colspec class="- topic/colspec " colname="col1" colnum="1" colsep="0" colwidth="80pt"/>
          <colspec class="- topic/colspec " colname="col2" colnum="2" colsep="0" colwidth="180pt"/>
          <thead class="- topic/thead ">
            <row class="- topic/row " rowsep="1">
              <entry class="- topic/entry " colname="col1">Bit fields of Rd</entry>
              <entry class="- topic/entry " colname="col2">Description</entry>
            </row>
          </thead>
          <tbody class="- topic/tbody ">
            <row class="- topic/row " rowsep="1">
              <entry class="- topic/entry " colname="col1">[31:24]</entry>
              <entry class="- topic/entry " colname="col2">RAMID = <ph class="- topic/ph " otherprops="g.number.hex">11</ph></entry>
            </row>
            <row class="- topic/row " rowsep="1">
              <entry class="- topic/entry " colname="col1">[23:21]</entry>
              <entry class="- topic/entry " colname="col2">Reserved</entry>
            </row>
            <row class="- topic/row " rowsep="1">
              <entry class="- topic/entry " colname="col1">[20:18]</entry>
              <entry class="- topic/entry " colname="col2">Way (0-&gt;7)</entry>
            </row>
            <row class="- topic/row " rowsep="1">
              <entry class="- topic/entry " colname="col1">[17:16]</entry>
              <entry class="- topic/entry " colname="col2">Reserved</entry>
            </row>
            <row class="- topic/row " rowsep="0">
              <entry class="- topic/entry " colname="col1">[15:4]</entry>
              <entry class="- topic/entry " colname="col2">Index[15:4]</entry>
            </row>
            <row class="- topic/row ">
              <entry class="- topic/entry " colname="col1">[3:0]</entry>
              <entry class="- topic/entry " colname="col2">Reserved</entry>
            </row>
          </tbody>
        </tgroup>
      </table>
      
      <table class="- topic/table " colsep="0" frame="topbot" rowsep="0">
        <title class="- topic/title ">L2 victim location encoding</title>
        <tgroup class="- topic/tgroup " cols="2" colsep="0" rowsep="0">
          <colspec class="- topic/colspec " colname="col1" colnum="1" colsep="0" colwidth="80pt"/>
          <colspec class="- topic/colspec " colname="col2" colnum="2" colsep="0" colwidth="180pt"/>
          <thead class="- topic/thead ">
            <row class="- topic/row " rowsep="1">
              <entry class="- topic/entry " colname="col1">Bit fields of Rd</entry>
              <entry class="- topic/entry " colname="col2">Description</entry>
            </row>
          </thead>
          <tbody class="- topic/tbody ">
            <row class="- topic/row " rowsep="1">
              <entry class="- topic/entry " colname="col1">[31:24]</entry>
              <entry class="- topic/entry " colname="col2">RAMID = <ph class="- topic/ph " otherprops="g.number.hex">12</ph></entry>
            </row>
            <row class="- topic/row " rowsep="1">
              <entry class="- topic/entry " colname="col1">[23:16]</entry>
              <entry class="- topic/entry " colname="col2">Reserved</entry>
            </row>
            <row class="- topic/row " rowsep="0">
              <entry class="- topic/entry " colname="col1">[15:6]</entry>
              <entry class="- topic/entry " colname="col2">Index[15:6]</entry>
            </row>
            <row class="- topic/row ">
              <entry class="- topic/entry " colname="col1">[5:0]</entry>
              <entry class="- topic/entry " colname="col2">Reserved</entry>
            </row>
          </tbody>
        </tgroup>
      </table>  
      
      <p class="- topic/p ">The following table shows the data that is returned from accessing the L2
        tag RAM when L2 is configured with a 128KB cache size.</p>
      
      
      <table class="- topic/table ">
        <title class="- topic/title ">L2 tag format with a 128KB L2 cache size</title>
        <tgroup class="- topic/tgroup " cols="3">
          <colspec class="- topic/colspec " colname="col1" colnum="1" colwidth="1.02*"/>
          <colspec class="- topic/colspec " colname="col2" colnum="2" colwidth="1*"/>
          <colspec class="- topic/colspec " colname="col3" colnum="3" colwidth="1*"/>
          <thead class="- topic/thead ">
            <row class="- topic/row ">
              <entry class="- topic/entry " colname="col1">Register</entry>
              <entry class="- topic/entry " colname="col2">Bit field</entry>
              <entry class="- topic/entry " colname="col3">Description</entry>
            </row>
          </thead>
          <tbody class="- topic/tbody ">
            <row class="- topic/row ">
              <entry class="- topic/entry " colname="col1" morerows="9">Data Register 0</entry>
              <entry class="- topic/entry " colname="col2">
                <p class="- topic/p ">[63:45]</p>
              </entry>
              <entry class="- topic/entry " colname="col3">0</entry>
            </row>
            <row class="- topic/row ">
              <entry class="- topic/entry " colname="col2">[44:38]</entry>
              <entry class="- topic/entry " colname="col3">ECC [6:0] if configured with ECC for a 128KB L2 cache size,
                otherwise 0</entry>
            </row>
            <row class="- topic/row ">
              <entry class="- topic/entry " colname="col2">
                <p class="- topic/p ">[37:12]</p>
              </entry>
              <entry class="- topic/entry " colname="col3">
                <p class="- topic/p ">Physical address [39:14]</p>
              </entry>
            </row>
            <row class="- topic/row ">
              <entry class="- topic/entry " colname="col2">[11]</entry>
              <entry class="- topic/entry " colname="col3">Non-secure identifier for the physical address</entry>
            </row>
            <row class="- topic/row ">
              <entry class="- topic/entry " colname="col2">[10:9]</entry>
              <entry class="- topic/entry " colname="col3">Virtual index [13:12]</entry>
            </row>
            <row class="- topic/row ">
              <entry class="- topic/entry " colname="col2">[8:6]</entry>
              <entry class="- topic/entry " colname="col3">Reserved</entry>
            </row>
            <row class="- topic/row ">
              <entry class="- topic/entry " colname="col2">[5]</entry>
              <entry class="- topic/entry " colname="col3">Shareable</entry>
            </row>
            <row class="- topic/row ">
              <entry class="- topic/entry " colname="col2">[4]</entry>
              <entry class="- topic/entry " colname="col3">Outer allocation hint</entry>
            </row>
            <row class="- topic/row ">
              <entry class="- topic/entry " colname="col2">[3]</entry>
              <entry class="- topic/entry " colname="col3">L1 data cache valid</entry>
            </row>
            <row class="- topic/row ">
              <entry class="- topic/entry " colname="col2">[2:0]</entry>
              <entry class="- topic/entry " colname="col3"><p class="- topic/p ">L2 State</p>
                <dl class="- topic/dl " compact="yes">
                  <dlentry class="- topic/dlentry ">
                    <dt class="- topic/dt ">101</dt>
                    <dd class="- topic/dd ">Modified</dd>
                  </dlentry>
                  <dlentry class="- topic/dlentry ">
                    <dt class="- topic/dt ">001</dt>
                    <dd class="- topic/dd ">Exclusive</dd>
                  </dlentry>
                  <dlentry class="- topic/dlentry ">
                    <dt class="- topic/dt ">x11</dt>
                    <dd class="- topic/dd ">Shared</dd>
                  </dlentry>
                  <dlentry class="- topic/dlentry ">
                    <dt class="- topic/dt ">xx0</dt>
                    <dd class="- topic/dd ">Invalid</dd>
                  </dlentry>
                </dl>
              </entry>
            </row>
            <row class="- topic/row ">
              <entry class="- topic/entry " colname="col1">Data Register 1</entry>
              <entry class="- topic/entry " colname="col2">[63:0]</entry>
              <entry class="- topic/entry " colname="col3">0</entry>
            </row>
            <row class="- topic/row ">
              <entry class="- topic/entry " colname="col1">Data Register 2</entry>
              <entry class="- topic/entry " colname="col2">[63:0]</entry>
              <entry class="- topic/entry " colname="col3">0</entry>
            </row>
          </tbody>
        </tgroup>
      </table>
                
     <p class="- topic/p ">The following table shows the data that is returned from accessing the L2
        tag RAM when L2 is configured with a 256KB cache size.</p>
      
     
      <table class="- topic/table ">
        <title class="- topic/title ">L2 tag format with a 256KB L2 cache size</title>
        <tgroup class="- topic/tgroup " cols="3">
          <colspec class="- topic/colspec " colname="col1" colnum="1" colwidth="1.02*"/>
          <colspec class="- topic/colspec " colname="col2" colnum="2" colwidth="1*"/>
          <colspec class="- topic/colspec " colname="col3" colnum="3" colwidth="1*"/>
          <thead class="- topic/thead ">
            <row class="- topic/row ">
              <entry class="- topic/entry " colname="col1" morerows="1">Register</entry>
              <entry align="center" class="- topic/entry " colname="col2" nameend="col3" namest="col2">Bit field</entry>
              <entry class="- topic/entry " colname="col4" morerows="1">Description</entry>
            </row>
            <row class="- topic/row ">
              <entry class="- topic/entry " colname="col1">CORE_PBHA=FALSE</entry>
              <entry class="- topic/entry " colname="col2">CORE_PBHA=TRUE</entry>
            </row>
          </thead>
          <tbody class="- topic/tbody ">
            <row class="- topic/row ">
              <entry class="- topic/entry " colname="col1" morerows="11">Data Register 0</entry>
              <entry class="- topic/entry " colname="col2">[63:46] </entry>
              <entry class="- topic/entry " colname="col3">[63:46] </entry>
              <entry class="- topic/entry " colname="col4">0</entry>
            </row>
            
            <row class="- topic/row ">
              
              <entry class="- topic/entry " colname="col2">[45:44]</entry>
              <entry class="- topic/entry " colname="col3">-</entry>
              <entry class="- topic/entry " colname="col4">0</entry>
            </row>
            
            <row class="- topic/row ">
              <entry class="- topic/entry " colname="col2">[43:37]</entry>
              <entry class="- topic/entry " colname="col3">[45:39]</entry>
              <entry class="- topic/entry " colname="col4">ECC [6:0] if configured with ECC for a 256KB L2 cache size, otherwise 0</entry>
            </row>
            
            <row class="- topic/row ">
              
              <entry class="- topic/entry " colname="col2">-</entry>
              <entry class="- topic/entry " colname="col3">[38:37]</entry>
              <entry class="- topic/entry " colname="col4"><dl class="- topic/dl ">
                <dlentry class="- topic/dlentry ">
                  <dt class="- topic/dt ">CORE_PBHA=TRUE:</dt>
                  <dd class="- topic/dd ">PBHA[1:0]</dd>
                </dlentry>
                <dlentry class="- topic/dlentry ">
                  <dt class="- topic/dt ">CORE_PBHA=FALSE:</dt>
                  <dd class="- topic/dd ">0</dd>
                </dlentry>
              </dl></entry>
            </row>
            
            <row class="- topic/row ">
              <entry class="- topic/entry " colname="col2">[36:12] </entry>
              <entry class="- topic/entry " colname="col3">
                [36:12]
              </entry>
              <entry class="- topic/entry " colname="col4">
                <p class="- topic/p ">Physical address [39:15]</p>
              </entry>
            </row>
            <row class="- topic/row ">
              <entry class="- topic/entry " colname="col2">[11]</entry>
              <entry class="- topic/entry " colname="col3">[11]</entry>
              <entry class="- topic/entry " colname="col4">Non-secure identifier for the physical address</entry>
            </row>
            <row class="- topic/row ">
              <entry class="- topic/entry " colname="col2">[10:9]</entry>
              <entry class="- topic/entry " colname="col3">[10:9]</entry>
              <entry class="- topic/entry " colname="col4">Virtual index [13:12]</entry>
            </row>
            <row class="- topic/row ">
              <entry class="- topic/entry " colname="col2">[8:6]</entry>
              <entry class="- topic/entry " colname="col3">[8:6]</entry>
              <entry class="- topic/entry " colname="col4">Reserved</entry>
            </row>
            <row class="- topic/row ">
              <entry class="- topic/entry " colname="col2">[5]</entry>
              <entry class="- topic/entry " colname="col3">[5]</entry>
              <entry class="- topic/entry " colname="col4">Shareable</entry>
            </row>
            <row class="- topic/row ">
              <entry class="- topic/entry " colname="col2">[4]</entry>
              <entry class="- topic/entry " colname="col3">[4]</entry>
              <entry class="- topic/entry " colname="col4">Outer allocation hint</entry>
            </row>
            <row class="- topic/row ">
              <entry class="- topic/entry " colname="col2">[3]</entry>
              <entry class="- topic/entry " colname="col3">[3]</entry>
              <entry class="- topic/entry " colname="col4">L1 data cache valid</entry>
            </row>
            <row class="- topic/row ">
              <entry class="- topic/entry " colname="col2">[2:0]</entry>
              <entry class="- topic/entry " colname="col3">[2:0]</entry>
              <entry class="- topic/entry " colname="col4">
                <p class="- topic/p ">L2 State</p>
                <dl class="- topic/dl " compact="yes">
                  <dlentry class="- topic/dlentry ">
                    <dt class="- topic/dt ">101</dt>
                    <dd class="- topic/dd ">Modified</dd>
                  </dlentry>
                  <dlentry class="- topic/dlentry ">
                    <dt class="- topic/dt ">001</dt>
                    <dd class="- topic/dd ">Exclusive</dd>
                  </dlentry>
                  <dlentry class="- topic/dlentry ">
                    <dt class="- topic/dt ">x11</dt>
                    <dd class="- topic/dd ">Shared</dd>
                  </dlentry>
                  <dlentry class="- topic/dlentry ">
                    <dt class="- topic/dt ">xx0</dt>
                    <dd class="- topic/dd ">Invalid</dd>
                  </dlentry>
                </dl>
              </entry>
            </row>
            <row class="- topic/row ">
              <entry class="- topic/entry " colname="col1">Data Register 1</entry>
              <entry class="- topic/entry " colname="col2">[63:0]</entry>
              <entry class="- topic/entry " colname="col3">[63:0]</entry>
              <entry class="- topic/entry " colname="col4">0</entry>
            </row>
            <row class="- topic/row ">
              <entry class="- topic/entry " colname="col1">Data Register 2</entry>
              <entry class="- topic/entry " colname="col2">[63:0]</entry>
              <entry class="- topic/entry " colname="col3">[63:0]</entry>
              <entry class="- topic/entry " colname="col4">0</entry>
            </row>
          </tbody>
        </tgroup>
      </table>   
      
      
          
      
      
           



      <p class="- topic/p ">The following table shows the data that is returned from accessing the L2
        tag RAM when L2 is configured with a 512KB cache size.</p>
      
      
      <table class="- topic/table ">
        <title class="- topic/title ">L2 tag format with a 512KB L2 cache size</title>
        <tgroup class="- topic/tgroup " cols="3">
          <colspec class="- topic/colspec " colname="col1" colnum="1" colwidth="1.02*"/>
          <colspec class="- topic/colspec " colname="col2" colnum="2" colwidth="1*"/>
          <colspec class="- topic/colspec " colname="col3" colnum="3" colwidth="1*"/>
          <thead class="- topic/thead ">
            <row class="- topic/row ">
              <entry class="- topic/entry " colname="col1">Register</entry>
              <entry class="- topic/entry " colname="col2">Bit field</entry>
              <entry class="- topic/entry " colname="col3">Description</entry>
            </row>
          </thead>
          <tbody class="- topic/tbody ">
            <row class="- topic/row ">
              <entry class="- topic/entry " colname="col1" morerows="9">Data Register 0</entry>
              <entry class="- topic/entry " colname="col2">
                <p class="- topic/p ">[63:43]</p>
              </entry>
              <entry class="- topic/entry " colname="col3">0</entry>
            </row>
            <row class="- topic/row ">
              <entry class="- topic/entry " colname="col2">[42:36]</entry>
              <entry class="- topic/entry " colname="col3">ECC [6:0] if configured with ECC for a 512KB L2 cache size, otherwise 0</entry>
            </row>
            <row class="- topic/row ">
              <entry class="- topic/entry " colname="col2">
                <p class="- topic/p ">[35:12]</p>
              </entry>
              <entry class="- topic/entry " colname="col3">
                <p class="- topic/p ">Physical address [39:16]</p>
              </entry>
            </row>
            <row class="- topic/row ">
              <entry class="- topic/entry " colname="col2">[11]</entry>
              <entry class="- topic/entry " colname="col3">Non-secure identifier for the physical address</entry>
            </row>
            <row class="- topic/row ">
              <entry class="- topic/entry " colname="col2">[10:9]</entry>
              <entry class="- topic/entry " colname="col3">Virtual index [13:12]</entry>
            </row>
            <row class="- topic/row ">
              <entry class="- topic/entry " colname="col2">[8:6]</entry>
              <entry class="- topic/entry " colname="col3">Reserved</entry>
            </row>
            <row class="- topic/row ">
              <entry class="- topic/entry " colname="col2">[5]</entry>
              <entry class="- topic/entry " colname="col3">Shareable</entry>
            </row>
            <row class="- topic/row ">
              <entry class="- topic/entry " colname="col2">[4]</entry>
              <entry class="- topic/entry " colname="col3">Outer allocation hint</entry>
            </row>
            <row class="- topic/row ">
              <entry class="- topic/entry " colname="col2">[3]</entry>
              <entry class="- topic/entry " colname="col3">L1 data cache valid</entry>
            </row>
            <row class="- topic/row ">
              <entry class="- topic/entry " colname="col2">[2:0]</entry>
              <entry class="- topic/entry " colname="col3">
                <p class="- topic/p ">L2 State</p>
                <dl class="- topic/dl " compact="yes">
                  <dlentry class="- topic/dlentry ">
                    <dt class="- topic/dt ">101</dt>
                    <dd class="- topic/dd ">Modified</dd>
                  </dlentry>
                  <dlentry class="- topic/dlentry ">
                    <dt class="- topic/dt ">001</dt>
                    <dd class="- topic/dd ">Exclusive</dd>
                  </dlentry>
                  <dlentry class="- topic/dlentry ">
                    <dt class="- topic/dt ">x11</dt>
                    <dd class="- topic/dd ">Shared</dd>
                  </dlentry>
                  <dlentry class="- topic/dlentry ">
                    <dt class="- topic/dt ">xx0</dt>
                    <dd class="- topic/dd ">Invalid</dd>
                  </dlentry>
                </dl>
              </entry>
            </row>
            <row class="- topic/row ">
              <entry class="- topic/entry " colname="col1">Data Register 1</entry>
              <entry class="- topic/entry " colname="col2">[63:0]</entry>
              <entry class="- topic/entry " colname="col3">0</entry>
            </row>
            <row class="- topic/row ">
              <entry class="- topic/entry " colname="col1">Data Register 2</entry>
              <entry class="- topic/entry " colname="col2">[63:0]</entry>
              <entry class="- topic/entry " colname="col3">0</entry>
            </row>
          </tbody>
        </tgroup>
      </table>    
      
       

         


      <p class="- topic/p ">The following table shows the data that is returned from accessing the L2
        data RAM.</p>
      <table class="- topic/table " frame="all">
        <title class="- topic/title ">L2 data format</title>
        <tgroup class="- topic/tgroup " cols="3">
          <colspec class="- topic/colspec " colname="col1" colnum="1" colwidth="1.02*"/>
          <colspec class="- topic/colspec " colname="col2" colnum="2" colwidth="1*"/>
          <colspec class="- topic/colspec " colname="col3" colnum="3" colwidth="1*"/>
          <thead class="- topic/thead ">
            <row class="- topic/row ">
              <entry class="- topic/entry " colname="col1">Register</entry>
              <entry class="- topic/entry " colname="col2">Bit field</entry>
              <entry class="- topic/entry " colname="col3">Description</entry>
            </row>
          </thead>
          <tbody class="- topic/tbody ">
            <row class="- topic/row ">
              <entry class="- topic/entry " colname="col1">Data Register 0</entry>
              <entry class="- topic/entry " colname="col2">[63:0]</entry>
              <entry class="- topic/entry " colname="col3">Data [63:0] </entry>
            </row>
            <row class="- topic/row ">
              <entry class="- topic/entry " colname="col1">Data Register 1</entry>
              <entry class="- topic/entry " colname="col2">[63:0]</entry>
              <entry class="- topic/entry " colname="col3">Data [127:64]</entry>
            </row>
            <row class="- topic/row ">
              <entry class="- topic/entry " colname="col1" morerows="2">Data Register 2</entry>
              <entry class="- topic/entry " colname="col2">[63:16]</entry>
              <entry class="- topic/entry " colname="col3">0</entry>
            </row>
            <row class="- topic/row ">           
              <entry class="- topic/entry " colname="col2">[15:8]</entry>
              <entry class="- topic/entry " colname="col3">ECC for Data [127:64] if configured with ECC</entry>
            </row>
            <row class="- topic/row ">
              <entry class="- topic/entry " colname="col2">[7:0]</entry>
              <entry class="- topic/entry " colname="col3">ECC for Data [63:0] if configured with ECC</entry>
            </row>
          </tbody>
        </tgroup>
      </table>
      
      <p class="- topic/p ">The following table shows the data that is returned from accessing the L2
        victim RAM.</p>
      <table class="- topic/table " frame="all">
        <title class="- topic/title ">L2 victim format</title>
        <tgroup class="- topic/tgroup " cols="3">
          <colspec class="- topic/colspec " colname="col1" colnum="1" colwidth="1.02*"/>
          <colspec class="- topic/colspec " colname="col2" colnum="2" colwidth="1*"/>
          <colspec class="- topic/colspec " colname="col3" colnum="3" colwidth="1*"/>
          <thead class="- topic/thead ">
            <row class="- topic/row ">
              <entry class="- topic/entry " colname="col1">Register</entry>
              <entry class="- topic/entry " colname="col2">Bit field</entry>
              <entry class="- topic/entry " colname="col3">Description</entry>
            </row>
          </thead>
          <tbody class="- topic/tbody ">
            <row class="- topic/row ">
              <entry class="- topic/entry " colname="col1" morerows="1">Data Register 0</entry>
              <entry class="- topic/entry " colname="col2">[63:7]</entry>
              <entry class="- topic/entry " colname="col3">0</entry>
            </row>
            <row class="- topic/row ">
              <entry class="- topic/entry " colname="col2">[6:0]</entry>
              <entry class="- topic/entry " colname="col3">PLRU [6:0]</entry>
            </row>
            <row class="- topic/row ">
              <entry class="- topic/entry " colname="col1">Data Register 1</entry>
              <entry class="- topic/entry " colname="col2">[63:0]</entry>
              <entry class="- topic/entry " colname="col3">0</entry>
            </row>
            <row class="- topic/row ">
              <entry class="- topic/entry " colname="col1">Data Register 2</entry>
              <entry class="- topic/entry " colname="col2">[63:0]</entry>
              <entry class="- topic/entry " colname="col3">0</entry>
            </row>
          </tbody>
        </tgroup>
      </table>     
      
    </section>
  </refbody>
</reference>