<?xml version="1.0" encoding="UTF-8"?>
<!DOCTYPE reference
  PUBLIC "-//OASIS//DTD DITA Reference//EN" "reference.dtd">
<reference xmlns:ditaarch="http://dita.oasis-open.org/architecture/2005/" class="- topic/topic       reference/reference " ditaarch:DITAArchVersion="1.2" id="gdk1473951932274" xml:lang="en-us">
	
	
	<title class="- topic/title ">ERR0FR, Error Record Feature Register</title>
	
	<shortdesc class="- topic/shortdesc ">The ERR0FR defines which of the common architecturally defined features
		are implemented and, of the implemented features, which are software
		programmable.</shortdesc>
	<prolog class="- topic/prolog ">
		<permissions class="- topic/permissions " view="nonconfidential"/>
	</prolog>
	<refbody class="- topic/body        reference/refbody ">
		<section class="- topic/section ">
			<title class="- topic/title ">Bit field descriptions</title>
			<p class="- topic/p ">ERR0FR is a 64-bit register, and is part of the <term class="- topic/term ">Reliability, Availability, Serviceability</term> (RAS)
				registers functional group.</p>
			<p class="- topic/p ">The register is Read Only.</p>
			<fig class="- topic/fig ">
				<title class="- topic/title ">ERR0FR bit assignments</title>
				<image class="- topic/image " href="lau1464853420587.svg" placement="inline">
					<alt class="- topic/alt ">ERR0FR bit assignments</alt>
				</image>
			</fig>
			
			
			<dl class="- topic/dl ">
				<dlentry class="- topic/dlentry ">
					<dt class="- topic/dt ">[63:20]</dt>
					<dd class="- topic/dd ">
						<dl class="- topic/dl ">
							<dlentry class="- topic/dlentry ">
								<dt class="- topic/dt "><term class="- topic/term " outputclass="archterm">RES0</term></dt>
								<dd class="- topic/dd ">Reserved.</dd>
							</dlentry>
						</dl>
					</dd>
				</dlentry>
				
				<dlentry class="- topic/dlentry ">
					<dt class="- topic/dt ">CEO, [19:18]</dt>
					<dd class="- topic/dd ">
						<p class="- topic/p ">Corrected Error Overwrite. The value is: </p>
						<dl class="- topic/dl " compact="yes" outputclass="termwidthpc8">
							<dlentry class="- topic/dlentry ">
								<dt class="- topic/dt "><ph class="- topic/ph " otherprops="g.number.any">00</ph></dt>
								<dd class="- topic/dd ">
									<p class="- topic/p ">Counts CE if a counter is implemented and keeps the previous error status. If the counter overflows, ERR0STATUS.OF is set to 1.</p>
								</dd>
							</dlentry>
						</dl>
					</dd>
				</dlentry>
				<dlentry class="- topic/dlentry ">
					<dt class="- topic/dt ">DUI, [17:16]</dt>
					<dd class="- topic/dd ">
						<p class="- topic/p ">Error recovery interrupt for deferred errors. The value
							is: </p>
						<dl class="- topic/dl " compact="yes" outputclass="termwidthpc8">
							<dlentry class="- topic/dlentry ">
								<dt class="- topic/dt "><ph class="- topic/ph " otherprops="g.number.any">00</ph></dt>
								<dd class="- topic/dd ">
									<p class="- topic/p ">The core does not support this feature.</p>
								</dd>
							</dlentry>
						</dl>
					</dd>
				</dlentry>
				<dlentry class="- topic/dlentry ">
					<dt class="- topic/dt ">RP, [15]</dt>
					<dd class="- topic/dd ">
						<p class="- topic/p ">Repeat counter. The value is: </p>
						<dl class="- topic/dl " compact="yes" outputclass="termwidthpc8">
							<dlentry class="- topic/dlentry ">
								<dt class="- topic/dt "><codeph class="+ topic/ph pr-d/codeph " otherprops="g.number.any">1</codeph></dt>
								<dd class="- topic/dd ">
									<p class="- topic/p ">A first repeat counter and a second other
										counter are implemented. The repeat counter is the same size
										as the primary error counter.</p>
								</dd>
							</dlentry>
						</dl>
					</dd>
				</dlentry>
				<dlentry class="- topic/dlentry ">
					<dt class="- topic/dt ">CEC, [14:12]</dt>
					<dd class="- topic/dd ">Corrected Error Counter. The value is: <dl class="- topic/dl " compact="yes" outputclass="termwidthpc8">
							<dlentry class="- topic/dlentry ">
								<dt class="- topic/dt "><ph class="- topic/ph " otherprops="g.number.any">010</ph></dt>
								<dd class="- topic/dd ">The node implements an 8-bit standard CE
									counter in ERR0MISC0[39:32].</dd>
							</dlentry>
						</dl></dd>
				</dlentry>
				<dlentry class="- topic/dlentry ">
					<dt class="- topic/dt ">CFI, [11:10]</dt>
					<dd class="- topic/dd ">Fault handling interrupt for corrected errors. The value
						is: <dl class="- topic/dl " compact="yes" outputclass="termwidthpc8">
							<dlentry class="- topic/dlentry ">
								<dt class="- topic/dt "><ph class="- topic/ph " otherprops="g.number.any">10</ph></dt>
								<dd class="- topic/dd ">The node implements a control for enabling
									fault handling interrupts on corrected errors.</dd>
							</dlentry>
						</dl></dd>
				</dlentry>
				<dlentry class="- topic/dlentry ">
					<dt class="- topic/dt ">UE, [9:8]</dt>
					<dd class="- topic/dd ">In-band uncorrected error reporting. The value is: <dl class="- topic/dl " compact="yes" outputclass="termwidthpc8">
						<dlentry class="- topic/dlentry ">
							<dt class="- topic/dt "><ph class="- topic/ph " otherprops="g.number.any">01</ph></dt>
							<dd class="- topic/dd ">The node implements in-band uncorrected error
								reporting, that is external aborts.</dd>
						</dlentry>
					</dl></dd>
				</dlentry>
				<dlentry class="- topic/dlentry ">
					<dt class="- topic/dt ">FI, [7:6]</dt>
					<dd class="- topic/dd ">Fault handling interrupt. The value is: <dl class="- topic/dl " compact="yes" outputclass="termwidthpc8">
						<dlentry class="- topic/dlentry ">
							<dt class="- topic/dt "><ph class="- topic/ph " otherprops="g.number.any">10</ph></dt>
							<dd class="- topic/dd ">The node implements a fault handling interrupt
								and implements controls for enabling and disabling.</dd>
						</dlentry>
					</dl></dd>
				</dlentry>
				<dlentry class="- topic/dlentry ">
					<dt class="- topic/dt ">UI, [5:4]</dt>
					<dd class="- topic/dd ">Error recovery interrupt for uncorrected errors. The value is: <dl class="- topic/dl " compact="yes" outputclass="termwidthpc8">
						<dlentry class="- topic/dlentry ">
							<dt class="- topic/dt "><ph class="- topic/ph " otherprops="g.number.any">10</ph></dt>
							<dd class="- topic/dd ">The node implements an error recovery interrupt and implements controls for enabling and disabling. </dd>
						</dlentry>
						</dl></dd>
				</dlentry>
				
				<dlentry class="- topic/dlentry ">
					<dt class="- topic/dt ">[3:2]</dt>
					<dd class="- topic/dd ">
						<dl class="- topic/dl ">
							<dlentry class="- topic/dlentry ">
								<dt class="- topic/dt "><term class="- topic/term " outputclass="archterm">RES0</term></dt>
								<dd class="- topic/dd ">Reserved.</dd>
							</dlentry>
						</dl>
					</dd>
				</dlentry>
				
				
				<dlentry class="- topic/dlentry ">
					<dt class="- topic/dt ">ED, [1:0]</dt>
					<dd class="- topic/dd ">Error detection and correction. The value is: <dl class="- topic/dl " compact="yes" outputclass="termwidthpc8">
						<dlentry class="- topic/dlentry ">
							<dt class="- topic/dt "><ph class="- topic/ph " otherprops="g.number.any">10</ph></dt>
							<dd class="- topic/dd ">The node implements controls for enabling or disabling error detection and correction.</dd>
						</dlentry>
						</dl></dd>
				</dlentry>
				
			</dl>
			<dl class="- topic/dl ">
				<dlentry class="- topic/dlentry ">
					<dt class="- topic/dt ">Configurations</dt>
					<dd class="- topic/dd ">ERR0FR resets to <ph class="- topic/ph " otherprops="g.number.hex">000000000000A9A2</ph></dd>
					
					
					
					
					
					<dd class="- topic/dd ">ERR0FR is accessible from the following registers when ERRSELR.SEL==0: <p class="- topic/p "><xref class="- topic/xref " href="lau1456920298397.xml" keyref="ErxfrEl1SelectedErrorRecordFeatureRegisterEl1" type="reference">ERXFR_EL1, Selected Error Record Feature Register, EL1<desc class="- topic/desc ">Register ERXFR_EL1 accesses the ERR&lt;n&gt;FR feature register for the 		error record selected by ERRSELR_EL1.SEL.</desc></xref>.</p></dd>
				</dlentry>
			</dl>
		</section>
	</refbody>
</reference>