<?xml version="1.0" encoding="UTF-8"?>
<!DOCTYPE concept
  PUBLIC "-//OASIS//DTD DITA Concept//EN" "concept.dtd">
<concept xmlns:ditaarch="http://dita.oasis-open.org/architecture/2005/" class="- topic/topic concept/concept " ditaarch:DITAArchVersion="1.2" id="geo1444398940287" xml:lang="en-us">
    
    <title class="- topic/title ">About system control</title>
    <shortdesc class="- topic/shortdesc ">The system registers control and provide status information for the
        functions that the core implements.</shortdesc>
    <prolog class="- topic/prolog ">
        <permissions class="- topic/permissions " view="nonconfidential"/>
        </prolog>
    <conbody class="- topic/body  concept/conbody ">
        <p class="- topic/p ">The main functions of the system registers are:</p>
        <ul class="- topic/ul ">
            <li class="- topic/li ">Overall system control and configuration.</li>
            <li class="- topic/li ">MMU configuration and management.</li>
            <li class="- topic/li ">Cache configuration and management.</li>
            <li class="- topic/li ">System performance monitoring.</li>
            <li class="- topic/li ">GIC configuration and management.</li>
        </ul>
        
        
        
        
        <p class="- topic/p ">The system registers are accessible in the AArch64 EL0-EL3 and AArch32 EL0 Execution state. Some of the system registers are accessible through the external debug interface.</p>
        
    </conbody>
</concept>