<?xml version="1.0" encoding="UTF-8"?>
<!DOCTYPE concept
  PUBLIC "-//OASIS//DTD DITA Concept//EN" "concept.dtd">
<concept xmlns:ditaarch="http://dita.oasis-open.org/architecture/2005/" class="- topic/topic concept/concept " ditaarch:DITAArchVersion="1.2" id="geo1442308256055" xml:lang="en-us">
  <title class="- topic/title ">Test features</title>
  <shortdesc class="- topic/shortdesc ">The <ph class="- topic/ph "><keyword class="- topic/keyword "><tm class="- topic/tm " tmtype="reg">Cortex</tm></keyword><keyword class="- topic/keyword ">‑A76</keyword></ph>
    core provides test signals that enable the use of both <term class="- topic/term ">Automatic Test
      Pattern Generation</term> (ATPG) and <term class="- topic/term ">Memory Built-In Self Test</term>
    (MBIST) to test the core logic and memory arrays.</shortdesc>
  <prolog class="- topic/prolog ">
    <permissions class="- topic/permissions " view="nonconfidential"/>
    </prolog>
  <conbody class="- topic/body  concept/conbody ">
    
      
    
  </conbody>
</concept>