<?xml version="1.0" encoding="UTF-8"?>
<!DOCTYPE concept
  PUBLIC "-//OASIS//DTD DITA Concept//EN" "concept.dtd">
<concept xmlns:ditaarch="http://dita.oasis-open.org/architecture/2005/" class="- topic/topic concept/concept " ditaarch:DITAArchVersion="1.2" id="hcr1477567793551" xml:lang="en-us">
	<title class="- topic/title ">Instruction fetch</title>
	<shortdesc class="- topic/shortdesc ">The instruction fetch unit fetches instructions from the L1 instruction
		cache and delivers the instruction stream to the instruction decode unit.</shortdesc>
	<prolog class="- topic/prolog ">
		<permissions class="- topic/permissions " view="nonconfidential"/>
	</prolog>
	<conbody class="- topic/body  concept/conbody ">
		<p class="- topic/p ">The instruction fetch unit includes:</p>
		<ul class="- topic/ul ">
			
			<li class="- topic/li ">A 64KB, 4-way, set associative L1 instruction cache with 64-byte cache lines and optional parity protection.</li>
			
			
			<li class="- topic/li ">A fully associative L1 instruction TLB with native support for 4KB, 16KB,
				64KB, 2MB, and 32MB page sizes.</li>
			
			
            
            
			<li class="- topic/li ">A dynamic branch predictor.</li>
			
		</ul>
	</conbody>
</concept>