<?xml version="1.0" encoding="UTF-8"?>
<!DOCTYPE reference
  PUBLIC "-//OASIS//DTD DITA Reference//EN" "reference.dtd">
<reference xmlns:ditaarch="http://dita.oasis-open.org/architecture/2005/" class="- topic/topic       reference/reference " ditaarch:DITAArchVersion="1.2" id="hfj1483524861838" xml:lang="en-us">
	<title class="- topic/title ">AArch64 AMU registers</title>
	<shortdesc class="- topic/shortdesc ">This chapter describes the AArch64 AMU registers and shows examples of how to use
		them.</shortdesc>
	<prolog class="- topic/prolog "><permissions class="- topic/permissions " view="nonconfidential"/></prolog>
	<refbody class="- topic/body        reference/refbody ">
		<section class="- topic/section ">
			<p class="- topic/p "/>
		</section>
	</refbody>
<related-links class="- topic/related-links "><linkpool class="- topic/linkpool " mapkeyref="kqb1476970875925"><linkpool class="- topic/linkpool "><link class="- topic/link " format="dita" href="bpu1483524952193.xml" role="child" scope="local" type="reference"><linktext class="- topic/linktext ">AArch64 AMU register summary</linktext><desc class="- topic/desc ">The following table gives a summary of the <ph class="- topic/ph "><keyword class="- topic/keyword "><tm class="- topic/tm " tmtype="reg">Cortex</tm></keyword><keyword class="- topic/keyword ">‑A76</keyword></ph> AMU registers in the 		AArch64 Execution state.</desc></link><link class="- topic/link " format="dita" href="yoh1483534950148.xml" role="child" scope="local" type="reference"><linktext class="- topic/linktext ">AMCNTENCLR_EL0, Activity Monitors Count Enable Clear Register, EL0</linktext><desc class="- topic/desc ">The AMCNTENCLR_EL0 disables the activity monitor counters implemented, AMEVCNTR0-4.</desc></link><link class="- topic/link " format="dita" href="lxh1483535755178.xml" role="child" scope="local" type="reference"><linktext class="- topic/linktext ">AMCNTENSET_EL0, Activity Monitors Count Enable Set Register, EL0</linktext><desc class="- topic/desc ">The AMCNTENSET_EL0 enables the activity monitor counters implemented, 		AMEVCNTRn (n is 0-4).</desc></link><link class="- topic/link " format="dita" href="cxj1483536984411.xml" role="child" scope="local" type="reference"><linktext class="- topic/linktext ">AMCFGR_EL0, Activity Monitors Configuration Register, EL0</linktext><desc class="- topic/desc ">The AMCFGR_EL0 provides information on the number of activity counters 		implemented and their size. </desc></link><link class="- topic/link " format="dita" href="orf1483602317618.xml" role="child" scope="local" type="reference"><linktext class="- topic/linktext ">AMUSERENR_EL0, Activity Monitor EL0 Enable access, EL0</linktext><desc class="- topic/desc ">The AMUSERENR_EL0 enables or disables EL0 access to the activity 		monitors. </desc></link><link class="- topic/link " format="dita" href="pak1483604323973.xml" role="child" scope="local" type="reference"><linktext class="- topic/linktext ">AMEVCNTRn_EL0, Activity Monitor Event Counter Register, EL0</linktext><desc class="- topic/desc ">The activity counters AMEVCNTRn_EL0 are directly accessible in the memory 		mapped-view. n is 0-4.</desc></link><link class="- topic/link " format="dita" href="xwa1483605345151.xml" role="child" scope="local" type="reference"><linktext class="- topic/linktext ">AMEVTYPERn_EL0, Activity Monitor Event Type Register, EL0</linktext><desc class="- topic/desc ">The activity counters AMEVTYPER_EL0n are directly accessible in the memory mapped view, where n is 0-4.</desc></link></linkpool></linkpool></related-links></reference>