<?xml version="1.0" encoding="UTF-8"?>
<!DOCTYPE reference
  PUBLIC "-//OASIS//DTD DITA Reference//EN" "reference.dtd">
<reference xmlns:ditaarch="http://dita.oasis-open.org/architecture/2005/" class="- topic/topic       reference/reference " ditaarch:DITAArchVersion="1.2" id="hia1473229271650" xml:lang="en-us">
	<title class="- topic/title ">PMSSSR, PMU Snapshot Status Register</title>
	<shortdesc class="- topic/shortdesc ">The PMSSSR holds status information about the captured counters.</shortdesc>
	<prolog class="- topic/prolog "><permissions class="- topic/permissions " view="nonconfidential"/></prolog>
	<refbody class="- topic/body        reference/refbody ">
		<section class="- topic/section ">
			<title class="- topic/title ">Bit field descriptions</title>
			<p class="- topic/p ">The PMSSSR is a 32-bit read-only register.</p>
			<fig class="- topic/fig ">
				<title class="- topic/title ">PMSSSR bit assignments</title>
				<image class="- topic/image " href="hng1473229788064.svg" placement="inline">
					<alt class="- topic/alt ">PMSSSR bit assignments</alt>
				</image>
			</fig>
			<dl class="- topic/dl ">
				<dlentry class="- topic/dlentry ">
					<dt class="- topic/dt ">RES0, [31:1]</dt>
					<dd class="- topic/dd ">Reserved, <term class="- topic/term " outputclass="archterm">RES0</term>. </dd>
				</dlentry>
				<dlentry class="- topic/dlentry ">
					<dt class="- topic/dt ">NC, [0]</dt>
					<dd class="- topic/dd ">
						<p class="- topic/p ">No capture. This bit indicates whether the PMU counters have been captured.
							The possible values are:</p>
						<dl class="- topic/dl " compact="yes" outputclass="termwidthpc12">
							<dlentry class="- topic/dlentry ">
								<dt class="- topic/dt ">0</dt>
								<dd class="- topic/dd ">PMU counters are captured.</dd>
							</dlentry>
							<dlentry class="- topic/dlentry ">
								<dt class="- topic/dt ">1</dt>
								<dd class="- topic/dd ">PMU counters are not captured.</dd>
							</dlentry>
						</dl>
						<p class="- topic/p ">If there is a security violation, the core does not capture the event
							counters. The external monitor is responsible for keeping track of
							whether it managed to capture the snapshot registers from the core.</p>
						<p class="- topic/p ">This bit does not reflect the status of the captured Program Counter
							Sample registers.</p>
						<p class="- topic/p ">The core resets this bit to 1 by a Warm reset but MPSSSR.NC is
							overwritten at the first capture.</p>
					</dd>
				</dlentry>
			</dl>
			<dl class="- topic/dl ">
				<dlentry class="- topic/dlentry ">
					<dt class="- topic/dt ">Configurations</dt>
					<dd class="- topic/dd ">There are no configuration notes.</dd>
				</dlentry>
			</dl>
		</section>
		<section class="- topic/section ">
			<title class="- topic/title ">Usage constraints</title>
			<p class="- topic/p ">Any access to PMSSSR returns an error if any of the following occurs:</p>
			<ul class="- topic/ul ">
				<li class="- topic/li ">The core power domain is off.</li>
				<li class="- topic/li ">DoubleLockStatus() == TRUE.</li>
			</ul>
		</section>
	</refbody>
</reference>