<?xml version="1.0" encoding="UTF-8"?>
<!DOCTYPE reference
  PUBLIC "-//OASIS//DTD DITA Reference//EN" "reference.dtd">
<reference xmlns:ditaarch="http://dita.oasis-open.org/architecture/2005/" class="- topic/topic       reference/reference " ditaarch:DITAArchVersion="1.2" id="joh1440667084709" xml:lang="en-us">
  <title class="- topic/title ">Instruction cache speculative memory accesses</title>
  <shortdesc class="- topic/shortdesc ">Instruction fetches are speculative, as there can be several unresolved
    branches in the pipeline. There is no execution guarantee. </shortdesc>
  <prolog class="- topic/prolog ">
    <permissions class="- topic/permissions " view="nonconfidential"/>
  </prolog>
  <refbody class="- topic/body        reference/refbody ">
    <section class="- topic/section ">
      <p class="- topic/p ">A branch instruction or exception in the code stream can cause a pipeline
        flush, discarding the currently fetched instructions. On instruction fetch accesses, pages
        with Device memory type attributes are treated as Non-Cacheable Normal Memory. </p>
      <p class="- topic/p ">Device memory pages must be marked with the translation table descriptor
        attribute bit <term class="- topic/term ">Execute Never</term> (XN). The device and code address
        spaces must be separated in the physical memory map. This separation prevents speculative
        fetches to read-sensitive devices when address translation is disabled. </p>
      <p class="- topic/p ">If the instruction cache is enabled, and if the instruction fetches miss in
        the L1 instruction cache, they can still look up in the L1 data caches. However, a new line
        is not allocated in the data cache unless the data cache is enabled.</p>
      
      <p class="- topic/p ">See the <cite class="- topic/cite "><ph class="- topic/ph ">
                            <keyword class="- topic/keyword "><tm class="- topic/tm " tmtype="reg">Arm</tm></keyword> Architecture Reference Manual <keyword class="- topic/keyword ">Arm</keyword>v8, for <keyword class="- topic/keyword ">Arm</keyword>v8-A architecture profile</ph></cite> for more
        information.</p>
    </section>
  </refbody>
</reference>