<?xml version="1.0" encoding="UTF-8"?>
<!DOCTYPE reference
  PUBLIC "-//OASIS//DTD DITA Reference//EN" "reference.dtd">
<reference xmlns:ditaarch="http://dita.oasis-open.org/architecture/2005/" class="- topic/topic       reference/reference " ditaarch:DITAArchVersion="1.2" id="joh1440673908507" xml:lang="en-us">
  <title class="- topic/title ">Memory-mapped PMU register summary</title>
  <shortdesc class="- topic/shortdesc ">There are PMU registers that are accessible through the external debug
    interface.</shortdesc>
  <prolog class="- topic/prolog ">
    <permissions class="- topic/permissions " view="nonconfidential"/>
  </prolog>
  <refbody class="- topic/body        reference/refbody ">
    <section class="- topic/section ">
      <p class="- topic/p ">These registers are listed in the following table. For those registers not
        described in this chapter, see the <cite class="- topic/cite "><ph class="- topic/ph ">
                            <keyword class="- topic/keyword "><tm class="- topic/tm " tmtype="reg">Arm</tm></keyword> Architecture Reference Manual <keyword class="- topic/keyword ">Arm</keyword>v8, for <keyword class="- topic/keyword ">Arm</keyword>v8-A architecture profile</ph></cite>.</p>
      <table class="- topic/table " colsep="0" frame="topbot" rowsep="0">
        <title class="- topic/title ">Memory-mapped PMU register summary</title>
        <tgroup class="- topic/tgroup " cols="4" colsep="0" rowsep="0">
          <colspec class="- topic/colspec " colname="col1" colnum="1" colsep="0" colwidth="1*"/>
          <colspec class="- topic/colspec " colname="col2" colnum="2" colsep="0" colwidth="2*"/>
          <colspec class="- topic/colspec " colname="col3" colnum="3" colsep="0" colwidth="1*"/>
          <colspec class="- topic/colspec " colname="col4" colnum="4" colsep="0" colwidth="2*"/>
          <thead class="- topic/thead ">
            <row class="- topic/row " rowsep="1">
              <entry class="- topic/entry " colname="col1">Offset</entry>
              <entry class="- topic/entry " colname="col2">Name</entry>
              <entry class="- topic/entry " colname="col3">Type</entry>
              <entry class="- topic/entry " colname="col4">Description</entry>
            </row>
          </thead>
          <tbody class="- topic/tbody ">
            <row class="- topic/row " rowsep="1">
              <entry class="- topic/entry " colname="col1"><codeph class="+ topic/ph pr-d/codeph "><ph class="- topic/ph " otherprops="g.number.hex">000</ph></codeph></entry>
              <entry class="- topic/entry " colname="col2">PMEVCNTR0_EL0</entry>
              <entry class="- topic/entry " colname="col3">RW</entry>
              <entry class="- topic/entry " colname="col4">
                <p class="- topic/p ">Performance Monitor Event Count Register 0</p>
              </entry>
            </row>
            <row class="- topic/row " rowsep="1">
              <entry class="- topic/entry " colname="col1"><codeph class="+ topic/ph pr-d/codeph "><ph class="- topic/ph " otherprops="g.number.hex">004</ph></codeph></entry>
              <entry class="- topic/entry " colname="col2">-</entry>
              <entry class="- topic/entry " colname="col3">-</entry>
              <entry class="- topic/entry " colname="col4">Reserved</entry>
            </row>
            <row class="- topic/row " rowsep="1">
              <entry class="- topic/entry " colname="col1"><codeph class="+ topic/ph pr-d/codeph "><ph class="- topic/ph " otherprops="g.number.hex">008</ph></codeph></entry>
              <entry class="- topic/entry " colname="col2">PMEVCNTR1_EL0</entry>
              <entry class="- topic/entry " colname="col3">RW</entry>
              <entry class="- topic/entry " colname="col4">
                <p class="- topic/p ">Performance Monitor Event Count Register 1</p>
              </entry>
            </row>
            <row class="- topic/row " rowsep="1">
              <entry class="- topic/entry " colname="col1"><codeph class="+ topic/ph pr-d/codeph "><ph class="- topic/ph " otherprops="g.number.hex">00C</ph></codeph></entry>
              <entry class="- topic/entry " colname="col2">-</entry>
              <entry class="- topic/entry " colname="col3">-</entry>
              <entry class="- topic/entry " colname="col4">Reserved</entry>
            </row>
            <row class="- topic/row " rowsep="1">
              <entry class="- topic/entry " colname="col1"><codeph class="+ topic/ph pr-d/codeph "><ph class="- topic/ph " otherprops="g.number.hex">010</ph></codeph></entry>
              <entry class="- topic/entry " colname="col2">PMEVCNTR2_EL0</entry>
              <entry class="- topic/entry " colname="col3">RW</entry>
              <entry class="- topic/entry " colname="col4">
                <p class="- topic/p ">Performance Monitor Event Count Register 2</p>
              </entry>
            </row>
            <row class="- topic/row " rowsep="1">
              <entry class="- topic/entry " colname="col1"><codeph class="+ topic/ph pr-d/codeph "><ph class="- topic/ph " otherprops="g.number.hex">014</ph></codeph></entry>
              <entry class="- topic/entry " colname="col2">-</entry>
              <entry class="- topic/entry " colname="col3">-</entry>
              <entry class="- topic/entry " colname="col4">Reserved</entry>
            </row>
            <row class="- topic/row " rowsep="1">
              <entry class="- topic/entry " colname="col1"><codeph class="+ topic/ph pr-d/codeph "><ph class="- topic/ph " otherprops="g.number.hex">018</ph></codeph></entry>
              <entry class="- topic/entry " colname="col2">PMEVCNTR3_EL0</entry>
              <entry class="- topic/entry " colname="col3">RW</entry>
              <entry class="- topic/entry " colname="col4">
                <p class="- topic/p ">Performance Monitor Event Count Register 3</p>
              </entry>
            </row>
            <row class="- topic/row " rowsep="1">
              <entry class="- topic/entry " colname="col1"><codeph class="+ topic/ph pr-d/codeph "><ph class="- topic/ph " otherprops="g.number.hex">01C</ph></codeph></entry>
              <entry class="- topic/entry " colname="col2">-</entry>
              <entry class="- topic/entry " colname="col3">-</entry>
              <entry class="- topic/entry " colname="col4">Reserved</entry>
            </row>
            <row class="- topic/row " rowsep="1">
              <entry class="- topic/entry " colname="col1"><codeph class="+ topic/ph pr-d/codeph "><ph class="- topic/ph " otherprops="g.number.hex">020</ph></codeph></entry>
              <entry class="- topic/entry " colname="col2">PMEVCNTR4_EL0</entry>
              <entry class="- topic/entry " colname="col3">RW</entry>
              <entry class="- topic/entry " colname="col4">
                <p class="- topic/p ">Performance Monitor Event Count Register 4</p>
              </entry>
            </row>
            <row class="- topic/row " rowsep="1">
              <entry class="- topic/entry " colname="col1"><codeph class="+ topic/ph pr-d/codeph "><ph class="- topic/ph " otherprops="g.number.hex">024</ph></codeph></entry>
              <entry class="- topic/entry " colname="col2">-</entry>
              <entry class="- topic/entry " colname="col3">-</entry>
              <entry class="- topic/entry " colname="col4">Reserved</entry>
            </row>
            <row class="- topic/row " rowsep="1">
              <entry class="- topic/entry " colname="col1"><codeph class="+ topic/ph pr-d/codeph "><ph class="- topic/ph " otherprops="g.number.hex">028</ph></codeph></entry>
              <entry class="- topic/entry " colname="col2">PMEVCNTR5_EL0</entry>
              <entry class="- topic/entry " colname="col3">RW</entry>
              <entry class="- topic/entry " colname="col4">
                <p class="- topic/p ">Performance Monitor Event Count Register 5</p>
              </entry>
            </row>
            <row class="- topic/row " rowsep="1">
              <entry class="- topic/entry " colname="col1"><codeph class="+ topic/ph pr-d/codeph ">0x02C-<ph class="- topic/ph " otherprops="g.number.hex">F4</ph></codeph></entry>
              <entry class="- topic/entry " colname="col2">-</entry>
              <entry class="- topic/entry " colname="col3">-</entry>
              <entry class="- topic/entry " colname="col4">Reserved</entry>
            </row>
            <row class="- topic/row " rowsep="1">
              <entry class="- topic/entry " colname="col1"><codeph class="+ topic/ph pr-d/codeph "><ph class="- topic/ph " otherprops="g.number.hex">0F8</ph></codeph></entry>
              <entry class="- topic/entry " colname="col2">PMCCNTR_EL0[31:0]</entry>
              <entry class="- topic/entry " colname="col3">RW</entry>
              <entry class="- topic/entry " colname="col4" morerows="1">
                <p class="- topic/p ">Performance Monitor Cycle Count Register</p>
              </entry>
            </row>
            <row class="- topic/row " rowsep="1">
              <entry class="- topic/entry " colname="col1"><codeph class="+ topic/ph pr-d/codeph "><ph class="- topic/ph " otherprops="g.number.hex">0FC</ph></codeph></entry>
              <entry class="- topic/entry " colname="col2">PMCCNTR_EL0[63:32]</entry>
              <entry class="- topic/entry " colname="col3">RW</entry>
            </row>
            <row class="- topic/row " rowsep="1">
              <entry class="- topic/entry " colname="col1"><codeph class="+ topic/ph pr-d/codeph "><ph class="- topic/ph " otherprops="g.number.hex">200</ph></codeph></entry>
              <entry class="- topic/entry " colname="col2">PMPCSR[31:0]</entry>
              <entry class="- topic/entry " colname="col3" morerows="1">RO</entry>
              <entry class="- topic/entry " colname="col4" morerows="1">
                <p class="- topic/p ">Program Counter Sample Register</p>
              </entry>
            </row>
            <row class="- topic/row " rowsep="1">
              <entry class="- topic/entry " colname="col1"><codeph class="+ topic/ph pr-d/codeph "><ph class="- topic/ph " otherprops="g.number.hex">204</ph></codeph></entry>
              <entry class="- topic/entry " colname="col2">PMPCSR[63:32]</entry>
            </row>
            <row class="- topic/row " rowsep="1">
              <entry class="- topic/entry " colname="col1"><codeph class="+ topic/ph pr-d/codeph "><ph class="- topic/ph " otherprops="g.number.hex">208</ph></codeph></entry>
              <entry class="- topic/entry " colname="col2">PMCID1SR</entry>
              <entry class="- topic/entry " colname="col3">RO</entry>
              <entry class="- topic/entry " colname="col4">
                <p class="- topic/p ">CONTEXTIDR_EL1 Sample Register</p>
              </entry>
            </row>
            <row class="- topic/row " rowsep="1">
              <entry class="- topic/entry " colname="col1"><codeph class="+ topic/ph pr-d/codeph "><ph class="- topic/ph " otherprops="g.number.hex">20C</ph></codeph></entry>
              <entry class="- topic/entry " colname="col2">PMVIDSR</entry>
              <entry class="- topic/entry " colname="col3">RO</entry>
              <entry class="- topic/entry " colname="col4">VMID Sample Register</entry>
            </row>
            <row class="- topic/row " rowsep="1">
              <entry class="- topic/entry " colname="col1"><codeph class="+ topic/ph pr-d/codeph "><ph class="- topic/ph " otherprops="g.number.hex">220</ph></codeph></entry>
              <entry class="- topic/entry " colname="col2">PMPCSR[31:0]</entry>
              <entry class="- topic/entry " colname="col3" morerows="1">RO</entry>
              <entry class="- topic/entry " colname="col4" morerows="1">
                <p class="- topic/p ">Program Counter Sample Register (alias)</p>
              </entry>
            </row>
            <row class="- topic/row " rowsep="1">
              <entry class="- topic/entry " colname="col1"><codeph class="+ topic/ph pr-d/codeph "><ph class="- topic/ph " otherprops="g.number.hex">224</ph></codeph></entry>
              <entry class="- topic/entry " colname="col2">PMPCSR[63:32]</entry>
            </row>
            <row class="- topic/row " rowsep="1">
              <entry class="- topic/entry " colname="col1"><codeph class="+ topic/ph pr-d/codeph "><ph class="- topic/ph " otherprops="g.number.hex">228</ph></codeph></entry>
              <entry class="- topic/entry " colname="col2">PMCID1SR</entry>
              <entry class="- topic/entry " colname="col3">RO</entry>
              <entry class="- topic/entry " colname="col4">
                <p class="- topic/p ">CONTEXTIDR_EL1 Sample Register (alias)</p>
              </entry>
            </row>
            <row class="- topic/row " rowsep="1">
              <entry class="- topic/entry " colname="col1"><codeph class="+ topic/ph pr-d/codeph "><ph class="- topic/ph " otherprops="g.number.hex">22C</ph></codeph></entry>
              <entry class="- topic/entry " colname="col2">PMCID2SR</entry>
              <entry class="- topic/entry " colname="col3">RO</entry>
              <entry class="- topic/entry " colname="col4">CONTEXTIDR_EL2 Sample Register</entry>
            </row>
            <row class="- topic/row " rowsep="1">
              <entry class="- topic/entry " colname="col1"><codeph class="+ topic/ph pr-d/codeph ">0x100-<ph class="- topic/ph " otherprops="g.number.hex">3FC</ph></codeph></entry>
              <entry class="- topic/entry " colname="col2">-</entry>
              <entry class="- topic/entry " colname="col3">-</entry>
              <entry class="- topic/entry " colname="col4">Reserved</entry>
            </row>

            <row class="- topic/row " rowsep="1">
              <entry class="- topic/entry " colname="col1"><codeph class="+ topic/ph pr-d/codeph ">0x418-<ph class="- topic/ph " otherprops="g.number.hex">478</ph></codeph></entry>
              <entry class="- topic/entry " colname="col2">-</entry>
              <entry class="- topic/entry " colname="col3">-</entry>
              <entry class="- topic/entry " colname="col4">Reserved</entry>
            </row>
            <row class="- topic/row " rowsep="1">
              <entry class="- topic/entry " colname="col1"><codeph class="+ topic/ph pr-d/codeph "><ph class="- topic/ph " otherprops="g.number.hex">47C</ph></codeph></entry>
              <entry class="- topic/entry " colname="col2">PMCCFILTR_EL0</entry>
              <entry class="- topic/entry " colname="col3">RW</entry>
              <entry class="- topic/entry " colname="col4">
                <p class="- topic/p ">Performance Monitor Cycle Count Filter Register</p>
              </entry>
            </row>
            <row class="- topic/row " rowsep="1">
              <entry class="- topic/entry " colname="col1"><codeph class="+ topic/ph pr-d/codeph "><ph class="- topic/ph " otherprops="g.number.hex">600</ph></codeph></entry>
              <entry class="- topic/entry " colname="col2">PMPCSSR_LO</entry>
              <entry class="- topic/entry " colname="col3">RO</entry>
              <entry class="- topic/entry " colname="col4" morerows="1"><xref class="- topic/xref " href="jub1473226957585.xml" keyref="PMPCSSRSnapshotProgramCounterSampleRegister" type="reference">PMPCSSR, Snapshot Program Counter Sample Register<desc class="- topic/desc ">The PMPCSSR is an alias for the PCSR register.</desc></xref></entry>
            </row>
            <row class="- topic/row " rowsep="1">
              <entry class="- topic/entry " colname="col1"><codeph class="+ topic/ph pr-d/codeph "><ph class="- topic/ph " otherprops="g.number.hex">604</ph></codeph></entry>
              <entry class="- topic/entry " colname="col2">PMPCSSR_HI</entry>
              <entry class="- topic/entry " colname="col3">RO</entry>
              
            </row>
            <row class="- topic/row " rowsep="1">
              <entry class="- topic/entry " colname="col1"><codeph class="+ topic/ph pr-d/codeph "><ph class="- topic/ph " otherprops="g.number.hex">608</ph></codeph></entry>
              <entry class="- topic/entry " colname="col2">PMCIDSSR</entry>
              <entry class="- topic/entry " colname="col3">RO</entry>
              <entry class="- topic/entry " colname="col4"><xref class="- topic/xref " href="vqc1473172331269.xml" keyref="PMCIDSSRSnapshotCONTEXTIDREL1SampleRegister" type="reference">PMCIDSSR, Snapshot CONTEXTIDR_EL1 Sample Register<desc class="- topic/desc ">The PMCIDSSR is an alias for the CIDSR register.</desc></xref></entry>
            </row>
            <row class="- topic/row " rowsep="1">
              <entry class="- topic/entry " colname="col1"><codeph class="+ topic/ph pr-d/codeph "><ph class="- topic/ph " otherprops="g.number.hex">60C</ph></codeph></entry>
              <entry class="- topic/entry " colname="col2">PMCID2SSR</entry>
              <entry class="- topic/entry " colname="col3">RO</entry>
              <entry class="- topic/entry " colname="col4"><xref class="- topic/xref " href="nls1473172127906.xml" keyref="PMCID2SSRSnapshotCONTEXTIDREL2SampleRegister" type="reference">PMCID2SSR, Snapshot CONTEXTIDR_EL2 Sample Register<desc class="- topic/desc ">The PMCID2SSR is an alias for the CID2SR register.</desc></xref></entry>
            </row>

            <row class="- topic/row " rowsep="1">
              <entry class="- topic/entry " colname="col1"><codeph class="+ topic/ph pr-d/codeph "><ph class="- topic/ph " otherprops="g.number.hex">610</ph></codeph></entry>
              <entry class="- topic/entry " colname="col2">PMSSSR</entry>
              <entry class="- topic/entry " colname="col3">RO</entry>
              <entry class="- topic/entry " colname="col4"><xref class="- topic/xref " href="hia1473229271650.xml" keyref="PMSSSRPMUSnapshotStatusRegister" type="reference">PMSSSR, PMU Snapshot Status Register<desc class="- topic/desc ">The PMSSSR holds status information about the captured counters.</desc></xref></entry>
            </row>
            <row class="- topic/row " rowsep="1">
              <entry class="- topic/entry " colname="col1"><codeph class="+ topic/ph pr-d/codeph "><ph class="- topic/ph " otherprops="g.number.hex">614</ph></codeph></entry>
              <entry class="- topic/entry " colname="col2">PMOVSSR</entry>
              <entry class="- topic/entry " colname="col3">RO</entry>
              <entry class="- topic/entry " colname="col4"><xref class="- topic/xref " href="vcq1473172538334.xml" keyref="PMOVSSRPMUOverflowStatusSnapshotRegister" type="reference">PMOVSSR, PMU Overflow Status Snapshot Register<desc class="- topic/desc ">The PMOVSSR is a captured copy of  PMOVSR.</desc></xref></entry>
            </row>
            <row class="- topic/row " rowsep="1">
              <entry class="- topic/entry " colname="col1"><codeph class="+ topic/ph pr-d/codeph "><ph class="- topic/ph " otherprops="g.number.hex">618</ph></codeph></entry>
              <entry class="- topic/entry " colname="col2">PMCCNTSR_LO</entry>
              <entry class="- topic/entry " colname="col3">RO</entry>
              <entry class="- topic/entry " colname="col4" morerows="1"><xref class="- topic/xref " href="rcc1473170931764.xml" keyref="PMCCNTSRPMUCycleCounterSnapshotRegister" type="reference">PMCCNTSR, PMU Cycle Counter Snapshot Register<desc class="- topic/desc ">The PMCCNTSR is a captured copy of PMCCNTR_EL0.</desc></xref></entry>
            </row>
            <row class="- topic/row " rowsep="1">
              <entry class="- topic/entry " colname="col1"><codeph class="+ topic/ph pr-d/codeph "><ph class="- topic/ph " otherprops="g.number.hex">61C</ph></codeph></entry>
              <entry class="- topic/entry " colname="col2">PMCCNTSR_HI</entry>
              <entry class="- topic/entry " colname="col3">RO</entry>
           
            </row>
            <row class="- topic/row " rowsep="1">
              <entry class="- topic/entry " colname="col1"><codeph class="+ topic/ph pr-d/codeph "><ph class="- topic/ph " otherprops="g.number.hex">620</ph></codeph>+ 4×n</entry>
              <entry class="- topic/entry " colname="col2">PMEVCNTSRn</entry>
              <entry class="- topic/entry " colname="col3">RO</entry>
              <entry class="- topic/entry " colname="col4"><xref class="- topic/xref " href="nvv1473172414952.xml" keyref="PMEVCNTSRnPMUCycleCounterSnapshotRegister" type="reference">PMEVCNTSRn, PMU Cycle Counter Snapshot Registers 0-5<desc class="- topic/desc ">The PMEVCNTSRn, are captured copies of PMEVCNTRn_EL0, n is 		0-5.</desc></xref></entry>
            </row>
            <row class="- topic/row " rowsep="1">
              <entry class="- topic/entry " colname="col1"><codeph class="+ topic/ph pr-d/codeph "><ph class="- topic/ph " otherprops="g.number.hex">6F0</ph></codeph></entry>
              <entry class="- topic/entry " colname="col2">PMSSCR</entry>
              <entry class="- topic/entry " colname="col3">WO</entry>
              <entry class="- topic/entry " colname="col4"><xref class="- topic/xref " href="rpf1473227989981.xml" keyref="PMSSCRPMUSnapshotCaptureRegister" type="reference">PMSSCR, PMU Snapshot Capture Register<desc class="- topic/desc ">The PMSSCR provides a mechanism for software to initiate a sample.</desc></xref></entry>
            </row>

            <row class="- topic/row " rowsep="1">
              <entry class="- topic/entry " colname="col1"><codeph class="+ topic/ph pr-d/codeph "><ph class="- topic/ph " otherprops="g.number.hex">C00</ph></codeph></entry>
              <entry class="- topic/entry " colname="col2">PMCNTENSET_EL0</entry>
              <entry class="- topic/entry " colname="col3">RW</entry>
              <entry class="- topic/entry " colname="col4">
                <p class="- topic/p ">Performance Monitor Count Enable Set Register</p>
              </entry>
            </row>
            <row class="- topic/row " rowsep="1">
              <entry class="- topic/entry " colname="col1"><codeph class="+ topic/ph pr-d/codeph ">0xC04-<ph class="- topic/ph " otherprops="g.number.hex">C1C</ph></codeph></entry>
              <entry class="- topic/entry " colname="col2">-</entry>
              <entry class="- topic/entry " colname="col3">-</entry>
              <entry class="- topic/entry " colname="col4">Reserved</entry>
            </row>
            <row class="- topic/row " rowsep="1">
              <entry class="- topic/entry " colname="col1"><codeph class="+ topic/ph pr-d/codeph "><ph class="- topic/ph " otherprops="g.number.hex">C20</ph></codeph></entry>
              <entry class="- topic/entry " colname="col2">PMCNTENCLR_EL0</entry>
              <entry class="- topic/entry " colname="col3">RW</entry>
              <entry class="- topic/entry " colname="col4">
                <p class="- topic/p ">Performance Monitor Count Enable Clear Register</p>
              </entry>
            </row>
            <row class="- topic/row " rowsep="1">
              <entry class="- topic/entry " colname="col1"><codeph class="+ topic/ph pr-d/codeph ">0xC24-<ph class="- topic/ph " otherprops="g.number.hex">C3C</ph></codeph></entry>
              <entry class="- topic/entry " colname="col2">-</entry>
              <entry class="- topic/entry " colname="col3">-</entry>
              <entry class="- topic/entry " colname="col4">Reserved</entry>
            </row>
            <row class="- topic/row " rowsep="1">
              <entry class="- topic/entry " colname="col1"><codeph class="+ topic/ph pr-d/codeph "><ph class="- topic/ph " otherprops="g.number.hex">C40</ph></codeph></entry>
              <entry class="- topic/entry " colname="col2">PMINTENSET_EL1</entry>
              <entry class="- topic/entry " colname="col3">RW</entry>
              <entry class="- topic/entry " colname="col4">
                <p class="- topic/p ">Performance Monitor Interrupt Enable Set Register</p>
              </entry>
            </row>
            <row class="- topic/row " rowsep="1">
              <entry class="- topic/entry " colname="col1"><codeph class="+ topic/ph pr-d/codeph ">0xC44-<ph class="- topic/ph " otherprops="g.number.hex">C5C</ph></codeph></entry>
              <entry class="- topic/entry " colname="col2">-</entry>
              <entry class="- topic/entry " colname="col3">-</entry>
              <entry class="- topic/entry " colname="col4">Reserved</entry>
            </row>
            <row class="- topic/row " rowsep="1">
              <entry class="- topic/entry " colname="col1"><codeph class="+ topic/ph pr-d/codeph "><ph class="- topic/ph " otherprops="g.number.hex">C60</ph></codeph></entry>
              <entry class="- topic/entry " colname="col2">PMINTENCLR_EL1</entry>
              <entry class="- topic/entry " colname="col3">RW</entry>
              <entry class="- topic/entry " colname="col4">
                <p class="- topic/p ">Performance Monitor Interrupt Enable Clear Register</p>
              </entry>
            </row>
            <row class="- topic/row " rowsep="1">
              <entry class="- topic/entry " colname="col1"><codeph class="+ topic/ph pr-d/codeph ">0xC64-<ph class="- topic/ph " otherprops="g.number.hex">C7C</ph></codeph></entry>
              <entry class="- topic/entry " colname="col2">-</entry>
              <entry class="- topic/entry " colname="col3">-</entry>
              <entry class="- topic/entry " colname="col4">Reserved</entry>
            </row>
            <row class="- topic/row " rowsep="1">
              <entry class="- topic/entry " colname="col1"><codeph class="+ topic/ph pr-d/codeph "><ph class="- topic/ph " otherprops="g.number.hex">C80</ph></codeph></entry>
              <entry class="- topic/entry " colname="col2">PMOVSCLR_EL0</entry>
              <entry class="- topic/entry " colname="col3">RW</entry>
              <entry class="- topic/entry " colname="col4">
                <p class="- topic/p ">Performance Monitor Overflow Flag Status Register</p>
              </entry>
            </row>
            <row class="- topic/row " rowsep="1">
              <entry class="- topic/entry " colname="col1"><codeph class="+ topic/ph pr-d/codeph ">0xC84-<ph class="- topic/ph " otherprops="g.number.hex">C9C</ph></codeph></entry>
              <entry class="- topic/entry " colname="col2">-</entry>
              <entry class="- topic/entry " colname="col3">-</entry>
              <entry class="- topic/entry " colname="col4">Reserved</entry>
            </row>
            <row class="- topic/row " rowsep="1">
              <entry class="- topic/entry " colname="col1"><codeph class="+ topic/ph pr-d/codeph "><ph class="- topic/ph " otherprops="g.number.hex">CA0</ph></codeph></entry>
              <entry class="- topic/entry " colname="col2">PMSWINC_EL0</entry>
              <entry class="- topic/entry " colname="col3">WO</entry>
              <entry class="- topic/entry " colname="col4">
                <p class="- topic/p ">Performance Monitor Software Increment Register</p>
              </entry>
            </row>
            <row class="- topic/row " rowsep="1">
              <entry class="- topic/entry " colname="col1"><codeph class="+ topic/ph pr-d/codeph ">0xCA4-<ph class="- topic/ph " otherprops="g.number.hex">CBC</ph></codeph></entry>
              <entry class="- topic/entry " colname="col2">-</entry>
              <entry class="- topic/entry " colname="col3">-</entry>
              <entry class="- topic/entry " colname="col4">Reserved</entry>
            </row>
            <row class="- topic/row " rowsep="1">
              <entry class="- topic/entry " colname="col1"><codeph class="+ topic/ph pr-d/codeph "><ph class="- topic/ph " otherprops="g.number.hex">CC0</ph></codeph></entry>
              <entry class="- topic/entry " colname="col2">PMOVSSET_EL0</entry>
              <entry class="- topic/entry " colname="col3">RW</entry>
              <entry class="- topic/entry " colname="col4">Performance Monitor Overflow Flag Status Set
                Register</entry>
            </row>
            <row class="- topic/row " rowsep="1">
              <entry class="- topic/entry " colname="col1"><codeph class="+ topic/ph pr-d/codeph ">0xCC4-<ph class="- topic/ph " otherprops="g.number.hex">DFC</ph></codeph></entry>
              <entry class="- topic/entry " colname="col2">-</entry>
              <entry class="- topic/entry " colname="col3">-</entry>
              <entry class="- topic/entry " colname="col4">Reserved</entry>
            </row>
            <row class="- topic/row " rowsep="1">
              <entry class="- topic/entry " colname="col1"><codeph class="+ topic/ph pr-d/codeph "><ph class="- topic/ph " otherprops="g.number.hex">E00</ph></codeph></entry>
              <entry class="- topic/entry " colname="col2">PMCFGR</entry>
              <entry class="- topic/entry " colname="col3">RO</entry>
              <entry class="- topic/entry " colname="col4"><xref class="- topic/xref " href="lau1443689889680.xml" keyref="PmcrPerformanceMonitorsConfigurationRegister" type="reference">PMCFGR, Performance Monitors Configuration Register<desc class="- topic/desc ">The PMCFGR contains PMU specific configuration data.</desc></xref></entry>
            </row>
            <row class="- topic/row " rowsep="1">
              <entry class="- topic/entry " colname="col1"><codeph class="+ topic/ph pr-d/codeph "><ph class="- topic/ph " otherprops="g.number.hex">E04</ph></codeph></entry>
              <entry class="- topic/entry " colname="col2">PMCR_EL0</entry>
              <entry class="- topic/entry " colname="col3">RW</entry>
              <entry class="- topic/entry " colname="col4">
                <p class="- topic/p ">Performance Monitors Control Register.</p>
                <p class="- topic/p ">This register is distinct from the PMCR_EL0 system register. It
                  does not have the same value.</p>
              </entry>
            </row>
            <row class="- topic/row " rowsep="1">
              <entry class="- topic/entry " colname="col1"><codeph class="+ topic/ph pr-d/codeph ">0xE08-<ph class="- topic/ph " otherprops="g.number.hex">E1C</ph></codeph></entry>
              <entry class="- topic/entry " colname="col2">-</entry>
              <entry class="- topic/entry " colname="col3">-</entry>
              <entry class="- topic/entry " colname="col4">Reserved</entry>
            </row>
            <row class="- topic/row " rowsep="1">
              <entry class="- topic/entry " colname="col1"><codeph class="+ topic/ph pr-d/codeph "><ph class="- topic/ph " otherprops="g.number.hex">E20</ph></codeph></entry>
              <entry class="- topic/entry " colname="col2">PMCEID0</entry>
              <entry class="- topic/entry " colname="col3">RO</entry>
              <entry class="- topic/entry " colname="col4"><xref class="- topic/xref " href="ehx1477942842064.xml" keyref="Pmceidr0El0PerformanceMonitorsCommonEventIdentificationRegister0EL0" type="reference">PMCEID0_EL0, Performance Monitors Common Event Identification Register 0, EL0 (Ares/Enyo specific)<desc class="- topic/desc ">The PMCEID0_EL0 defines which common architectural and common     microarchitectural feature events are implemented.</desc></xref></entry>
            </row>
            <row class="- topic/row " rowsep="1">
              <entry class="- topic/entry " colname="col1"><codeph class="+ topic/ph pr-d/codeph "><ph class="- topic/ph " otherprops="g.number.hex">E24</ph></codeph></entry>
              <entry class="- topic/entry " colname="col2">PMCEID1</entry>
              <entry class="- topic/entry " colname="col3">RO</entry>
              <entry class="- topic/entry " colname="col4"><xref class="- topic/xref " href="wyw1478113204130.xml" keyref="Pmceidr1El0PerformanceMonitorsCommonEventIdentificationRegister1EL0" type="reference">PMCEID1_EL0, Performance Monitors Common Event Identification Register 1, EL0 (Ares/Enyo Specific)<desc class="- topic/desc ">The PMCEID1_EL0 defines which common architectural and common     microarchitectural feature events are implemented.</desc></xref></entry>
            </row>
            <row class="- topic/row " rowsep="1">
              <entry class="- topic/entry " colname="col1"><codeph class="+ topic/ph pr-d/codeph "><ph class="- topic/ph " otherprops="g.number.hex">E28</ph></codeph></entry>
              <entry class="- topic/entry " colname="col2">PMCEID2</entry>
              <entry class="- topic/entry " colname="col3">RO</entry>
              <entry class="- topic/entry " colname="col4">
                
                
              </entry>
            </row>
            <row class="- topic/row " rowsep="1">
              <entry class="- topic/entry " colname="col1"><codeph class="+ topic/ph pr-d/codeph "><ph class="- topic/ph " otherprops="g.number.hex">E2C</ph></codeph></entry>
              <entry class="- topic/entry " colname="col2">PMCEID3</entry>
              <entry class="- topic/entry " colname="col3">RO</entry>
              <entry class="- topic/entry " colname="col4">
                
                
              </entry>
            </row>
            <row class="- topic/row " rowsep="1">
              <entry class="- topic/entry " colname="col1"><codeph class="+ topic/ph pr-d/codeph "><ph class="- topic/ph " otherprops="g.number.hex">FA4</ph></codeph></entry>
              <entry class="- topic/entry " colname="col2">-</entry>
              <entry class="- topic/entry " colname="col3">-</entry>
              <entry class="- topic/entry " colname="col4">Reserved</entry>
            </row>
            <row class="- topic/row " rowsep="1">
              <entry class="- topic/entry " colname="col1"><codeph class="+ topic/ph pr-d/codeph "><ph class="- topic/ph " otherprops="g.number.hex">FA8</ph></codeph></entry>
              <entry class="- topic/entry " colname="col2">PMDEVAFF0</entry>
              <entry class="- topic/entry " colname="col3">RO</entry>
              <entry class="- topic/entry " colname="col4"><xref class="- topic/xref " href="lau1443447573920.xml" keyref="MpidrEl1MultiprocessorAffinityRegisterEl1" type="reference">MPIDR_EL1, Multiprocessor Affinity Register, EL1<desc class="- topic/desc ">The MPIDR_EL1 provides an additional core identification mechanism for     scheduling purposes in a cluster.</desc></xref></entry>
            </row>
            <row class="- topic/row " rowsep="1">
              <entry class="- topic/entry " colname="col1"><codeph class="+ topic/ph pr-d/codeph "><ph class="- topic/ph " otherprops="g.number.hex">FAC</ph></codeph></entry>
              <entry class="- topic/entry " colname="col2">PMDEVAFF1</entry>
              <entry class="- topic/entry " colname="col3">RO</entry>
              <entry class="- topic/entry " colname="col4"><xref class="- topic/xref " href="lau1443447573920.xml" keyref="MpidrEl1MultiprocessorAffinityRegisterEl1" type="reference">MPIDR_EL1, Multiprocessor Affinity Register, EL1<desc class="- topic/desc ">The MPIDR_EL1 provides an additional core identification mechanism for     scheduling purposes in a cluster.</desc></xref></entry>
            </row>

            <row class="- topic/row " rowsep="1">
              <entry class="- topic/entry " colname="col1"><codeph class="+ topic/ph pr-d/codeph "><ph class="- topic/ph " otherprops="g.number.hex">FB8</ph></codeph></entry>
              <entry class="- topic/entry " colname="col2">PMAUTHSTATUS</entry>
              <entry class="- topic/entry " colname="col3">RO</entry>
              <entry class="- topic/entry " colname="col4">
                <p class="- topic/p ">Performance Monitor Authentication Status Register</p>
              </entry>
            </row>
            <row class="- topic/row " rowsep="1">
              <entry class="- topic/entry " colname="col1"><codeph class="+ topic/ph pr-d/codeph "><ph class="- topic/ph " otherprops="g.number.hex">FBC</ph></codeph></entry>
              <entry class="- topic/entry " colname="col2">PMDEVARCH</entry>
              <entry class="- topic/entry " colname="col3">RO</entry>
              <entry class="- topic/entry " colname="col4">Performance Monitor Device Architecture
                Register</entry>
            </row>
            <row class="- topic/row " rowsep="1">
              <entry class="- topic/entry " colname="col1"><codeph class="+ topic/ph pr-d/codeph ">0xFC0-<ph class="- topic/ph " otherprops="g.number.hex">FC8</ph></codeph></entry>
              <entry class="- topic/entry " colname="col2">-</entry>
              <entry class="- topic/entry " colname="col3">-</entry>
              <entry class="- topic/entry " colname="col4">Reserved</entry>
            </row>
            <row class="- topic/row " rowsep="1">
              <entry class="- topic/entry " colname="col1"><codeph class="+ topic/ph pr-d/codeph "><ph class="- topic/ph " otherprops="g.number.hex">FCC</ph></codeph></entry>
              <entry class="- topic/entry " colname="col2">PMDEVTYPE</entry>
              <entry class="- topic/entry " colname="col3">RO</entry>
              <entry class="- topic/entry " colname="col4">
                <p class="- topic/p ">Performance Monitor Device Type Register</p>
              </entry>
            </row>
            <row class="- topic/row " rowsep="1">
              <entry class="- topic/entry " colname="col1"><codeph class="+ topic/ph pr-d/codeph "><ph class="- topic/ph " otherprops="g.number.hex">FD0</ph></codeph></entry>
              <entry class="- topic/entry " colname="col2">PMPIDR4</entry>
              <entry class="- topic/entry " colname="col3">RO</entry>
              <entry class="- topic/entry " colname="col4"><xref class="- topic/xref " href="lau1443690763702.xml" keyref="Pmpir4PerformanceMonitorsPeripheralIdentificationRegister4" type="reference">PMPIDR4, Performance Monitors Peripheral Identification Register 4<desc class="- topic/desc ">The PMPIDR4 provides information to identify a Performance Monitor     component.</desc></xref></entry>
            </row>
            <row class="- topic/row " rowsep="1">
              <entry class="- topic/entry " colname="col1"><codeph class="+ topic/ph pr-d/codeph "><ph class="- topic/ph " otherprops="g.number.hex">FD4</ph></codeph></entry>
              <entry class="- topic/entry " colname="col2">PMPIDR5</entry>
              <entry class="- topic/entry " colname="col3">RO</entry>
              <entry class="- topic/entry " colname="col4" morerows="2"><xref class="- topic/xref " href="lau1443690858119.xml" keyref="Pmpir57PerformanceMonitorsPeripheralIdentificationRegister57" type="reference">PMPIDRn, Performance Monitors Peripheral Identification Register 5-7<desc class="- topic/desc ">No information is held in the Peripheral ID5, Peripheral ID6, and Peripheral ID7     Registers.</desc></xref></entry>
            </row>
            <row class="- topic/row " rowsep="1">
              <entry class="- topic/entry " colname="col1"><codeph class="+ topic/ph pr-d/codeph "><ph class="- topic/ph " otherprops="g.number.hex">FD8</ph></codeph></entry>
              <entry class="- topic/entry " colname="col2">PMPIDR6</entry>
              <entry class="- topic/entry " colname="col3">RO</entry>
            </row>
            <row class="- topic/row " rowsep="1">
              <entry class="- topic/entry " colname="col1"><codeph class="+ topic/ph pr-d/codeph "><ph class="- topic/ph " otherprops="g.number.hex">FDC</ph></codeph></entry>
              <entry class="- topic/entry " colname="col2">PMPIDR7</entry>
              <entry class="- topic/entry " colname="col3">RO</entry>
            </row>
            <row class="- topic/row " rowsep="1">
              <entry class="- topic/entry " colname="col1"><codeph class="+ topic/ph pr-d/codeph "><ph class="- topic/ph " otherprops="g.number.hex">FE0</ph></codeph></entry>
              <entry class="- topic/entry " colname="col2">PMPIDR0</entry>
              <entry class="- topic/entry " colname="col3">RO</entry>
              <entry class="- topic/entry " colname="col4"><xref class="- topic/xref " href="lau1443690386394.xml" keyref="Pmpir0PerformanceMonitorsPeripheralIdentificationRegister0" type="reference">PMPIDR0, Performance Monitors Peripheral Identification Register 0<desc class="- topic/desc ">The PMPIDR0 provides information to identify a Performance Monitor     component.</desc></xref></entry>
            </row>
            <row class="- topic/row " rowsep="1">
              <entry class="- topic/entry " colname="col1"><codeph class="+ topic/ph pr-d/codeph "><ph class="- topic/ph " otherprops="g.number.hex">FE4</ph></codeph></entry>
              <entry class="- topic/entry " colname="col2">PMPIDR1</entry>
              <entry class="- topic/entry " colname="col3">RO</entry>
              <entry class="- topic/entry " colname="col4"><xref class="- topic/xref " href="lau1443690492063.xml" keyref="Pmpir1PerformanceMonitorsPeripheralIdentificationRegister1" type="reference">PMPIDR1, Performance Monitors Peripheral Identification Register 1<desc class="- topic/desc ">The PMPIDR1 provides information to identify a Performance Monitor     component.</desc></xref></entry>
            </row>
            <row class="- topic/row " rowsep="1">
              <entry class="- topic/entry " colname="col1"><codeph class="+ topic/ph pr-d/codeph "><ph class="- topic/ph " otherprops="g.number.hex">FE8</ph></codeph></entry>
              <entry class="- topic/entry " colname="col2">PMPIDR2</entry>
              <entry class="- topic/entry " colname="col3">RO</entry>
              <entry class="- topic/entry " colname="col4"><xref class="- topic/xref " href="lau1443690586985.xml" keyref="Pmpir2PerformanceMonitorsPeripheralIdentificationRegister2" type="reference">PMPIDR2, Performance Monitors Peripheral Identification Register 2<desc class="- topic/desc ">The PMPIDR2 provides information to identify a Performance Monitor     component.</desc></xref></entry>
            </row>
            <row class="- topic/row " rowsep="1">
              <entry class="- topic/entry " colname="col1"><codeph class="+ topic/ph pr-d/codeph "><ph class="- topic/ph " otherprops="g.number.hex">FEC</ph></codeph></entry>
              <entry class="- topic/entry " colname="col2">PMPIDR3</entry>
              <entry class="- topic/entry " colname="col3">RO</entry>
              <entry class="- topic/entry " colname="col4"><xref class="- topic/xref " href="lau1443690676556.xml" keyref="Pmpir3PerformanceMonitorsPeripheralIdentificationRegister3" type="reference">PMPIDR3, Performance Monitors Peripheral Identification Register 3<desc class="- topic/desc ">The PMPIDR3 provides information to identify a Performance Monitor     component.</desc></xref></entry>
            </row>
            <row class="- topic/row " rowsep="1">
              <entry class="- topic/entry " colname="col1"><codeph class="+ topic/ph pr-d/codeph "><ph class="- topic/ph " otherprops="g.number.hex">FF0</ph></codeph></entry>
              <entry class="- topic/entry " colname="col2">PMCIDR0</entry>
              <entry class="- topic/entry " colname="col3">RO</entry>
              <entry class="- topic/entry " colname="col4"><xref class="- topic/xref " href="lau1443691157979.xml" keyref="Pmcir0PerformanceMonitorsComponentIdentificationRegister0" type="reference">PMCIDR0, Performance Monitors Component Identification Register 0<desc class="- topic/desc ">The PMCIDR0 provides information to identify a Performance Monitor     component.</desc></xref></entry>
            </row>
            <row class="- topic/row " rowsep="1">
              <entry class="- topic/entry " colname="col1"><codeph class="+ topic/ph pr-d/codeph "><ph class="- topic/ph " otherprops="g.number.hex">FF4</ph></codeph></entry>
              <entry class="- topic/entry " colname="col2">PMCIDR1</entry>
              <entry class="- topic/entry " colname="col3">RO</entry>
              <entry class="- topic/entry " colname="col4"><xref class="- topic/xref " href="lau1443690906393.xml" keyref="Pmcir1PerformanceMonitorsComponentIdentificationRegister1" type="reference">PMCIDR1, Performance Monitors Component Identification Register 1<desc class="- topic/desc ">The PMCIDR1 provides information to identify a Performance Monitor     component.</desc></xref></entry>
            </row>
            <row class="- topic/row " rowsep="1">
              <entry class="- topic/entry " colname="col1"><codeph class="+ topic/ph pr-d/codeph "><ph class="- topic/ph " otherprops="g.number.hex">FF8</ph></codeph></entry>
              <entry class="- topic/entry " colname="col2">PMCIDR2</entry>
              <entry class="- topic/entry " colname="col3">RO</entry>
              <entry class="- topic/entry " colname="col4"><xref class="- topic/xref " href="lau1443690983708.xml" keyref="Pmcir2PerformanceMonitorsComponentIdentificationRegister2" type="reference">PMCIDR2, Performance Monitors Component Identification Register 2<desc class="- topic/desc ">The PMCIDR2 provides information to identify a Performance Monitor     component.</desc></xref></entry>
            </row>
            <row class="- topic/row " rowsep="0">
              <entry class="- topic/entry " colname="col1"><codeph class="+ topic/ph pr-d/codeph "><ph class="- topic/ph " otherprops="g.number.hex">FFC</ph></codeph></entry>
              <entry class="- topic/entry " colname="col2">PMCIDR3</entry>
              <entry class="- topic/entry " colname="col3">RO</entry>
              <entry class="- topic/entry " colname="col4"><xref class="- topic/xref " href="lau1443691250407.xml" keyref="Pmcir3PerformanceMonitorsComponentIdentificationRegister3" type="reference">PMCIDR3, Performance Monitors Component Identification Register 3<desc class="- topic/desc ">The PMCIDR3 provides information to identify a Performance Monitor     component.</desc></xref></entry>
            </row>
          </tbody>
        </tgroup>
      </table>
    </section>
  </refbody>
</reference>