<?xml version="1.0" encoding="UTF-8"?>
<!DOCTYPE reference
  PUBLIC "-//OASIS//DTD DITA Reference//EN" "reference.dtd">
<reference xmlns:ditaarch="http://dita.oasis-open.org/architecture/2005/" class="- topic/topic       reference/reference " ditaarch:DITAArchVersion="1.2" id="joh1460102853477" xml:lang="en-us">
  
  <title class="- topic/title " id="TitleCPUConfigurationRegister_EL1">CPUCFR_EL1, CPU Configuration
    Register, EL1</title>
  <shortdesc class="- topic/shortdesc ">The CPUCFR_EL1 provides configuration information for the core. </shortdesc>
  <prolog class="- topic/prolog ">
    <permissions class="- topic/permissions " view="nonconfidential"/>
    
  </prolog>
  <refbody class="- topic/body        reference/refbody ">
    <section class="- topic/section ">
      <title class="- topic/title ">Bit field descriptions</title>
      <p class="- topic/p ">CPUCFR_EL1 is a 32-bit register, and is part of the <term class="- topic/term " outputclass="archterm">IMPLEMENTATION DEFINED</term> registers functional group.</p>
      <p class="- topic/p ">This register is Read Only.</p>
            
      
      <fig class="- topic/fig ">
        <title class="- topic/title ">CPUCFR_EL1 bit assignments</title>
        <image class="- topic/image " href="wod1481131475046.svg" placement="inline">
          <alt class="- topic/alt ">CPUCFR_EL1 bit assignments</alt>
        </image>
      </fig>
      <dl class="- topic/dl ">
        
        <dlentry class="- topic/dlentry ">
          <dt class="- topic/dt ">RES0, [31:2]</dt>
          <dd class="- topic/dd ">
            <dl class="- topic/dl " compact="yes" outputclass="termwidthpc8">
              <dlentry class="- topic/dlentry ">
                <dt class="- topic/dt "/>
                <dd class="- topic/dd ">Reserved, <term class="- topic/term " outputclass="archterm">RES0</term>.</dd>
              </dlentry>
            </dl>
          </dd>
        </dlentry>
        
        
        
        <dlentry class="- topic/dlentry ">
          <dt class="- topic/dt ">ECC, [1:0]</dt>
          <dd class="- topic/dd ">
            <p class="- topic/p ">Indicates whether ECC is present or not. The possible values are:</p>
            <dl class="- topic/dl " compact="yes" outputclass="termwidthpc8">
              <dlentry class="- topic/dlentry ">
                <dt class="- topic/dt "><codeph class="+ topic/ph pr-d/codeph " otherprops="g.number.any">00</codeph></dt>
                <dd class="- topic/dd ">ECC is not present.</dd>
              </dlentry>
              <dlentry class="- topic/dlentry ">
                <dt class="- topic/dt "><codeph class="+ topic/ph pr-d/codeph " otherprops="g.number.any">01</codeph></dt>
                <dd class="- topic/dd ">ECC is present.</dd>
              </dlentry>
            </dl>
          </dd>
        </dlentry>
                
      </dl>
      <dl class="- topic/dl ">
        <dlentry class="- topic/dlentry ">
          <dt class="- topic/dt ">Configurations</dt>
          
          <dd class="- topic/dd ">
            <p class="- topic/p ">There are no configuration notes.</p>
            <p class="- topic/p ">Bit fields and details that are not provided in this description are architecturally defined. See the <cite class="- topic/cite "><ph class="- topic/ph ">
                            <keyword class="- topic/keyword "><tm class="- topic/tm " tmtype="reg">Arm</tm></keyword> Architecture Reference Manual <keyword class="- topic/keyword ">Arm</keyword>v8, for <keyword class="- topic/keyword ">Arm</keyword>v8-A architecture profile</ph></cite>.</p>
          </dd>
        </dlentry>
      </dl>
    </section>
    <section class="- topic/section ">
      <title class="- topic/title ">Usage constraints</title>
      <dl class="- topic/dl ">
        <dlentry class="- topic/dlentry ">
          <dt class="- topic/dt ">Accessing the CPUCFR_EL1</dt>
          <dd class="- topic/dd ">
            <p class="- topic/p ">This register can be read with the MRS instruction using the
              following syntax:</p>
            <codeblock class="+ topic/pre pr-d/codeblock " xml:space="preserve">MRS &lt;Xt&gt;,&lt;systemreg&gt;</codeblock>
            <p class="- topic/p ">To access the CPUCFR_EL1:</p>
            <codeblock class="+ topic/pre pr-d/codeblock " xml:space="preserve">MRS &lt;Xt&gt;, CPUCFR_EL1 ; Read CPUCFR_EL1 into Xt</codeblock>
          </dd>
        </dlentry>
      </dl>
      <p class="- topic/p ">This syntax is encoded with the following settings in the instruction
        encoding:</p>
      <table class="- topic/table " id="table_its_42f_4v">
        <tgroup class="- topic/tgroup " cols="6">
          <colspec class="- topic/colspec " colname="col1" colnum="1"/><colspec class="- topic/colspec " colname="col2" colnum="2"/><colspec class="- topic/colspec " colname="col3" colnum="3"/><colspec class="- topic/colspec " colname="col4" colnum="4"/><colspec class="- topic/colspec " colname="col5" colnum="5"/><colspec class="- topic/colspec " colname="col6" colnum="6"/><thead class="- topic/thead ">
            <row class="- topic/row ">
              <entry class="- topic/entry " colname="col1">&lt;systemreg&gt;</entry>
              <entry class="- topic/entry " colname="col2">op0</entry>
              <entry class="- topic/entry " colname="col3">op1</entry>
              <entry class="- topic/entry " colname="col4">CRn</entry>
              <entry class="- topic/entry " colname="col5">CRm</entry>
              <entry class="- topic/entry " colname="col6">op2</entry>
            </row>
          </thead>
          <tbody class="- topic/tbody ">
            <row class="- topic/row ">
              <entry class="- topic/entry " colname="col1">S3_0_C15_C0_0</entry>
              <entry class="- topic/entry " colname="col2">11</entry>
              <entry class="- topic/entry " colname="col3">000</entry>
              <entry class="- topic/entry " colname="col4">1111</entry>
              <entry class="- topic/entry " colname="col5">0000</entry>
              <entry class="- topic/entry " colname="col6">000</entry>
            </row>
          </tbody>
        </tgroup>
      </table>
      <dl class="- topic/dl ">
        <dlentry class="- topic/dlentry ">
          <dt class="- topic/dt ">Accessibility</dt>
          <dd class="- topic/dd ">
            <p class="- topic/p ">This register is accessible in software as follows:</p>
          </dd>
        </dlentry>
      </dl>
      <table class="- topic/table " id="table_br1_4vf_1v">
        <tgroup class="- topic/tgroup " cols="8">
          <colspec class="- topic/colspec " colname="col1" colnum="1" colwidth="100pt"/>
          <colspec class="- topic/colspec " colname="col2" colnum="2" colwidth="30pt"/>
          <colspec class="- topic/colspec " colname="col3" colnum="3" colwidth="30pt"/>
          <colspec class="- topic/colspec " colname="col4" colnum="4" colwidth="30pt"/>
          <colspec class="- topic/colspec " colname="col5" colnum="5" colwidth="30pt"/>
          <colspec class="- topic/colspec " colname="col6" colnum="6" colwidth="30pt"/>
          <colspec class="- topic/colspec " colname="col7" colnum="7" colwidth="30pt"/>
          <colspec class="- topic/colspec " colname="col8" colnum="8" colwidth="30pt"/>
          <thead class="- topic/thead ">
            <row class="- topic/row ">
              <entry class="- topic/entry " colname="col1" morerows="1">&lt;systemreg&gt;</entry>
              <entry class="- topic/entry " colname="col2" nameend="col4" namest="col2">Control</entry>
              <entry class="- topic/entry " colname="col5" nameend="col8" namest="col5">Accessibility</entry>
            </row>
            <row class="- topic/row ">
              <entry class="- topic/entry " colname="col1">E2H</entry>
              <entry class="- topic/entry " colname="col2">TGE</entry>
              <entry class="- topic/entry " colname="col3">NS</entry>
              <entry class="- topic/entry " colname="col4">EL0</entry>
              <entry class="- topic/entry " colname="col5">EL1</entry>
              <entry class="- topic/entry " colname="col6">EL2</entry>
              <entry class="- topic/entry " colname="col7">EL3</entry>
            </row>
          </thead>
          <tbody class="- topic/tbody ">
            <row class="- topic/row ">
              <entry class="- topic/entry " colname="col1">S3_0_C15_C0_0</entry>
              <entry class="- topic/entry " colname="col2">x</entry>
              <entry class="- topic/entry " colname="col3">x</entry>
              <entry class="- topic/entry " colname="col4">0</entry>
              <entry class="- topic/entry " colname="col5">-</entry>
              <entry class="- topic/entry " colname="col6">RO</entry>
              <entry class="- topic/entry " colname="col7">n/a</entry>
              <entry class="- topic/entry " colname="col8">RO</entry>
            </row>
            <row class="- topic/row ">
              <entry class="- topic/entry " colname="col1">S3_0_C15_C0_0</entry>
              <entry class="- topic/entry " colname="col2">x</entry>
              <entry class="- topic/entry " colname="col3">0</entry>
              <entry class="- topic/entry " colname="col4">1</entry>
              <entry class="- topic/entry " colname="col5">-</entry>
              <entry class="- topic/entry " colname="col6">RO</entry>
              <entry class="- topic/entry " colname="col7">RO</entry>
              <entry class="- topic/entry " colname="col8">RO</entry>
            </row>
            <row class="- topic/row ">
              <entry class="- topic/entry " colname="col1">S3_0_C15_C0_0</entry>
              <entry class="- topic/entry " colname="col2">x</entry>
              <entry class="- topic/entry " colname="col3">1</entry>
              <entry class="- topic/entry " colname="col4">1</entry>
              <entry class="- topic/entry " colname="col5">-</entry>
              <entry class="- topic/entry " colname="col6">n/a</entry>
              <entry class="- topic/entry " colname="col7">RO</entry>
              <entry class="- topic/entry " colname="col8">RO</entry>
            </row>
          </tbody>
        </tgroup>
      </table>
      <p class="- topic/p ">'n/a' Not accessible. The PE cannot be executing at this Exception level,
        so this access is not possible.</p>
      
    </section>
  </refbody>
</reference>