<?xml version="1.0" encoding="UTF-8"?>
<!DOCTYPE reference
  PUBLIC "-//OASIS//DTD DITA Reference//EN" "reference.dtd">
<reference xmlns:ditaarch="http://dita.oasis-open.org/architecture/2005/" class="- topic/topic       reference/reference " ditaarch:DITAArchVersion="1.2" id="joh1440673949213" xml:lang="en-us">
  <title class="- topic/title ">PMU interrupts</title>
  <shortdesc class="- topic/shortdesc ">The <ph class="- topic/ph "><keyword class="- topic/keyword "><tm class="- topic/tm " tmtype="reg">Cortex</tm></keyword><keyword class="- topic/keyword ">‑A76</keyword></ph>
    core asserts the <keyword class="- topic/keyword " otherprops="g.signal.name">nPMUIRQ</keyword>
    signal when the PMU generates an interrupt. </shortdesc>
  <prolog class="- topic/prolog ">
    <permissions class="- topic/permissions " view="nonconfidential"/>
    
  </prolog>
  <refbody class="- topic/body        reference/refbody ">
    <section class="- topic/section ">
      <p class="- topic/p ">You can route this signal to an external interrupt controller for
        prioritization and masking. This is the only mechanism that signals this interrupt to the
        core.</p>
      <p class="- topic/p ">This interrupt is also driven as a trigger input to the CTI. See the <cite class="- topic/cite "><ph class="- topic/ph ">
                            <keyword class="- topic/keyword "><tm class="- topic/tm " tmtype="reg">Arm</tm></keyword> <ph class="- topic/ph "><keyword class="- topic/keyword "><tm class="- topic/tm " tmtype="tm">DynamIQ</tm>
                                    Shared Unit</keyword></ph> Technical Reference Manual</ph></cite> for more information.</p>
    </section>
  </refbody>
</reference>