<?xml version="1.0" encoding="UTF-8"?>
<!DOCTYPE reference
  PUBLIC "-//OASIS//DTD DITA Reference//EN" "reference.dtd">
<reference xmlns:ditaarch="http://dita.oasis-open.org/architecture/2005/" class="- topic/topic       reference/reference " ditaarch:DITAArchVersion="1.2" id="joh1440673263737" xml:lang="en-us">
  <title class="- topic/title ">DBGCLAIMSET_EL1, Debug Claim Tag Set Register, EL1</title>
  <shortdesc class="- topic/shortdesc ">The DBGCLAIMSET_EL1 is used by software to set CLAIM bits to
    1.</shortdesc>
  <prolog class="- topic/prolog ">
    <permissions class="- topic/permissions " view="nonconfidential"/>

  </prolog>
  <refbody class="- topic/body        reference/refbody ">
    <section class="- topic/section ">
      <title class="- topic/title ">Bit field descriptions</title>
      <p class="- topic/p ">The DBGCLAIMSET_EL1 is a 32-bit register.</p>
      <fig class="- topic/fig ">
        <title class="- topic/title ">DBGCLAIMSET_EL1 bit assignments</title>
        <image class="- topic/image " href="lau1443604513180.svg" placement="inline">
          <alt class="- topic/alt ">DBGCLAIMSET_EL1 bit assignments</alt>
        </image>
      </fig>

      <dl class="- topic/dl ">
        <dlentry class="- topic/dlentry ">
          <dt class="- topic/dt ">RES0,
            [31:8]</dt>
          <dd class="- topic/dd ">
            <dl class="- topic/dl " compact="yes" outputclass="termwidthpc8">
              <dlentry class="- topic/dlentry ">
                <dt class="- topic/dt "><term class="- topic/term " outputclass="archterm">res0</term></dt>
                <dd class="- topic/dd ">Reserved.</dd>
              </dlentry>
            </dl>
          </dd>
        </dlentry>

        <dlentry class="- topic/dlentry ">
          <dt class="- topic/dt ">CLAIM, [7:0]</dt>
          <dd class="- topic/dd "><p class="- topic/p ">Claim set bits.</p><p class="- topic/p ">Writing a 1
              to one of these bits sets the corresponding CLAIM bit to 1. This is an indirect write
              to the CLAIM bits.</p><p class="- topic/p ">A single write operation can set multiple
              bits to 1. Writing 0 to one of these bits has no effect.</p></dd>
        </dlentry>
      </dl>
      <p class="- topic/p ">Bit fields and details not provided in this description are
        architecturally defined. See the <cite class="- topic/cite "><ph class="- topic/ph ">
                            <keyword class="- topic/keyword "><tm class="- topic/tm " tmtype="reg">Arm</tm></keyword> Architecture Reference Manual <keyword class="- topic/keyword ">Arm</keyword>v8, for <keyword class="- topic/keyword ">Arm</keyword>v8-A architecture profile</ph></cite>.</p>
    </section>
    
  </refbody>
</reference>