<?xml version="1.0" encoding="UTF-8"?>
<!DOCTYPE reference
  PUBLIC "-//OASIS//DTD DITA Reference//EN" "reference.dtd">
<reference xmlns:ditaarch="http://dita.oasis-open.org/architecture/2005/" class="- topic/topic       reference/reference " ditaarch:DITAArchVersion="1.2" id="joh1441897107946" xml:lang="en-us">
	<title class="- topic/title ">On</title>
	<abstract class="- topic/abstract ">
		<shortdesc class="- topic/shortdesc ">In this mode, the core is on and fully operational.</shortdesc>
		
	</abstract>
	
	<prolog class="- topic/prolog ">
		<permissions class="- topic/permissions " view="nonconfidential"/>
	</prolog>
	<refbody class="- topic/body        reference/refbody ">
		<section class="- topic/section ">
			<p class="- topic/p ">The core can be initialized into the On mode. If the core does not use P-Channel, you can tie the core in the On mode by tying <keyword class="- topic/keyword " otherprops="g.signal.name">PREQ</keyword> LOW.</p>
			
			<p class="- topic/p ">When a transition to the On mode completes, all caches are accessible
				and coherent. Other than the normal architectural steps to enable caches, no
				additional software configuration is required.</p>
			<p class="- topic/p ">When the core domain P-Channel is initialized into the On mode,
				either as a shortcut for entering that mode or as a tie-off for an unused P-Channel,
				it is an assumed transition from the Off mode. This includes an invalidation of any
				cache RAM within the core domain. </p>
		</section>
	</refbody>
</reference>