<?xml version="1.0" encoding="UTF-8"?>
<!DOCTYPE reference
  PUBLIC "-//OASIS//DTD DITA Reference//EN" "reference.dtd">
<reference xmlns:ditaarch="http://dita.oasis-open.org/architecture/2005/" class="- topic/topic       reference/reference " ditaarch:DITAArchVersion="1.2" id="joh1440673253656" xml:lang="en-us">
  <title class="- topic/title ">AArch64 debug register summary</title>
  <abstract class="- topic/abstract ">
    </abstract>
  <prolog class="- topic/prolog ">
    <permissions class="- topic/permissions " view="nonconfidential"/>

  </prolog>
  <refbody class="- topic/body        reference/refbody ">
    <section class="- topic/section ">
      <p class="- topic/p "> These registers, listed in the following table, are accessed by the <codeph class="+ topic/ph pr-d/codeph ">MRS</codeph> and <codeph class="+ topic/ph pr-d/codeph ">MSR</codeph> instructions in the
        order of Op0, CRn, Op1, CRm, Op2.</p>
      <p class="- topic/p ">See <xref class="- topic/xref " href="joh1440673283754.xml" keyref="MemoryMappedDebugRegisterSummary" type="reference">Memory-mapped debug register summary<desc class="- topic/desc ">The following table shows the offset address for the registers that are     accessible from the external debug interface.</desc></xref> for a complete list
        of registers accessible from the external debug interface. The 64-bit registers cover two
        addresses on the external memory interface. For those registers not described in this
        chapter, see the <cite class="- topic/cite "><ph class="- topic/ph ">
                            <keyword class="- topic/keyword "><tm class="- topic/tm " tmtype="reg">Arm</tm></keyword> Architecture Reference Manual <keyword class="- topic/keyword ">Arm</keyword>v8, for <keyword class="- topic/keyword ">Arm</keyword>v8-A architecture profile</ph></cite>.</p>
      <table class="- topic/table " colsep="0" frame="topbot" rowsep="0">
        <title class="- topic/title ">AArch64 debug register summary</title>
        <tgroup class="- topic/tgroup " cols="5" colsep="0" rowsep="0">
          <colspec class="- topic/colspec " colname="col1" colnum="1" colsep="0"/>
          <colspec class="- topic/colspec " colname="col2" colnum="2" colsep="0"/>
          <colspec class="- topic/colspec " colname="col3" colnum="3" colsep="0"/>
          <colspec class="- topic/colspec " colname="col4" colnum="4" colsep="0"/>
          <colspec class="- topic/colspec " colname="col5" colnum="5" colsep="0"/>
          <thead class="- topic/thead ">
            <row class="- topic/row " rowsep="1">
              <entry class="- topic/entry " colname="col1">Name</entry>
              <entry class="- topic/entry " colname="col2">Type</entry>
              <entry class="- topic/entry " colname="col3">Reset</entry>
              <entry class="- topic/entry " colname="col4">Width</entry>
              <entry class="- topic/entry " colname="col5">Description</entry>
            </row>
          </thead>
          <tbody class="- topic/tbody ">
            <row class="- topic/row " rowsep="1">
              <entry class="- topic/entry " colname="col1">OSDTRRX_EL1</entry>
              <entry class="- topic/entry " colname="col2">RW</entry>
              <entry class="- topic/entry " colname="col3"><codeph class="+ topic/ph pr-d/codeph "><ph class="- topic/ph " otherprops="g.number.hex">00000000</ph></codeph></entry>
              <entry class="- topic/entry " colname="col4">32</entry>
              <entry class="- topic/entry " colname="col5">Debug Data Transfer Register, Receive, External
                View</entry>
            </row>
            <row class="- topic/row " rowsep="1">
              <entry class="- topic/entry " colname="col1">DBGBVR0_EL1</entry>
              <entry class="- topic/entry " colname="col2">RW</entry>
              <entry class="- topic/entry " colname="col3">-</entry>
              <entry class="- topic/entry " colname="col4">64</entry>
              <entry class="- topic/entry " colname="col5">Debug Breakpoint Value Register 0</entry>
            </row>
            <row class="- topic/row " rowsep="1">
              <entry class="- topic/entry " colname="col1">DBGBCR0_EL1</entry>
              <entry class="- topic/entry " colname="col2">RW</entry>
              <entry class="- topic/entry " colname="col3">UNK</entry>
              <entry class="- topic/entry " colname="col4">32</entry>
              <entry class="- topic/entry " colname="col5"><xref class="- topic/xref " href="lau1443604138635.xml" type="reference">DBGBCRn_EL1, Debug Breakpoint Control Registers, EL1<desc class="- topic/desc ">The DBGBCRn_EL1 holds control information for a breakpoint. Each     DBGBVR_EL1 is associated with a DBGBCR_EL1 to form a <term class="- topic/term ">Breakpoint Register       Pair</term> (BRP). DBGBVRn_EL1 is associated with DBGBCRn_EL1 to form BRPn. The range of <term class="- topic/term ">n</term> for DBGBCRn_EL1 is 0 to 5.</desc></xref></entry>
            </row>
            <row class="- topic/row " rowsep="1">
              <entry class="- topic/entry " colname="col1">DBGWVR0_EL1</entry>
              <entry class="- topic/entry " colname="col2">RW</entry>
              <entry class="- topic/entry " colname="col3">-</entry>
              <entry class="- topic/entry " colname="col4">64</entry>
              <entry class="- topic/entry " colname="col5">Debug Watchpoint Value Register 0</entry>
            </row>
            <row class="- topic/row " rowsep="1">
              <entry class="- topic/entry " colname="col1">DBGWCR0_EL1</entry>
              <entry class="- topic/entry " colname="col2">RW</entry>
              <entry class="- topic/entry " colname="col3">UNK</entry>
              <entry class="- topic/entry " colname="col4">32</entry>
              <entry class="- topic/entry " colname="col5"><xref class="- topic/xref " href="lau1443604153577.xml" type="reference">DBGWCRn_EL1, Debug Watchpoint Control Registers, EL1<desc class="- topic/desc ">The DBGWCRn_EL1 holds control information for a watchpoint. Each     DBGWCR_EL1 is associated with a DBGWVR_EL1 to form a <term class="- topic/term ">Watchpoint Register       Pair</term> (WRP). DBGWCRn_EL1 is associated with DBGWVRn_EL1 to form WRP<term class="- topic/term ">n</term>. The range of <term class="- topic/term ">n</term> for DBGBCRn_EL1 is 0 to 3.</desc></xref></entry>
            </row>
            <row class="- topic/row " rowsep="1">
              <entry class="- topic/entry " colname="col1">DBGBVR1_EL1</entry>
              <entry class="- topic/entry " colname="col2">RW</entry>
              <entry class="- topic/entry " colname="col3">-</entry>
              <entry class="- topic/entry " colname="col4">64</entry>
              <entry class="- topic/entry " colname="col5">Debug Breakpoint Value Register 1</entry>
            </row>
            <row class="- topic/row " rowsep="1">
              <entry class="- topic/entry " colname="col1">DBGBCR1_EL1</entry>
              <entry class="- topic/entry " colname="col2">RW</entry>
              <entry class="- topic/entry " colname="col3">UNK</entry>
              <entry class="- topic/entry " colname="col4">32</entry>
              <entry class="- topic/entry " colname="col5"><xref class="- topic/xref " href="lau1443604138635.xml" type="reference">DBGBCRn_EL1, Debug Breakpoint Control Registers, EL1<desc class="- topic/desc ">The DBGBCRn_EL1 holds control information for a breakpoint. Each     DBGBVR_EL1 is associated with a DBGBCR_EL1 to form a <term class="- topic/term ">Breakpoint Register       Pair</term> (BRP). DBGBVRn_EL1 is associated with DBGBCRn_EL1 to form BRPn. The range of <term class="- topic/term ">n</term> for DBGBCRn_EL1 is 0 to 5.</desc></xref></entry>
            </row>
            <row class="- topic/row " rowsep="1">
              <entry class="- topic/entry " colname="col1">DBGWVR1_EL1</entry>
              <entry class="- topic/entry " colname="col2">RW</entry>
              <entry class="- topic/entry " colname="col3">-</entry>
              <entry class="- topic/entry " colname="col4">64</entry>
              <entry class="- topic/entry " colname="col5">Debug Watchpoint Value Register 1</entry>
            </row>
            <row class="- topic/row " rowsep="1">
              <entry class="- topic/entry " colname="col1">DBGWCR1_EL1</entry>
              <entry class="- topic/entry " colname="col2">RW</entry>
              <entry class="- topic/entry " colname="col3">UNK</entry>
              <entry class="- topic/entry " colname="col4">32</entry>
              <entry class="- topic/entry " colname="col5"><xref class="- topic/xref " href="lau1443604153577.xml" type="reference">DBGWCRn_EL1, Debug Watchpoint Control Registers, EL1<desc class="- topic/desc ">The DBGWCRn_EL1 holds control information for a watchpoint. Each     DBGWCR_EL1 is associated with a DBGWVR_EL1 to form a <term class="- topic/term ">Watchpoint Register       Pair</term> (WRP). DBGWCRn_EL1 is associated with DBGWVRn_EL1 to form WRP<term class="- topic/term ">n</term>. The range of <term class="- topic/term ">n</term> for DBGBCRn_EL1 is 0 to 3.</desc></xref></entry>
            </row>
            <row class="- topic/row " rowsep="1">
              <entry class="- topic/entry " colname="col1">MDCCINT_EL1</entry>
              <entry class="- topic/entry " colname="col2">RW</entry>
              <entry class="- topic/entry " colname="col3"><codeph class="+ topic/ph pr-d/codeph "><ph class="- topic/ph " otherprops="g.number.hex">00000000</ph></codeph></entry>
              <entry class="- topic/entry " colname="col4">32</entry>
              <entry class="- topic/entry " colname="col5">Monitor Debug Comms Channel Interrupt Enable
                Register</entry>
            </row>
            <row class="- topic/row " rowsep="1">
              <entry class="- topic/entry " colname="col1">MDSCR_EL1</entry>
              <entry class="- topic/entry " colname="col2">RW</entry>
              <entry class="- topic/entry " colname="col3">-</entry>
              <entry class="- topic/entry " colname="col4">32</entry>
              <entry class="- topic/entry " colname="col5">
                
                
              </entry>
            </row>
            <row class="- topic/row " rowsep="1">
              <entry class="- topic/entry " colname="col1">DBGBVR2_EL1</entry>
              <entry class="- topic/entry " colname="col2">RW</entry>
              <entry class="- topic/entry " colname="col3">-</entry>
              <entry class="- topic/entry " colname="col4">64</entry>
              <entry class="- topic/entry " colname="col5">Debug Breakpoint Value Register 2</entry>
            </row>
            <row class="- topic/row " rowsep="1">
              <entry class="- topic/entry " colname="col1">DBGBCR2_EL1</entry>
              <entry class="- topic/entry " colname="col2">RW</entry>
              <entry class="- topic/entry " colname="col3">UNK</entry>
              <entry class="- topic/entry " colname="col4">32</entry>
              <entry class="- topic/entry " colname="col5"><xref class="- topic/xref " href="lau1443604138635.xml" type="reference">DBGBCRn_EL1, Debug Breakpoint Control Registers, EL1<desc class="- topic/desc ">The DBGBCRn_EL1 holds control information for a breakpoint. Each     DBGBVR_EL1 is associated with a DBGBCR_EL1 to form a <term class="- topic/term ">Breakpoint Register       Pair</term> (BRP). DBGBVRn_EL1 is associated with DBGBCRn_EL1 to form BRPn. The range of <term class="- topic/term ">n</term> for DBGBCRn_EL1 is 0 to 5.</desc></xref></entry>
            </row>
            <row class="- topic/row " rowsep="1">
              <entry class="- topic/entry " colname="col1">DBGWVR2_EL1</entry>
              <entry class="- topic/entry " colname="col2">RW</entry>
              <entry class="- topic/entry " colname="col3">-</entry>
              <entry class="- topic/entry " colname="col4">64</entry>
              <entry class="- topic/entry " colname="col5">Debug Watchpoint Value Register 2</entry>
            </row>
            <row class="- topic/row " rowsep="1">
              <entry class="- topic/entry " colname="col1">DBGWCR2_EL1</entry>
              <entry class="- topic/entry " colname="col2">RW</entry>
              <entry class="- topic/entry " colname="col3">UNK</entry>
              <entry class="- topic/entry " colname="col4">32</entry>
              <entry class="- topic/entry " colname="col5"><xref class="- topic/xref " href="lau1443604153577.xml" type="reference">DBGWCRn_EL1, Debug Watchpoint Control Registers, EL1<desc class="- topic/desc ">The DBGWCRn_EL1 holds control information for a watchpoint. Each     DBGWCR_EL1 is associated with a DBGWVR_EL1 to form a <term class="- topic/term ">Watchpoint Register       Pair</term> (WRP). DBGWCRn_EL1 is associated with DBGWVRn_EL1 to form WRP<term class="- topic/term ">n</term>. The range of <term class="- topic/term ">n</term> for DBGBCRn_EL1 is 0 to 3.</desc></xref></entry>
            </row>
            <row class="- topic/row " rowsep="1">
              <entry class="- topic/entry " colname="col1">OSDTRTX_EL1</entry>
              <entry class="- topic/entry " colname="col2">RW</entry>
              <entry class="- topic/entry " colname="col3">-</entry>
              <entry class="- topic/entry " colname="col4">32</entry>
              <entry class="- topic/entry " colname="col5">Debug Data Transfer Register, Transmit, External
                View</entry>
            </row>
            <row class="- topic/row " rowsep="1">
              <entry class="- topic/entry " colname="col1">DBGBVR3_EL1</entry>
              <entry class="- topic/entry " colname="col2">RW</entry>
              <entry class="- topic/entry " colname="col3">-</entry>
              <entry class="- topic/entry " colname="col4">64</entry>
              <entry class="- topic/entry " colname="col5">Debug Breakpoint Value Register 3</entry>
            </row>
            <row class="- topic/row " rowsep="1">
              <entry class="- topic/entry " colname="col1">DBGBCR3_EL1</entry>
              <entry class="- topic/entry " colname="col2">RW</entry>
              <entry class="- topic/entry " colname="col3">UNK</entry>
              <entry class="- topic/entry " colname="col4">32</entry>
              <entry class="- topic/entry " colname="col5"><xref class="- topic/xref " href="lau1443604138635.xml" type="reference">DBGBCRn_EL1, Debug Breakpoint Control Registers, EL1<desc class="- topic/desc ">The DBGBCRn_EL1 holds control information for a breakpoint. Each     DBGBVR_EL1 is associated with a DBGBCR_EL1 to form a <term class="- topic/term ">Breakpoint Register       Pair</term> (BRP). DBGBVRn_EL1 is associated with DBGBCRn_EL1 to form BRPn. The range of <term class="- topic/term ">n</term> for DBGBCRn_EL1 is 0 to 5.</desc></xref></entry>
            </row>
            <row class="- topic/row " rowsep="1">
              <entry class="- topic/entry " colname="col1">DBGWVR3_EL1</entry>
              <entry class="- topic/entry " colname="col2">RW</entry>
              <entry class="- topic/entry " colname="col3">-</entry>
              <entry class="- topic/entry " colname="col4">64</entry>
              <entry class="- topic/entry " colname="col5">Debug Watchpoint Value Register 3</entry>
            </row>
            <row class="- topic/row " rowsep="1">
              <entry class="- topic/entry " colname="col1">DBGWCR3_EL1</entry>
              <entry class="- topic/entry " colname="col2">RW</entry>
              <entry class="- topic/entry " colname="col3">UNK</entry>
              <entry class="- topic/entry " colname="col4">32</entry>
              <entry class="- topic/entry " colname="col5"><xref class="- topic/xref " href="lau1443604153577.xml" type="reference">DBGWCRn_EL1, Debug Watchpoint Control Registers, EL1<desc class="- topic/desc ">The DBGWCRn_EL1 holds control information for a watchpoint. Each     DBGWCR_EL1 is associated with a DBGWVR_EL1 to form a <term class="- topic/term ">Watchpoint Register       Pair</term> (WRP). DBGWCRn_EL1 is associated with DBGWVRn_EL1 to form WRP<term class="- topic/term ">n</term>. The range of <term class="- topic/term ">n</term> for DBGBCRn_EL1 is 0 to 3.</desc></xref></entry>
            </row>
            <row class="- topic/row " rowsep="1">
              <entry class="- topic/entry " colname="col1">DBGBVR4_EL1</entry>
              <entry class="- topic/entry " colname="col2">RW</entry>
              <entry class="- topic/entry " colname="col3">-</entry>
              <entry class="- topic/entry " colname="col4">64</entry>
              <entry class="- topic/entry " colname="col5">Debug Breakpoint Value Register 4</entry>
            </row>
            <row class="- topic/row " rowsep="1">
              <entry class="- topic/entry " colname="col1">DBGBCR4_EL1</entry>
              <entry class="- topic/entry " colname="col2">RW</entry>
              <entry class="- topic/entry " colname="col3">UNK</entry>
              <entry class="- topic/entry " colname="col4">32</entry>
              <entry class="- topic/entry " colname="col5"><xref class="- topic/xref " href="lau1443604138635.xml" type="reference">DBGBCRn_EL1, Debug Breakpoint Control Registers, EL1<desc class="- topic/desc ">The DBGBCRn_EL1 holds control information for a breakpoint. Each     DBGBVR_EL1 is associated with a DBGBCR_EL1 to form a <term class="- topic/term ">Breakpoint Register       Pair</term> (BRP). DBGBVRn_EL1 is associated with DBGBCRn_EL1 to form BRPn. The range of <term class="- topic/term ">n</term> for DBGBCRn_EL1 is 0 to 5.</desc></xref></entry>
            </row>
            <row class="- topic/row " rowsep="1">
              <entry class="- topic/entry " colname="col1">DBGBVR5_EL1</entry>
              <entry class="- topic/entry " colname="col2">RW</entry>
              <entry class="- topic/entry " colname="col3">-</entry>
              <entry class="- topic/entry " colname="col4">64</entry>
              <entry class="- topic/entry " colname="col5">Debug Breakpoint Value Register 5</entry>
            </row>
            <row class="- topic/row " rowsep="1">
              <entry class="- topic/entry " colname="col1">DBGBCR5_EL1</entry>
              <entry class="- topic/entry " colname="col2">RW</entry>
              <entry class="- topic/entry " colname="col3">UNK</entry>
              <entry class="- topic/entry " colname="col4">32</entry>
              <entry class="- topic/entry " colname="col5"><xref class="- topic/xref " href="lau1443604138635.xml" type="reference">DBGBCRn_EL1, Debug Breakpoint Control Registers, EL1<desc class="- topic/desc ">The DBGBCRn_EL1 holds control information for a breakpoint. Each     DBGBVR_EL1 is associated with a DBGBCR_EL1 to form a <term class="- topic/term ">Breakpoint Register       Pair</term> (BRP). DBGBVRn_EL1 is associated with DBGBCRn_EL1 to form BRPn. The range of <term class="- topic/term ">n</term> for DBGBCRn_EL1 is 0 to 5.</desc></xref></entry>
            </row>
            <row class="- topic/row " rowsep="1">
              <entry class="- topic/entry " colname="col1">OSECCR_EL1</entry>
              <entry class="- topic/entry " colname="col2">RW</entry>
              <entry class="- topic/entry " colname="col3"><codeph class="+ topic/ph pr-d/codeph "><ph class="- topic/ph " otherprops="g.number.hex">00000000</ph></codeph></entry>
              <entry class="- topic/entry " colname="col4">32</entry>
              <entry class="- topic/entry " colname="col5">Debug OS Lock Exception Catch Register</entry>
            </row>
            <row class="- topic/row " rowsep="1">
              <entry class="- topic/entry " colname="col1">MDCCSR_EL0</entry>
              <entry class="- topic/entry " colname="col2">RO</entry>
              <entry class="- topic/entry " colname="col3"><codeph class="+ topic/ph pr-d/codeph "><ph class="- topic/ph " otherprops="g.number.hex">00000000</ph></codeph></entry>
              <entry class="- topic/entry " colname="col4">32</entry>
              <entry class="- topic/entry " colname="col5">Monitor Debug Comms Channel Status
                Register</entry>
            </row>
            <row class="- topic/row " rowsep="1">
              <entry class="- topic/entry " colname="col1">DBGDTR_EL0</entry>
              <entry class="- topic/entry " colname="col2">RW</entry>
              <entry class="- topic/entry " colname="col3"><codeph class="+ topic/ph pr-d/codeph "><ph class="- topic/ph " otherprops="g.number.hex">00000000</ph></codeph></entry>
              <entry class="- topic/entry " colname="col4">64</entry>
              <entry class="- topic/entry " colname="col5">Debug Data Transfer Register, half-duplex</entry>
            </row>
            <row class="- topic/row " rowsep="1">
              <entry class="- topic/entry " colname="col1">DBGDTRTX_EL0</entry>
              <entry class="- topic/entry " colname="col2">WO</entry>
              <entry class="- topic/entry " colname="col3"><codeph class="+ topic/ph pr-d/codeph "><ph class="- topic/ph " otherprops="g.number.hex">00000000</ph></codeph></entry>
              <entry class="- topic/entry " colname="col4">32</entry>
              <entry class="- topic/entry " colname="col5">Debug Data Transfer Register, Transmit, Internal
                View</entry>
            </row>
            <row class="- topic/row " rowsep="1">
              <entry class="- topic/entry " colname="col1">DBGDTRRX_EL0</entry>
              <entry class="- topic/entry " colname="col2">RO</entry>
              <entry class="- topic/entry " colname="col3"><codeph class="+ topic/ph pr-d/codeph "><ph class="- topic/ph " otherprops="g.number.hex">00000000</ph></codeph></entry>
              <entry class="- topic/entry " colname="col4">32</entry>
              <entry class="- topic/entry " colname="col5">Debug Data Transfer Register, Receive, Internal
                View</entry>
            </row>
            
            <row class="- topic/row " rowsep="1">
              <entry class="- topic/entry " colname="col1">MDRAR_EL1</entry>
              <entry class="- topic/entry " colname="col2">RO</entry>
              <entry class="- topic/entry " colname="col3"><p class="- topic/p ">-</p></entry>
              <entry class="- topic/entry " colname="col4">64</entry>
              <entry class="- topic/entry " colname="col5">Debug ROM Address Register. This register is
                reserved, <term class="- topic/term " outputclass="archterm">RES0</term></entry>
            </row>
            <row class="- topic/row " rowsep="1">
              <entry class="- topic/entry " colname="col1">OSLAR_EL1</entry>
              <entry class="- topic/entry " colname="col2">WO</entry>
              <entry class="- topic/entry " colname="col3">-</entry>
              <entry class="- topic/entry " colname="col4">32</entry>
              <entry class="- topic/entry " colname="col5">Debug OS Lock Access Register</entry>
            </row>
            <row class="- topic/row " rowsep="1">
              <entry class="- topic/entry " colname="col1">OSLSR_EL1</entry>
              <entry class="- topic/entry " colname="col2">RO</entry>
              <entry class="- topic/entry " colname="col3"><codeph class="+ topic/ph pr-d/codeph "><ph class="- topic/ph " otherprops="g.number.hex">0000000A</ph></codeph></entry>
              <entry class="- topic/entry " colname="col4">32</entry>
              <entry class="- topic/entry " colname="col5">Debug OS Lock Status Register</entry>
            </row>
            <row class="- topic/row " rowsep="1">
              <entry class="- topic/entry " colname="col1">OSDLR_EL1</entry>
              <entry class="- topic/entry " colname="col2">RW</entry>
              <entry class="- topic/entry " colname="col3"><codeph class="+ topic/ph pr-d/codeph "><ph class="- topic/ph " otherprops="g.number.hex">00000000</ph></codeph></entry>
              <entry class="- topic/entry " colname="col4">32</entry>
              <entry class="- topic/entry " colname="col5">Debug OS Double Lock Register</entry>
            </row>
            <row class="- topic/row " rowsep="1">
              <entry class="- topic/entry " colname="col1">DBGPRCR_EL1</entry>
              <entry class="- topic/entry " colname="col2">RW</entry>
              <entry class="- topic/entry " colname="col3">-</entry>
              <entry class="- topic/entry " colname="col4">32</entry>
              <entry class="- topic/entry " colname="col5">Debug Power/Reset Control Register</entry>
            </row>
            <row class="- topic/row " rowsep="1">
              <entry class="- topic/entry " colname="col1">DBGCLAIMSET_EL1</entry>
              <entry class="- topic/entry " colname="col2">RW</entry>
              <entry class="- topic/entry " colname="col3"><codeph class="+ topic/ph pr-d/codeph "><ph class="- topic/ph " otherprops="g.number.hex">000000FF</ph></codeph></entry>
              <entry class="- topic/entry " colname="col4">32</entry>
              <entry class="- topic/entry " colname="col5"><xref class="- topic/xref " href="joh1440673263737.xml" type="reference">DBGCLAIMSET_EL1, Debug Claim Tag Set Register, EL1<desc class="- topic/desc ">The DBGCLAIMSET_EL1 is used by software to set CLAIM bits to     1.</desc></xref></entry>
            </row>
            <row class="- topic/row " rowsep="1">
              <entry class="- topic/entry " colname="col1">DBGCLAIMCLR_EL1</entry>
              <entry class="- topic/entry " colname="col2">RW</entry>
              <entry class="- topic/entry " colname="col3"><codeph class="+ topic/ph pr-d/codeph "><ph class="- topic/ph " otherprops="g.number.hex">00000000</ph></codeph></entry>
              <entry class="- topic/entry " colname="col4">32</entry>
              <entry class="- topic/entry " colname="col5">Debug Claim Tag Clear Register</entry>
            </row>
            <row class="- topic/row " rowsep="0">
              <entry class="- topic/entry " colname="col1">DBGAUTHSTATUS_EL1</entry>
              <entry class="- topic/entry " colname="col2">RO</entry>
              <entry class="- topic/entry " colname="col3"><codeph class="+ topic/ph pr-d/codeph "><ph class="- topic/ph " otherprops="g.number.hex">000000AA</ph></codeph></entry>
              <entry class="- topic/entry " colname="col4">32</entry>
              <entry class="- topic/entry " colname="col5">Debug Authentication Status Register</entry>
            </row>
          </tbody>
        </tgroup>
      </table>
    </section>
  </refbody>
</reference>