<?xml version="1.0" encoding="UTF-8"?>
<!DOCTYPE reference
  PUBLIC "-//OASIS//DTD DITA Reference//EN" "reference.dtd">
<reference xmlns:ditaarch="http://dita.oasis-open.org/architecture/2005/" class="- topic/topic       reference/reference " ditaarch:DITAArchVersion="1.2" id="joh1440674621742" xml:lang="en-us">
  <title class="- topic/title ">Resetting the ETM</title>
  <shortdesc class="- topic/shortdesc ">The reset for <ph class="- topic/ph ">the ETM</ph> trace unit is the same as a Cold reset for the
    core. </shortdesc>
  <prolog class="- topic/prolog ">
    <permissions class="- topic/permissions " view="nonconfidential"/>
    
  </prolog>
  <refbody class="- topic/body        reference/refbody ">
    <section class="- topic/section ">
      <p class="- topic/p "><ph class="- topic/ph ">The ETM</ph> trace unit is not reset when Warm reset is applied to the core
        so that tracing through Warm core reset is possible.</p>
      <p class="- topic/p ">If <ph class="- topic/ph ">the ETM</ph> trace unit is reset, tracing stops until <ph class="- topic/ph ">the ETM</ph> trace unit is
        reprogrammed and re-enabled. However, if the core is reset using Warm reset, the last
        few instructions provided by the core before the reset might not be traced.</p>
      
    </section>
  </refbody>
</reference>