<?xml version="1.0" encoding="UTF-8"?>
<!DOCTYPE reference
  PUBLIC "-//OASIS//DTD DITA Reference//EN" "reference.dtd">
<reference xmlns:ditaarch="http://dita.oasis-open.org/architecture/2005/" class="- topic/topic       reference/reference " ditaarch:DITAArchVersion="1.2" id="joh1442223924802" xml:lang="en-us">
	<title class="- topic/title ">Debug over powerdown</title>
	<shortdesc class="- topic/shortdesc ">The <ph class="- topic/ph "><keyword class="- topic/keyword "><tm class="- topic/tm " tmtype="reg">Cortex</tm></keyword><keyword class="- topic/keyword ">‑A76</keyword></ph>
		core supports debug over powerdown, which allows a debugger to retain its connection with
		the core even when powered down. This enables debug to continue through powerdown scenarios,
		rather than having to re-establish a connection each time the core is powered
		up.</shortdesc>
	<prolog class="- topic/prolog ">
		<permissions class="- topic/permissions " view="nonconfidential"/>
	</prolog>
	<refbody class="- topic/body        reference/refbody ">
		<section class="- topic/section ">
			<p class="- topic/p ">The debug over powerdown logic is part of the DebugBlock, which is external to
				the cluster, and must remain powered on during the debug over powerdown process.</p>
			<p class="- topic/p ">See the <cite class="- topic/cite "><ph class="- topic/ph ">
                            <keyword class="- topic/keyword "><tm class="- topic/tm " tmtype="reg">Arm</tm></keyword> <ph class="- topic/ph "><keyword class="- topic/keyword "><tm class="- topic/tm " tmtype="tm">DynamIQ</tm>
                                    Shared Unit</keyword></ph> Technical Reference Manual</ph></cite>.</p>
			
		</section>
	</refbody>
</reference>