<?xml version="1.0" encoding="UTF-8"?>
<!DOCTYPE reference
  PUBLIC "-//OASIS//DTD DITA Reference//EN" "reference.dtd">
<reference xmlns:ditaarch="http://dita.oasis-open.org/architecture/2005/" class="- topic/topic       reference/reference " ditaarch:DITAArchVersion="1.2" id="joh1440673893072" xml:lang="en-us">
  
  <title class="- topic/title ">AArch32 PMU register summary</title>
  <shortdesc class="- topic/shortdesc ">The PMU counters and their associated control registers are accessible
    in the AArch32 Execution state from the internal CP15 system register interface with <codeph class="+ topic/ph pr-d/codeph ">MCR</codeph> and <codeph class="+ topic/ph pr-d/codeph ">MRC</codeph> instructions for 32-bit
    registers and <codeph class="+ topic/ph pr-d/codeph ">MCRR</codeph> and <codeph class="+ topic/ph pr-d/codeph ">MRRC</codeph> for
    64-bit registers.</shortdesc>
  <prolog class="- topic/prolog ">
    <permissions class="- topic/permissions " view="nonconfidential"/>

  </prolog>
  <refbody class="- topic/body        reference/refbody ">
    <section class="- topic/section ">
      <p class="- topic/p ">The following table gives a summary of the <ph class="- topic/ph "><keyword class="- topic/keyword "><tm class="- topic/tm " tmtype="reg">Cortex</tm></keyword><keyword class="- topic/keyword ">‑A76</keyword></ph> PMU registers in the
        AArch32 Execution state. For those registers not described in this chapter, see the <cite class="- topic/cite "><ph class="- topic/ph ">
                            <keyword class="- topic/keyword "><tm class="- topic/tm " tmtype="reg">Arm</tm></keyword> Architecture Reference Manual <keyword class="- topic/keyword ">Arm</keyword>v8, for <keyword class="- topic/keyword ">Arm</keyword>v8-A architecture profile</ph></cite>.</p>
      <table class="- topic/table " colsep="0" frame="topbot" rowsep="0">
        <title class="- topic/title ">PMU register summary in the AArch32 Execution state</title>
        <tgroup class="- topic/tgroup " cols="9" colsep="0" rowsep="0">
          <colspec class="- topic/colspec " colname="col1" colnum="1" colsep="0"/>
          <colspec class="- topic/colspec " colname="col2" colnum="2" colsep="0"/>
          <colspec class="- topic/colspec " colname="col3" colnum="3" colsep="0"/>
          <colspec class="- topic/colspec " colname="col4" colnum="4" colsep="0"/>
          <colspec class="- topic/colspec " colname="col5" colnum="5" colsep="0"/>
          <colspec class="- topic/colspec " colname="col6" colnum="6" colsep="0"/>
          <colspec class="- topic/colspec " colname="col7" colnum="7" colsep="0"/>
          <colspec class="- topic/colspec " colname="col8" colnum="8"/>
          <colspec class="- topic/colspec " colname="col9" colnum="9" colsep="0"/>
          <thead class="- topic/thead ">
            <row class="- topic/row " rowsep="1">
              <entry class="- topic/entry " colname="col1">CRn</entry>
              <entry class="- topic/entry " colname="col2">Op1</entry>
              <entry class="- topic/entry " colname="col3">CRm</entry>
              <entry class="- topic/entry " colname="col4">Op2</entry>
              <entry class="- topic/entry " colname="col5">Name</entry>
              <entry class="- topic/entry " colname="col6">Type</entry>
              <entry class="- topic/entry " colname="col7">Width</entry>
              <entry class="- topic/entry " colname="col8">Reset</entry>
              <entry class="- topic/entry " colname="col9">Description</entry>
            </row>
          </thead>
          <tbody class="- topic/tbody ">
            <row class="- topic/row " rowsep="1">
              <entry class="- topic/entry " colname="col1">c9</entry>
              <entry class="- topic/entry " colname="col2">0</entry>
              <entry class="- topic/entry " colname="col3">c12</entry>
              <entry class="- topic/entry " colname="col4">0</entry>
              <entry class="- topic/entry " colname="col5">PMCR</entry>
              <entry class="- topic/entry " colname="col6">RW</entry>
              <entry class="- topic/entry " colname="col7">32</entry>
              <entry class="- topic/entry " colname="col8">
                
                
                
                
                
                
                
                <p class="- topic/p "><ph class="- topic/ph " otherprops="g.number.any">0x410B30XX</ph></p>
                
              </entry>
              <entry class="- topic/entry " colname="col9"><xref class="- topic/xref " href="vwh1474025890586.xml" keyref="PmcrPerformanceMonitorsControlRegister" type="reference">PMCR, Performance Monitors Control Register<desc class="- topic/desc ">The PMCR provides details of the Performance Monitors implementation,     including the number of counters implemented, and configures and controls the     counters.</desc></xref></entry>
            </row>
            <row class="- topic/row " rowsep="1">
              <entry class="- topic/entry " colname="col1">c9</entry>
              <entry class="- topic/entry " colname="col2">0</entry>
              <entry class="- topic/entry " colname="col3">c12</entry>
              <entry class="- topic/entry " colname="col4">1</entry>
              <entry class="- topic/entry " colname="col5">PMCNTENSET</entry>
              <entry class="- topic/entry " colname="col6">RW</entry>
              <entry class="- topic/entry " colname="col7">32</entry>
              <entry class="- topic/entry " colname="col8"><p class="- topic/p "><ph class="- topic/ph " otherprops="g.number.hex">00000000</ph></p></entry>
              <entry class="- topic/entry " colname="col9">
                <p class="- topic/p ">Performance Monitors Count Enable Set Register</p>
              </entry>
            </row>
            <row class="- topic/row " rowsep="1">
              <entry class="- topic/entry " colname="col1">c9</entry>
              <entry class="- topic/entry " colname="col2">0</entry>
              <entry class="- topic/entry " colname="col3">c12</entry>
              <entry class="- topic/entry " colname="col4">2</entry>
              <entry class="- topic/entry " colname="col5">PMCNTENCLR</entry>
              <entry class="- topic/entry " colname="col6">RW</entry>
              <entry class="- topic/entry " colname="col7">32</entry>
              <entry class="- topic/entry " colname="col8"><p class="- topic/p "><ph class="- topic/ph " otherprops="g.number.hex">00000000</ph></p></entry>
              <entry class="- topic/entry " colname="col9">
                <p class="- topic/p ">Performance Monitors Count Enable Clear Register</p>
              </entry>
            </row>
            <row class="- topic/row " rowsep="1">
              <entry class="- topic/entry " colname="col1">c9</entry>
              <entry class="- topic/entry " colname="col2">0</entry>
              <entry class="- topic/entry " colname="col3">c12</entry>
              <entry class="- topic/entry " colname="col4">3</entry>
              <entry class="- topic/entry " colname="col5">PMOVSR</entry>
              <entry class="- topic/entry " colname="col6">RW</entry>
              <entry class="- topic/entry " colname="col7">32</entry>
              <entry class="- topic/entry " colname="col8"><p class="- topic/p "><ph class="- topic/ph " otherprops="g.number.hex">00000000</ph></p></entry>
              <entry class="- topic/entry " colname="col9">Performance Monitors Overflow Flag Status
                Register</entry>
            </row>
            <row class="- topic/row " rowsep="1">
              <entry class="- topic/entry " colname="col1">c9</entry>
              <entry class="- topic/entry " colname="col2">0</entry>
              <entry class="- topic/entry " colname="col3">c12</entry>
              <entry class="- topic/entry " colname="col4">4</entry>
              <entry class="- topic/entry " colname="col5">PMSWINC</entry>
              <entry class="- topic/entry " colname="col6">WO</entry>
              <entry class="- topic/entry " colname="col7">32</entry>
              <entry class="- topic/entry " colname="col8">UNK</entry>
              <entry class="- topic/entry " colname="col9">
                <p class="- topic/p ">Performance Monitors Software Increment Register</p>
              </entry>
            </row>
            <row class="- topic/row " rowsep="1">
              <entry class="- topic/entry " colname="col1">c9</entry>
              <entry class="- topic/entry " colname="col2">0</entry>
              <entry class="- topic/entry " colname="col3">c12</entry>
              <entry class="- topic/entry " colname="col4">5</entry>
              <entry class="- topic/entry " colname="col5">PMSELR</entry>
              <entry class="- topic/entry " colname="col6">RW</entry>
              <entry class="- topic/entry " colname="col7">32</entry>
              <entry class="- topic/entry " colname="col8">UNK</entry>
              <entry class="- topic/entry " colname="col9">
                <p class="- topic/p ">Performance Monitors Event Counter Selection Register</p>
              </entry>
            </row>
            <row class="- topic/row " rowsep="1">
              <entry class="- topic/entry " colname="col1">c9</entry>
              <entry class="- topic/entry " colname="col2">0</entry>
              <entry class="- topic/entry " colname="col3">c12</entry>
              <entry class="- topic/entry " colname="col4">6</entry>
              <entry class="- topic/entry " colname="col5">PMCEID0</entry>
              <entry class="- topic/entry " colname="col6">RO</entry>
              <entry class="- topic/entry " colname="col7">32</entry>
              <entry class="- topic/entry " colname="col8"><p class="- topic/p "><ph class="- topic/ph " otherprops="g.number.hex">7FFF0F3F</ph></p></entry>
              <entry class="- topic/entry " colname="col9"><xref class="- topic/xref " href="ehx1477942842064.xml" keyref="Pmceidr0PerformanceMonitorsCommonEventIdentificationRegister0" type="reference">PMCEID0_EL0, Performance Monitors Common Event Identification Register 0, EL0 (Ares/Enyo specific)<desc class="- topic/desc ">The PMCEID0_EL0 defines which common architectural and common     microarchitectural feature events are implemented.</desc></xref></entry>
            </row>
            <row class="- topic/row " rowsep="1">
              <entry class="- topic/entry " colname="col1">c9</entry>
              <entry class="- topic/entry " colname="col2">0</entry>
              <entry class="- topic/entry " colname="col3">c12</entry>
              <entry class="- topic/entry " colname="col4">7</entry>
              <entry class="- topic/entry " colname="col5">PMCEID1</entry>
              <entry class="- topic/entry " colname="col6">RO</entry>
              <entry class="- topic/entry " colname="col7">32</entry>
              <entry class="- topic/entry " colname="col8"><p class="- topic/p "><ph class="- topic/ph " otherprops="g.number.hex">FEF2AE7F</ph></p></entry>
              <entry class="- topic/entry " colname="col9"><xref class="- topic/xref " href="wyw1478113204130.xml" keyref="Pmceidr1PerformanceMonitorsCommonEventIdentificationRegister1" type="reference">PMCEID1_EL0, Performance Monitors Common Event Identification Register 1, EL0 (Ares/Enyo Specific)<desc class="- topic/desc ">The PMCEID1_EL0 defines which common architectural and common     microarchitectural feature events are implemented.</desc></xref></entry>
            </row>
            <row class="- topic/row " rowsep="1">
              <entry class="- topic/entry " colname="col1">c9</entry>
              <entry class="- topic/entry " colname="col2">0</entry>
              <entry class="- topic/entry " colname="col3">c14</entry>
              <entry class="- topic/entry " colname="col4">4</entry>
              <entry class="- topic/entry " colname="col5">PMCEID2</entry>
              <entry class="- topic/entry " colname="col6">RO</entry>
              <entry class="- topic/entry " colname="col7">32</entry>
              <entry class="- topic/entry " colname="col8"><p class="- topic/p "><ph class="- topic/ph " otherprops="g.number.hex">00000000</ph>
				
				</p></entry>
              <entry class="- topic/entry " colname="col9"><p class="- topic/p ">Reserved</p></entry>
            </row>
            <row class="- topic/row " rowsep="1">
              <entry class="- topic/entry " colname="col1">c9</entry>
              <entry class="- topic/entry " colname="col2">0</entry>
              <entry class="- topic/entry " colname="col3">c14</entry>
              <entry class="- topic/entry " colname="col4">5</entry>
              <entry class="- topic/entry " colname="col5">PMCEID3</entry>
              <entry class="- topic/entry " colname="col6">RO</entry>
              <entry class="- topic/entry " colname="col7">32</entry>
              <entry class="- topic/entry " colname="col8"><p class="- topic/p "><ph class="- topic/ph " otherprops="g.number.hex">00000000</ph></p></entry>
              <entry class="- topic/entry " colname="col9"><p class="- topic/p ">Reserved</p></entry>
            </row>
            <row class="- topic/row " rowsep="1">
              <entry class="- topic/entry " colname="col1">c9</entry>
              <entry class="- topic/entry " colname="col2">0</entry>
              <entry class="- topic/entry " colname="col3">c13</entry>
              <entry class="- topic/entry " colname="col4">0</entry>
              <entry class="- topic/entry " colname="col5">PMCCNTR[31:0]</entry>
              <entry class="- topic/entry " colname="col6">RW</entry>
              <entry class="- topic/entry " colname="col7">32</entry>
              <entry class="- topic/entry " colname="col8">UNK</entry>
              <entry class="- topic/entry " colname="col9" morerows="1">
                <p class="- topic/p ">Performance Monitors Cycle Count Register</p>
              </entry>
            </row>
            <row class="- topic/row " rowsep="1">
              <entry class="- topic/entry " colname="col1">c9</entry>
              <entry class="- topic/entry " colname="col2">3</entry>
              <entry class="- topic/entry " colname="col3">c13</entry>
              <entry class="- topic/entry " colname="col4">0</entry>
              <entry class="- topic/entry " colname="col5">PMCCNTR[63:0]</entry>
              <entry class="- topic/entry " colname="col6">RW</entry>
              <entry class="- topic/entry " colname="col7">64</entry>
              <entry class="- topic/entry " colname="col8">UNK</entry>
            </row>
            <row class="- topic/row " rowsep="1">
              <entry class="- topic/entry " colname="col1">c9</entry>
              <entry class="- topic/entry " colname="col2">0</entry>
              <entry class="- topic/entry " colname="col3">c13</entry>
              <entry class="- topic/entry " colname="col4">1</entry>
              <entry class="- topic/entry " colname="col5">PMXEVTYPER</entry>
              <entry class="- topic/entry " colname="col6">RW</entry>
              <entry class="- topic/entry " colname="col7">32</entry>
              <entry class="- topic/entry " colname="col8">UNK</entry>
              <entry class="- topic/entry " colname="col9">Performance Monitors Selected Event Type
                Register</entry>
            </row>
            <row class="- topic/row " rowsep="1">
              <entry class="- topic/entry " colname="col1">c9</entry>
              <entry class="- topic/entry " colname="col2">0</entry>
              <entry class="- topic/entry " colname="col3">c13</entry>
              <entry class="- topic/entry " colname="col4">2</entry>
              <entry class="- topic/entry " colname="col5">PMXEVCNTR</entry>
              <entry class="- topic/entry " colname="col6">RW</entry>
              <entry class="- topic/entry " colname="col7">32</entry>
              <entry class="- topic/entry " colname="col8">UNK</entry>
              <entry class="- topic/entry " colname="col9">Performance Monitors Selected Event Count
                Register</entry>
            </row>
            <row class="- topic/row " rowsep="1">
              <entry class="- topic/entry " colname="col1">c9</entry>
              <entry class="- topic/entry " colname="col2">0</entry>
              <entry class="- topic/entry " colname="col3">c14</entry>
              <entry class="- topic/entry " colname="col4">0</entry>
              <entry class="- topic/entry " colname="col5">PMUSERENR</entry>
              <entry class="- topic/entry " colname="col6">RW</entry>
              <entry class="- topic/entry " colname="col7">32</entry>
              <entry class="- topic/entry " colname="col8">UNK</entry>
              <entry class="- topic/entry " colname="col9">
                <p class="- topic/p ">Performance Monitors User Enable Register</p>
              </entry>
            </row>
            
            
            <row class="- topic/row " rowsep="1">
              <entry class="- topic/entry " colname="col1">c9</entry>
              <entry class="- topic/entry " colname="col2">0</entry>
              <entry class="- topic/entry " colname="col3">c14</entry>
              <entry class="- topic/entry " colname="col4">3</entry>
              <entry class="- topic/entry " colname="col5">PMOVSSET</entry>
              <entry class="- topic/entry " colname="col6">RW</entry>
              <entry class="- topic/entry " colname="col7">32</entry>
              <entry class="- topic/entry " colname="col8"><p class="- topic/p "><ph class="- topic/ph " otherprops="g.number.hex">00000000</ph></p></entry>
              <entry class="- topic/entry " colname="col9">Performance Monitor Overflow Flag Status Set
                Register</entry>
            </row>
            <row class="- topic/row " rowsep="1">
              <entry class="- topic/entry " colname="col1">c14</entry>
              <entry class="- topic/entry " colname="col2">0</entry>
              <entry class="- topic/entry " colname="col3">c8</entry>
              <entry class="- topic/entry " colname="col4">0</entry>
              <entry class="- topic/entry " colname="col5">PMEVCNTR0</entry>
              <entry class="- topic/entry " colname="col6">RW</entry>
              <entry class="- topic/entry " colname="col7">32</entry>
              <entry class="- topic/entry " colname="col8">UNK</entry>
              <entry class="- topic/entry " colname="col9" morerows="5">
                <p class="- topic/p ">Performance Monitor Event Count Registers</p>
              </entry>
            </row>
            <row class="- topic/row " rowsep="1">
              <entry class="- topic/entry " colname="col1">c14</entry>
              <entry class="- topic/entry " colname="col2">0</entry>
              <entry class="- topic/entry " colname="col3">c8</entry>
              <entry class="- topic/entry " colname="col4">1</entry>
              <entry class="- topic/entry " colname="col5">PMEVCNTR1</entry>
              <entry class="- topic/entry " colname="col6">RW</entry>
              <entry class="- topic/entry " colname="col7">32</entry>
              <entry class="- topic/entry " colname="col8">UNK</entry>
            </row>
            <row class="- topic/row " rowsep="1">
              <entry class="- topic/entry " colname="col1">c14</entry>
              <entry class="- topic/entry " colname="col2">0</entry>
              <entry class="- topic/entry " colname="col3">c8</entry>
              <entry class="- topic/entry " colname="col4">2</entry>
              <entry class="- topic/entry " colname="col5">PMEVCNTR2</entry>
              <entry class="- topic/entry " colname="col6">RW</entry>
              <entry class="- topic/entry " colname="col7">32</entry>
              <entry class="- topic/entry " colname="col8">UNK</entry>
            </row>
            <row class="- topic/row " rowsep="1">
              <entry class="- topic/entry " colname="col1">c14</entry>
              <entry class="- topic/entry " colname="col2">0</entry>
              <entry class="- topic/entry " colname="col3">c8</entry>
              <entry class="- topic/entry " colname="col4">3</entry>
              <entry class="- topic/entry " colname="col5">PMEVCNTR3</entry>
              <entry class="- topic/entry " colname="col6">RW</entry>
              <entry class="- topic/entry " colname="col7">32</entry>
              <entry class="- topic/entry " colname="col8">UNK</entry>
            </row>
            <row class="- topic/row " rowsep="1">
              <entry class="- topic/entry " colname="col1">c14</entry>
              <entry class="- topic/entry " colname="col2">0</entry>
              <entry class="- topic/entry " colname="col3">c8</entry>
              <entry class="- topic/entry " colname="col4">4</entry>
              <entry class="- topic/entry " colname="col5">PMEVCNTR4</entry>
              <entry class="- topic/entry " colname="col6">RW</entry>
              <entry class="- topic/entry " colname="col7">32</entry>
              <entry class="- topic/entry " colname="col8">UNK</entry>
            </row>
            <row class="- topic/row " rowsep="1">
              <entry class="- topic/entry " colname="col1">c14</entry>
              <entry class="- topic/entry " colname="col2">0</entry>
              <entry class="- topic/entry " colname="col3">c8</entry>
              <entry class="- topic/entry " colname="col4">5</entry>
              <entry class="- topic/entry " colname="col5">PMEVCNTR5</entry>
              <entry class="- topic/entry " colname="col6">RW</entry>
              <entry class="- topic/entry " colname="col7">32</entry>
              <entry class="- topic/entry " colname="col8">UNK</entry>
            </row>
            <row class="- topic/row " rowsep="1">
              <entry class="- topic/entry " colname="col1">c14</entry>
              <entry class="- topic/entry " colname="col2">0</entry>
              <entry class="- topic/entry " colname="col3">c12</entry>
              <entry class="- topic/entry " colname="col4">0</entry>
              <entry class="- topic/entry " colname="col5">PMEVTYPER0</entry>
              <entry class="- topic/entry " colname="col6">RW</entry>
              <entry class="- topic/entry " colname="col7">32</entry>
              <entry class="- topic/entry " colname="col8">UNK</entry>
              <entry class="- topic/entry " colname="col9" morerows="5">
                <p class="- topic/p ">Performance Monitors Event Type Registers</p>
              </entry>
            </row>
            <row class="- topic/row " rowsep="1">
              <entry class="- topic/entry " colname="col1">c14</entry>
              <entry class="- topic/entry " colname="col2">0</entry>
              <entry class="- topic/entry " colname="col3">c12</entry>
              <entry class="- topic/entry " colname="col4">1</entry>
              <entry class="- topic/entry " colname="col5">PMEVTYPER1</entry>
              <entry class="- topic/entry " colname="col6">RW</entry>
              <entry class="- topic/entry " colname="col7">32</entry>
              <entry class="- topic/entry " colname="col8">UNK</entry>
            </row>
            <row class="- topic/row " rowsep="1">
              <entry class="- topic/entry " colname="col1">c14</entry>
              <entry class="- topic/entry " colname="col2">0</entry>
              <entry class="- topic/entry " colname="col3">c12</entry>
              <entry class="- topic/entry " colname="col4">2</entry>
              <entry class="- topic/entry " colname="col5">PMEVTYPER2</entry>
              <entry class="- topic/entry " colname="col6">RW</entry>
              <entry class="- topic/entry " colname="col7">32</entry>
              <entry class="- topic/entry " colname="col8">UNK</entry>
            </row>
            <row class="- topic/row " rowsep="1">
              <entry class="- topic/entry " colname="col1">c14</entry>
              <entry class="- topic/entry " colname="col2">0</entry>
              <entry class="- topic/entry " colname="col3">c12</entry>
              <entry class="- topic/entry " colname="col4">3</entry>
              <entry class="- topic/entry " colname="col5">PMEVTYPER3</entry>
              <entry class="- topic/entry " colname="col6">RW</entry>
              <entry class="- topic/entry " colname="col7">32</entry>
              <entry class="- topic/entry " colname="col8">UNK</entry>
            </row>
            <row class="- topic/row " rowsep="1">
              <entry class="- topic/entry " colname="col1">c14</entry>
              <entry class="- topic/entry " colname="col2">0</entry>
              <entry class="- topic/entry " colname="col3">c12</entry>
              <entry class="- topic/entry " colname="col4">4</entry>
              <entry class="- topic/entry " colname="col5">PMEVTYPER4</entry>
              <entry class="- topic/entry " colname="col6">RW</entry>
              <entry class="- topic/entry " colname="col7">32</entry>
              <entry class="- topic/entry " colname="col8">UNK</entry>
            </row>
            <row class="- topic/row " rowsep="1">
              <entry class="- topic/entry " colname="col1">c14</entry>
              <entry class="- topic/entry " colname="col2">0</entry>
              <entry class="- topic/entry " colname="col3">c12</entry>
              <entry class="- topic/entry " colname="col4">5</entry>
              <entry class="- topic/entry " colname="col5">PMEVTYPER5</entry>
              <entry class="- topic/entry " colname="col6">RW</entry>
              <entry class="- topic/entry " colname="col7">32</entry>
              <entry class="- topic/entry " colname="col8">UNK</entry>
            </row>
            <row class="- topic/row " rowsep="0">
              <entry class="- topic/entry " colname="col1">c14</entry>
              <entry class="- topic/entry " colname="col2">0</entry>
              <entry class="- topic/entry " colname="col3">c15</entry>
              <entry class="- topic/entry " colname="col4">7</entry>
              <entry class="- topic/entry " colname="col5">PMCCFILTR</entry>
              <entry class="- topic/entry " colname="col6">RW</entry>
              <entry class="- topic/entry " colname="col7">32</entry>
              <entry class="- topic/entry " colname="col8">UNK</entry>
              <entry class="- topic/entry " colname="col9">
                <p class="- topic/p ">Performance Monitors Cycle Count Filter Register</p>
              </entry>
            </row>
          </tbody>
        </tgroup>
      </table>
    </section>
  </refbody>
</reference>