<?xml version="1.0" encoding="UTF-8"?>
<!DOCTYPE reference
  PUBLIC "-//OASIS//DTD DITA Reference//EN" "reference.dtd">
<reference xmlns:ditaarch="http://dita.oasis-open.org/architecture/2005/" class="- topic/topic       reference/reference " ditaarch:DITAArchVersion="1.2" id="joh1441900294156" xml:lang="en-us">
	<title class="- topic/title ">Off</title>
	<shortdesc class="- topic/shortdesc ">The <ph class="- topic/ph "><keyword class="- topic/keyword "><tm class="- topic/tm " tmtype="reg">Cortex</tm></keyword><keyword class="- topic/keyword ">‑A76</keyword></ph> core supports
		a full shutdown mode where power can be removed completely and no state is
		retained.</shortdesc>
	<prolog class="- topic/prolog "><permissions class="- topic/permissions " view="nonconfidential"/></prolog>
	<refbody class="- topic/body        reference/refbody ">
		<section class="- topic/section ">
			<p class="- topic/p ">The shutdown can be for either the whole cluster or just for an individual core, which allows other cores in the cluster to continue operating.</p>
			
			<p class="- topic/p ">In this mode, all core logic and RAMs are off. The domain is inoperable and all core state is lost. The L1 and L2 caches are disabled, flushed and the core is removed from coherency automatically on transition to Off mode. </p>
			
			<p class="- topic/p ">A Cold reset can reset the core in this mode.</p>
			<p class="- topic/p ">The core P-Channel can be initialized into this mode.</p>
			<p class="- topic/p ">An attempted debug access when the core domain is off returns an error response on the internal debug interface indicating the core is not available.</p>
		</section>
	</refbody>
</reference>