<?xml version="1.0" encoding="UTF-8"?>
<!DOCTYPE reference
  PUBLIC "-//OASIS//DTD DITA Reference//EN" "reference.dtd">
<reference xmlns:ditaarch="http://dita.oasis-open.org/architecture/2005/" class="- topic/topic       reference/reference " ditaarch:DITAArchVersion="1.2" id="joh1440673342015" xml:lang="en-us">
  <title class="- topic/title ">Debug OS Lock</title>
  <shortdesc class="- topic/shortdesc ">Debug OS Lock is set by the powerup reset, <keyword class="- topic/keyword " otherprops="g.signal.name">nCPUPORESET</keyword>. </shortdesc>
  <prolog class="- topic/prolog ">
    <permissions class="- topic/permissions " view="nonconfidential"/>
    
  </prolog>
  <refbody class="- topic/body        reference/refbody ">
    <section class="- topic/section ">
      <p class="- topic/p ">For normal behavior of debug events and debug register accesses, Debug OS
        Lock must be cleared. For more information, see the <cite class="- topic/cite "><ph class="- topic/ph ">
                            <keyword class="- topic/keyword "><tm class="- topic/tm " tmtype="reg">Arm</tm></keyword> Architecture Reference Manual <keyword class="- topic/keyword ">Arm</keyword>v8, for <keyword class="- topic/keyword ">Arm</keyword>v8-A architecture profile</ph></cite>.</p>
    </section>
  </refbody>
</reference>