<?xml version="1.0" encoding="UTF-8"?>
<!DOCTYPE reference
  PUBLIC "-//OASIS//DTD DITA Reference//EN" "reference.dtd">
<reference xmlns:ditaarch="http://dita.oasis-open.org/architecture/2005/" class="- topic/topic       reference/reference " ditaarch:DITAArchVersion="1.2" id="jus1455877057850" xml:lang="en-us">
  <title class="- topic/title ">TRCITIDATAR, Integration Instruction ATB Data Register</title>
  <shortdesc class="- topic/shortdesc ">The TRCITIDATAR sets the state of the <keyword class="- topic/keyword " otherprops="g.signal.name">ATDATAMn</keyword> output pins shown in the TRCITIDATAR bit
    assignments table.</shortdesc>
  <prolog class="- topic/prolog ">
    <permissions class="- topic/permissions " view="nonconfidential"/>
    
  </prolog>
  <refbody class="- topic/body        reference/refbody ">
    <section class="- topic/section ">
      <title class="- topic/title ">Bit field descriptions</title>
      <p class="- topic/p ">The TRCITIDATAR is a 32-bit register.</p>
      <fig class="- topic/fig ">
        <title class="- topic/title ">TRCITIDATAR bit assignments</title>
        <image class="- topic/image " href="pat1464973994893.svg" placement="inline">
          <alt class="- topic/alt ">TRCITIDATAR bit assignments</alt>
        </image>
      </fig>
      <dl class="- topic/dl ">
        <dlentry class="- topic/dlentry ">
          <dt class="- topic/dt ">RES0, [31:5]</dt>
          <dd class="- topic/dd ">
            <dl class="- topic/dl " compact="yes" outputclass="termwidthpc8">
              <dlentry class="- topic/dlentry ">
                <dt class="- topic/dt "><term class="- topic/term " outputclass="archterm">res0</term></dt>
                <dd class="- topic/dd ">Reserved.</dd>
              </dlentry>
            </dl>
          </dd>
        </dlentry>
        <dlentry class="- topic/dlentry ">
          <dt class="- topic/dt ">ATDATAM[31], [4]</dt>
          <dd class="- topic/dd "><p class="- topic/p ">Drives the <keyword class="- topic/keyword " outputclass="g.signal.name">ATDATAM[31]</keyword> output. <fn class="- topic/fn " id="fn_ctv_mkm_2w">When a bit is set to <codeph class="+ topic/ph pr-d/codeph ">0</codeph>, the corresponding output pin is LOW. When a bit is set to <codeph class="+ topic/ph pr-d/codeph ">1</codeph>, the corresponding output pin is
            HIGH. The TRCITIDATAR bit values correspond to the physical state of the output
            pins.</fn><xref class="- topic/xref " format="dita" href="#jus1455877057850/fn_ctv_mkm_2w" type="fn">1</xref></p></dd>
        </dlentry>
        <dlentry class="- topic/dlentry ">
          <dt class="- topic/dt ">ATDATAM[23], [3]</dt>
          <dd class="- topic/dd "><p class="- topic/p ">Drives the <keyword class="- topic/keyword " outputclass="g.signal.name">ATDATAM[23]</keyword> output.<xref class="- topic/xref " format="dita" href="#jus1455877057850/fn_ctv_mkm_2w" type="fn">1</xref></p></dd>
        </dlentry>
        <dlentry class="- topic/dlentry ">
          <dt class="- topic/dt ">ATDATAM[15], [2]</dt>
          <dd class="- topic/dd "><p class="- topic/p ">Drives the <keyword class="- topic/keyword " outputclass="g.signal.name">ATDATAM[15]</keyword> output.<xref class="- topic/xref " format="dita" href="#jus1455877057850/fn_ctv_mkm_2w" type="fn">1</xref></p></dd>
        </dlentry>
        <dlentry class="- topic/dlentry ">
          <dt class="- topic/dt ">ATDATAM[7], [1]</dt>
          <dd class="- topic/dd "><p class="- topic/p ">Drives the <keyword class="- topic/keyword " outputclass="g.signal.name">ATDATAM[7]</keyword> output.<xref class="- topic/xref " format="dita" href="#jus1455877057850/fn_ctv_mkm_2w" type="fn">1</xref></p></dd>
        </dlentry>
        <dlentry class="- topic/dlentry ">
          <dt class="- topic/dt ">ATDATAM[0], [0]</dt>
          <dd class="- topic/dd "><p class="- topic/p ">Drives the <keyword class="- topic/keyword " outputclass="g.signal.name">ATDATAM[0]</keyword> output.<xref class="- topic/xref " format="dita" href="#jus1455877057850/fn_ctv_mkm_2w" type="fn">1</xref></p></dd>
        </dlentry>
      </dl>
      <p class="- topic/p ">Bit fields and details not provided in this description are
        architecturally defined. See the <cite class="- topic/cite "><ph class="- topic/ph ">
                            <keyword class="- topic/keyword "><tm class="- topic/tm " tmtype="reg">Arm</tm></keyword> Architecture Reference Manual <keyword class="- topic/keyword ">Arm</keyword>v8, for <keyword class="- topic/keyword ">Arm</keyword>v8-A architecture profile</ph></cite>.</p>
      <p class="- topic/p ">The TRCITIDATAR can be accessed through the external debug interface, offset <codeph class="+ topic/ph pr-d/codeph "><ph class="- topic/ph " otherprops="g.number.hex">EEC</ph></codeph>.</p>
      
    </section>
    
  </refbody>
</reference>