<?xml version="1.0" encoding="UTF-8"?>
<!DOCTYPE reference
  PUBLIC "-//OASIS//DTD DITA Reference//EN" "reference.dtd">
<reference xmlns:ditaarch="http://dita.oasis-open.org/architecture/2005/" class="- topic/topic       reference/reference " ditaarch:DITAArchVersion="1.2" id="kad1478206372445" xml:lang="en-us">
  <title class="- topic/title ">Encoding for L1 data cache tag, L1 data cache data, and L1 TLB
      data</title>
  <titlealts class="- topic/titlealts ">
    <navtitle class="- topic/navtitle ">Encoding for L1 data cache tag, L1 data cache data, and L1 TLB
      data</navtitle>
  </titlealts>
  <shortdesc class="- topic/shortdesc ">The core data cache consists of a 4-way set-associative
    structure.</shortdesc>
  <prolog class="- topic/prolog ">
    <permissions class="- topic/permissions " view="nonconfidential"/>

    
  </prolog>
  <refbody class="- topic/body        reference/refbody ">
    <section class="- topic/section ">
      <p class="- topic/p ">The encoding, which is set in <codeph class="+ topic/ph pr-d/codeph ">Rd</codeph> in the
        appropriate <codeph class="+ topic/ph pr-d/codeph ">MCR</codeph> instruction, used to locate the required
        cache data entry for tag, data, and TLB memory is shown in the following tables. It is
        similar for both the tag RAM, data RAM, and TLB access. Data RAM access includes an
        additional field to locate the appropriate doubleword in the cache line. </p>
      <p class="- topic/p ">Tag RAM encoding includes an additional field to select which one of the
        two cache channels must be used to perform any access.</p>

      <table class="- topic/table " colsep="0" frame="topbot" rowsep="0">
        <title class="- topic/title ">L1 data cache tag location encoding</title>
        <tgroup class="- topic/tgroup " cols="2" colsep="0" rowsep="0">
          <colspec class="- topic/colspec " colname="col1" colnum="1" colsep="0" colwidth="80pt"/>
          <colspec class="- topic/colspec " colname="col2" colnum="2" colsep="0" colwidth="180pt"/>
          <thead class="- topic/thead ">
            <row class="- topic/row " rowsep="1">
              <entry class="- topic/entry " colname="col1">Bit fields of Rd</entry>
              <entry class="- topic/entry " colname="col2">Description</entry>
            </row>
          </thead>
          <tbody class="- topic/tbody ">
            <row class="- topic/row " rowsep="1">
              <entry class="- topic/entry " colname="col1">[31:24]</entry>
              <entry class="- topic/entry " colname="col2">RAMID = <ph class="- topic/ph " otherprops="g.number.hex">08</ph></entry>
            </row>
            <row class="- topic/row " rowsep="1">
              <entry class="- topic/entry " colname="col1">[23:20]</entry>
              <entry class="- topic/entry " colname="col2">Reserved</entry>
            </row>
            <row class="- topic/row " rowsep="1">
              <entry class="- topic/entry " colname="col1">[19:18]</entry>
              <entry class="- topic/entry " colname="col2">Way</entry>
            </row>
            <row class="- topic/row " rowsep="0">
              <entry class="- topic/entry " colname="col1">[17]</entry>
              <entry class="- topic/entry " colname="col2"><p class="- topic/p ">Copy</p>
                <dl class="- topic/dl " compact="yes">
                  <dlentry class="- topic/dlentry ">
                    <dt class="- topic/dt ">0</dt>
                    <dd class="- topic/dd ">Tag RAM associated with Pipe 0</dd>
                  </dlentry>
                  <dlentry class="- topic/dlentry ">
                    <dt class="- topic/dt ">1</dt>
                    <dd class="- topic/dd ">Tag RAM associated with Pipe 1</dd>
                  </dlentry>
                </dl>
              </entry>
            </row>
            
            <row class="- topic/row " rowsep="0">
              <entry class="- topic/entry " colname="col1">[16:14]</entry>
              <entry class="- topic/entry " colname="col2">Reserved</entry>
            </row>
            
            
            
            <row class="- topic/row ">
              <entry class="- topic/entry " colname="col1">[13:6]</entry>
              <entry class="- topic/entry " colname="col2">Index [13:6]</entry>
            </row>
            <row class="- topic/row ">
              <entry class="- topic/entry " colname="col1">[5:0]</entry>
              <entry class="- topic/entry " colname="col2">Reserved</entry>
            </row>
          </tbody>
        </tgroup>
      </table>

      <table class="- topic/table " colsep="0" frame="topbot" rowsep="0">
        <title class="- topic/title ">L1 data cache data location encoding</title>
        <tgroup class="- topic/tgroup " cols="2" colsep="0" rowsep="0">
          <colspec class="- topic/colspec " colname="col1" colnum="1" colsep="0" colwidth="80pt"/>
          <colspec class="- topic/colspec " colname="col2" colnum="2" colsep="0" colwidth="180pt"/>
          <thead class="- topic/thead ">
            <row class="- topic/row " rowsep="1">
              <entry class="- topic/entry " colname="col1">Bit fields of Rd</entry>
              <entry class="- topic/entry " colname="col2">Description</entry>
            </row>
          </thead>
          <tbody class="- topic/tbody ">
            <row class="- topic/row " rowsep="1">
              <entry class="- topic/entry " colname="col1">[31:24]</entry>
              <entry class="- topic/entry " colname="col2">RAMID = <ph class="- topic/ph " otherprops="g.number.hex">09</ph></entry>
            </row>
            <row class="- topic/row " rowsep="1">
              <entry class="- topic/entry " colname="col1">[23:20]</entry>
              <entry class="- topic/entry " colname="col2">Reserved</entry>
            </row>
            <row class="- topic/row " rowsep="1">
              <entry class="- topic/entry " colname="col1">[19:18]</entry>
              <entry class="- topic/entry " colname="col2">Way</entry>
            </row>
            <row class="- topic/row " rowsep="1">
              <entry class="- topic/entry " colname="col1">[17:16]</entry>
              <entry class="- topic/entry " colname="col2">BankSel</entry>
            </row>
            <row class="- topic/row " rowsep="0">
              <entry class="- topic/entry " colname="col1">[15:14]</entry>
              <entry class="- topic/entry " colname="col2">Unused</entry>
            </row>
            
            
            <row class="- topic/row ">
              <entry class="- topic/entry " colname="col1">[13:6]</entry>
              <entry class="- topic/entry " colname="col2">Index [13:6]</entry>
            </row>
            <row class="- topic/row ">
              <entry class="- topic/entry " colname="col1">[5:0]</entry>
              <entry class="- topic/entry " colname="col2">Reserved</entry>
            </row>
          </tbody>
        </tgroup>
      </table>

      <table class="- topic/table " colsep="0" frame="topbot" rowsep="0">
        <title class="- topic/title ">L1 data TLB location encoding</title>
        <tgroup class="- topic/tgroup " cols="2" colsep="0" rowsep="0">
          <colspec class="- topic/colspec " colname="col1" colnum="1" colsep="0" colwidth="80pt"/>
          <colspec class="- topic/colspec " colname="col2" colnum="2" colsep="0" colwidth="180pt"/>
          <thead class="- topic/thead ">
            <row class="- topic/row " rowsep="1">
              <entry class="- topic/entry " colname="col1">Bit fields of Rd</entry>
              <entry class="- topic/entry " colname="col2">Description</entry>
            </row>
          </thead>
          <tbody class="- topic/tbody ">
            <row class="- topic/row " rowsep="1">
              <entry class="- topic/entry " colname="col1">[31:24]</entry>
              <entry class="- topic/entry " colname="col2">RAMID = <ph class="- topic/ph " otherprops="g.number.hex">0A</ph></entry>
            </row>
            <row class="- topic/row " rowsep="1">
              <entry class="- topic/entry " colname="col1">[23:6]</entry>
              <entry class="- topic/entry " colname="col2">Reserved</entry>
            </row>
            <row class="- topic/row " rowsep="1">
              <entry class="- topic/entry " colname="col1"><ph class="- topic/ph ">[5:0]</ph></entry>
              <entry class="- topic/entry " colname="col2">
                  <p class="- topic/p ">TLB Entry (0-&gt;47)</p>
                  
                
                
              </entry>
            </row>
          </tbody>
        </tgroup>
      </table>

      <p class="- topic/p ">Data cache reads return 64 bits of data in Data Register 0, Data Register
        1, and Data Register 2. If cache protection is supported, Data Register 2 is used to report
        ECC information using the format shown in the following tables.</p>
      
      <p class="- topic/p ">The following table shows the data that is returned from accessing the L1
        data cache tag RAM with ECC.</p>
      <table class="- topic/table " frame="all">
        <title class="- topic/title ">L1 data cache tag format with ECC</title>
        <tgroup class="- topic/tgroup " cols="3">
          <colspec class="- topic/colspec " colname="col1" colnum="1" colwidth="1.02*"/>
          <colspec class="- topic/colspec " colname="col2" colnum="2" colwidth="1*"/>
          <colspec class="- topic/colspec " colname="col3" colnum="3" colwidth="1*"/>
          <thead class="- topic/thead ">
            <row class="- topic/row ">
              <entry class="- topic/entry " colname="col1">Register</entry>
              <entry class="- topic/entry " colname="col2">Bit field</entry>
              <entry class="- topic/entry " colname="col3">Description</entry>
            </row>
          </thead>
          <tbody class="- topic/tbody ">
            <row class="- topic/row ">
              <entry class="- topic/entry " colname="col1" morerows="6">Data Register 0</entry>
              <entry class="- topic/entry " colname="col2">
                  <p class="- topic/p ">[63:41]</p>
                  
              </entry>
              <entry class="- topic/entry " colname="col3">0</entry>
            </row>
            <row class="- topic/row ">
              <entry class="- topic/entry " colname="col2">
                  <p class="- topic/p ">[40:34]</p>
                  
              </entry>
              <entry class="- topic/entry " colname="col3">ECC</entry>
            </row>
            <row class="- topic/row ">
              <entry class="- topic/entry " colname="col2">
                  <p class="- topic/p ">[33]</p>
                  
              </entry>
              <entry class="- topic/entry " colname="col3">Non-secure identifier for the physical address</entry>
            </row>
            <row class="- topic/row ">
              <entry class="- topic/entry " colname="col2">
                <p class="- topic/p ">[32:5]</p>
                
              </entry>
              <entry class="- topic/entry " colname="col3">
                 <p class="- topic/p ">Physical address [39:12]</p>
                 
              </entry>
            </row>
            <row class="- topic/row ">
              <entry class="- topic/entry " colname="col2">[4:3]</entry>
              <entry class="- topic/entry " colname="col3">Reserved</entry>
            </row>
            <row class="- topic/row ">
              <entry class="- topic/entry " colname="col2">[2]</entry>
              <entry class="- topic/entry " colname="col3">Transient/WBNA</entry>
            </row>
            <row class="- topic/row ">
              <entry class="- topic/entry " colname="col2">[1:0]</entry>
              <entry class="- topic/entry " colname="col3"><p class="- topic/p ">MESI</p>
                <dl class="- topic/dl " compact="yes">
                  <dlentry class="- topic/dlentry ">
                    <dt class="- topic/dt ">00</dt>
                    <dd class="- topic/dd ">Invalid</dd>
                  </dlentry>
                  <dlentry class="- topic/dlentry ">
                    <dt class="- topic/dt ">01</dt>
                    <dd class="- topic/dd ">Shared</dd>
                  </dlentry>
                  <dlentry class="- topic/dlentry ">
                    <dt class="- topic/dt ">10</dt>
                    <dd class="- topic/dd ">Exclusive</dd>
                  </dlentry>
                  <dlentry class="- topic/dlentry ">
                    <dt class="- topic/dt ">11</dt>
                    <dd class="- topic/dd ">Modified with respect to the L2 cache</dd>
                  </dlentry>
                </dl>
              </entry>
            </row>
            <row class="- topic/row ">
              <entry class="- topic/entry " colname="col1">Data Register 1</entry>
              <entry class="- topic/entry " colname="col2">[63:0]</entry>
              <entry class="- topic/entry " colname="col3">0</entry>
            </row>
            <row class="- topic/row ">
              <entry class="- topic/entry " colname="col1">Data Register 2</entry>
              <entry class="- topic/entry " colname="col2">[63:0]</entry>
              <entry class="- topic/entry " colname="col3">0</entry>
            </row>
          </tbody>
        </tgroup>
      </table>
      <p class="- topic/p ">The following table shows the data that is returned from accessing the L1
        data cache tag RAM without ECC.</p>
      <table class="- topic/table " frame="all">
        <title class="- topic/title ">L1 data cache tag format without ECC</title>
        <tgroup class="- topic/tgroup " cols="3">
          <colspec class="- topic/colspec " colname="col1" colnum="1" colwidth="1.02*"/>
          <colspec class="- topic/colspec " colname="col2" colnum="2" colwidth="1*"/>
          <colspec class="- topic/colspec " colname="col3" colnum="3" colwidth="1*"/>
          <thead class="- topic/thead ">
            <row class="- topic/row ">
              <entry class="- topic/entry " colname="col1">Register</entry>
              <entry class="- topic/entry " colname="col2">Bit field</entry>
              <entry class="- topic/entry " colname="col3">Description</entry>
            </row>
          </thead>
          <tbody class="- topic/tbody ">
            <row class="- topic/row ">
              <entry class="- topic/entry " colname="col1" morerows="5">Data Register 0</entry>
              <entry class="- topic/entry " colname="col2">
                  <p class="- topic/p ">[63:34]</p>
                  
                            </entry>
              <entry class="- topic/entry " colname="col3">0</entry>
            </row>
            <row class="- topic/row ">
              <entry class="- topic/entry " colname="col2">
                <p class="- topic/p ">[33]</p>
                
              </entry>
              <entry class="- topic/entry " colname="col3">Non-secure identifier for the physical address</entry>
            </row>
            <row class="- topic/row ">
              <entry class="- topic/entry " colname="col2">
                  <p class="- topic/p ">[32:5]</p>
                  
               </entry>
              <entry class="- topic/entry " colname="col3">
                  <p class="- topic/p ">Physical address [39:12]</p>
                  
              </entry>
            </row>
            <row class="- topic/row ">
              <entry class="- topic/entry " colname="col2">[4:3]</entry>
              <entry class="- topic/entry " colname="col3">Reserved</entry>
            </row>
            <row class="- topic/row ">
              <entry class="- topic/entry " colname="col2">[2]</entry>
              <entry class="- topic/entry " colname="col3">Transient/WBNA</entry>
            </row>
            <row class="- topic/row ">
              <entry class="- topic/entry " colname="col2">[1:0]</entry>
              <entry class="- topic/entry " colname="col3"><p class="- topic/p ">MESI</p>
                <dl class="- topic/dl " compact="yes">
                  <dlentry class="- topic/dlentry ">
                    <dt class="- topic/dt ">00</dt>
                    <dd class="- topic/dd ">Invalid</dd>
                  </dlentry>
                  <dlentry class="- topic/dlentry ">
                    <dt class="- topic/dt ">01</dt>
                    <dd class="- topic/dd ">Shared</dd>
                  </dlentry>
                  <dlentry class="- topic/dlentry ">
                    <dt class="- topic/dt ">10</dt>
                    <dd class="- topic/dd ">Exclusive</dd>
                  </dlentry>
                  <dlentry class="- topic/dlentry ">
                    <dt class="- topic/dt ">11</dt>
                    <dd class="- topic/dd ">Modified</dd>
                  </dlentry>
                </dl>
              </entry>
            </row>
            <row class="- topic/row ">
              <entry class="- topic/entry " colname="col1">Data Register 1</entry>
              <entry class="- topic/entry " colname="col2">[63:0]</entry>
              <entry class="- topic/entry " colname="col3">0</entry>
            </row>
            <row class="- topic/row ">
              <entry class="- topic/entry " colname="col1">Data Register 2</entry>
              <entry class="- topic/entry " colname="col2">[63:0]</entry>
              <entry class="- topic/entry " colname="col3">0</entry>
            </row>
          </tbody>
        </tgroup>
      </table>
      <p class="- topic/p ">The following table shows the data that is returned from accessing the L1
        data cache data RAM with ECC.</p>

      <table class="- topic/table " frame="all">
        <title class="- topic/title ">L1 data cache data format with ECC</title>
        <tgroup class="- topic/tgroup " cols="3">
          <colspec class="- topic/colspec " colname="col1" colnum="1" colwidth="1.02*"/>
          <colspec class="- topic/colspec " colname="col2" colnum="2" colwidth="1*"/>
          <colspec class="- topic/colspec " colname="col3" colnum="3" colwidth="1*"/>
          <thead class="- topic/thead ">
            <row class="- topic/row ">
              <entry class="- topic/entry " colname="col1">Register</entry>
              <entry class="- topic/entry " colname="col2">Bit field</entry>
              <entry class="- topic/entry " colname="col3">Description</entry>
            </row>
          </thead>
          <tbody class="- topic/tbody ">
            <row class="- topic/row ">
              <entry class="- topic/entry " colname="col1">Data Register 0</entry>
              <entry class="- topic/entry " colname="col2">[63:0]</entry>
              <entry class="- topic/entry " colname="col3">Word1_data [31:0], Word0_data [31:0]</entry>
            </row>
            <row class="- topic/row ">
              <entry class="- topic/entry " colname="col1">Data Register 1</entry>
              <entry class="- topic/entry " colname="col2">[63:0]</entry>
              <entry class="- topic/entry " colname="col3">Word3_data [31:0], Word2_data [31:0]</entry>
            </row>
            <row class="- topic/row ">
              <entry class="- topic/entry " colname="col1" morerows="1">Data Register 2</entry>
              <entry class="- topic/entry " colname="col2">[63:32]</entry>
              <entry class="- topic/entry " colname="col3">0</entry>
            </row>
            <row class="- topic/row ">
              <entry class="- topic/entry " colname="col2">[31:0]</entry>
              <entry class="- topic/entry " colname="col3">Word3_poison, Word3_ecc [6:0], Word2_poison, Word2_ecc [6:0],
                Word1_poison, Word1_ecc [6:0], Word0_poison, Word0_ecc [6:0]</entry>
            </row>
          </tbody>
        </tgroup>
      </table>
      <p class="- topic/p ">The following table shows the data that is returned from accessing the L1
        data cache data RAM without ECC.</p>
      <table class="- topic/table " frame="all">
        <title class="- topic/title ">L1 data cache data format without ECC</title>
        <tgroup class="- topic/tgroup " cols="3">
          <colspec class="- topic/colspec " colname="col1" colnum="1" colwidth="1.02*"/>
          <colspec class="- topic/colspec " colname="col2" colnum="2" colwidth="1.0*"/>
          <colspec class="- topic/colspec " colname="col3" colnum="3" colwidth="1.0*"/>
          <thead class="- topic/thead ">
            <row class="- topic/row ">
              <entry class="- topic/entry " colname="col1">Register</entry>
              <entry class="- topic/entry " colname="col2">Bit field</entry>
              <entry class="- topic/entry " colname="col3">Description</entry>
            </row>
          </thead>
          <tbody class="- topic/tbody ">
            <row class="- topic/row ">
              <entry class="- topic/entry " colname="col1">Data Register 0</entry>
              <entry class="- topic/entry " colname="col2">[63:0]</entry>
              <entry class="- topic/entry " colname="col3">Word1_data [31:0], Word0_data [31:0]</entry>
            </row>
            <row class="- topic/row ">
              <entry class="- topic/entry " colname="col1">Data Register 1</entry>
              <entry class="- topic/entry " colname="col2">[63:0]</entry>
              <entry class="- topic/entry " colname="col3">Word3_data [31:0], Word2_data [31:0]</entry>
            </row>
            <row class="- topic/row ">
              <entry class="- topic/entry " colname="col1">Data Register 2</entry>
              <entry class="- topic/entry " colname="col2">[63:0]</entry>
              <entry class="- topic/entry " colname="col3">0</entry>
            </row>
          </tbody>
        </tgroup>
      </table>

      <p class="- topic/p ">The following table shows the data that is returned from accessing the L1
        data TLB RAM.</p>
      
      
      <table class="- topic/table ">
        <title class="- topic/title ">L1 data TLB cache format</title>
        <tgroup class="- topic/tgroup " cols="4">
          <colspec class="- topic/colspec " colname="col1" colnum="1" colwidth="1.02*"/>
          <colspec class="- topic/colspec " colname="col2" colnum="2" colwidth="1.0*"/>
          <colspec class="- topic/colspec " colname="col3" colnum="3" colwidth="1.0*"/>
          <colspec class="- topic/colspec " colname="col4" colnum="4" colwidth="1.0*"/>
          <thead class="- topic/thead ">
            <row class="- topic/row ">
              <entry class="- topic/entry " colname="col1" morerows="1">Register</entry>
              <entry align="center" class="- topic/entry " colname="col2" nameend="col3" namest="col2">Bit field</entry>
              <entry class="- topic/entry " colname="col4" morerows="1">Description</entry>
            </row>
            <row class="- topic/row ">
              <entry class="- topic/entry " colname="col1">CORE_PBHA=FALSE</entry>
              <entry class="- topic/entry " colname="col2">CORE_PBHA=TRUE</entry>
            </row>
          </thead>
          <tbody class="- topic/tbody ">
            <row class="- topic/row ">
              <entry class="- topic/entry " colname="col1" morerows="9">Data Register 0</entry>
              <entry class="- topic/entry " colname="col2">[63:62]</entry>
              <entry class="- topic/entry " colname="col3">[63:62]</entry>
              <entry class="- topic/entry " colname="col4">
                <p class="- topic/p ">Virtual address [13:12]</p>
              </entry>
            </row>
            <row class="- topic/row ">
              <entry class="- topic/entry " colname="col2">[58]</entry>
              <entry class="- topic/entry " colname="col3">[58]</entry>
              <entry class="- topic/entry " colname="col4">Outer-shared</entry>
            </row>
            <row class="- topic/row ">
              <entry class="- topic/entry " colname="col2">[57]</entry>
              <entry class="- topic/entry " colname="col3">[57]</entry>
              <entry class="- topic/entry " colname="col4">Inner-shared</entry>
            </row>
            <row class="- topic/row ">
              <entry class="- topic/entry " colname="col2">[52:50]</entry>
              <entry class="- topic/entry " colname="col3">[52:50]</entry>
              <entry class="- topic/entry " colname="col4">
                <p class="- topic/p ">Memory attributes:</p>
                <dl class="- topic/dl " compact="yes">
                  <dlentry class="- topic/dlentry ">
                    <dt class="- topic/dt ">000</dt>
                    <dd class="- topic/dd ">Device nGnRnE</dd>
                  </dlentry>
                  <dlentry class="- topic/dlentry ">
                    <dt class="- topic/dt ">001</dt>
                    <dd class="- topic/dd ">Device nGnRE</dd>
                  </dlentry>
                  <dlentry class="- topic/dlentry ">
                    <dt class="- topic/dt ">010</dt>
                    <dd class="- topic/dd ">Device nGRE</dd>
                  </dlentry>
                  <dlentry class="- topic/dlentry ">
                    <dt class="- topic/dt ">011</dt>
                    <dd class="- topic/dd ">Device GRE</dd>
                  </dlentry>
                  <dlentry class="- topic/dlentry ">
                    <dt class="- topic/dt ">100</dt>
                    <dd class="- topic/dd ">Non-cacheable</dd>
                  </dlentry>
                  <dlentry class="- topic/dlentry ">
                    <dt class="- topic/dt ">101</dt>
                    <dd class="- topic/dd ">Write-Back No-Allocate</dd>
                  </dlentry>
                  <dlentry class="- topic/dlentry ">
                    <dt class="- topic/dt ">110</dt>
                    <dd class="- topic/dd ">Write-Back Transient</dd>
                  </dlentry>
                  <dlentry class="- topic/dlentry ">
                    <dt class="- topic/dt ">111</dt>
                    <dd class="- topic/dd ">Write-Back Read-Allocate and Write-Allocate </dd>
                  </dlentry>
                </dl>
              </entry>
            </row>
            <row class="- topic/row ">
              <entry class="- topic/entry " colname="col2">[38:36]</entry>
              <entry class="- topic/entry " colname="col3">[38:36]</entry>
              <entry class="- topic/entry " colname="col4">
                <p class="- topic/p ">Page size:</p>
                <dl class="- topic/dl " compact="yes">
                  <dlentry class="- topic/dlentry ">
                    <dt class="- topic/dt ">000</dt>
                    <dd class="- topic/dd ">4KB</dd>
                  </dlentry>
                  <dlentry class="- topic/dlentry ">
                    <dt class="- topic/dt ">001</dt>
                    <dd class="- topic/dd ">16KB</dd>
                  </dlentry>
                  <dlentry class="- topic/dlentry ">
                    <dt class="- topic/dt ">010</dt>
                    <dd class="- topic/dd ">64KB</dd>
                  </dlentry>
                  <dlentry class="- topic/dlentry ">
                    <dt class="- topic/dt ">011</dt>
                    <dd class="- topic/dd ">256KB</dd>
                  </dlentry>
                  <dlentry class="- topic/dlentry ">
                    <dt class="- topic/dt ">100</dt>
                    <dd class="- topic/dd ">Reserved</dd>
                  </dlentry>
                  <dlentry class="- topic/dlentry ">
                    <dt class="- topic/dt ">101</dt>
                    <dd class="- topic/dd ">2MB</dd>
                  </dlentry>
                  <dlentry class="- topic/dlentry ">
                    <dt class="- topic/dt ">110</dt>
                    <dd class="- topic/dd ">512MB</dd>
                  </dlentry>
                  <dlentry class="- topic/dlentry ">
                    <dt class="- topic/dt ">111</dt>
                    <dd class="- topic/dd ">Reserved</dd>
                  </dlentry>
                </dl>
              </entry>
            </row>
            <row class="- topic/row ">
              <entry class="- topic/entry " colname="col2">[35]</entry>
              <entry class="- topic/entry " colname="col3">[35]</entry>
              <entry class="- topic/entry " colname="col4">Non-secure</entry>
            </row>
            <row class="- topic/row ">
              <entry class="- topic/entry " colname="col2">[34:33]</entry>
              <entry class="- topic/entry " colname="col3">[34:33]</entry>
              <entry class="- topic/entry " colname="col4">
                <p class="- topic/p ">Translation regime:</p>
                <dl class="- topic/dl " compact="yes">
                  <dlentry class="- topic/dlentry ">
                    <dt class="- topic/dt ">00</dt>
                    <dd class="- topic/dd ">Secure EL1/EL0</dd>
                  </dlentry>
                  <dlentry class="- topic/dlentry ">
                    <dt class="- topic/dt ">01</dt>
                    <dd class="- topic/dd ">Secure EL3</dd>
                  </dlentry>
                  <dlentry class="- topic/dlentry ">
                    <dt class="- topic/dt ">10</dt>
                    <dd class="- topic/dd ">Non-secure EL1/EL0</dd>
                  </dlentry>
                  <dlentry class="- topic/dlentry ">
                    <dt class="- topic/dt ">11</dt>
                    <dd class="- topic/dd ">Non-secure EL2</dd>
                  </dlentry>
                </dl>
              </entry>
            </row>
            <row class="- topic/row ">
              <entry class="- topic/entry " colname="col2">[32:17]</entry>
              <entry class="- topic/entry " colname="col3">[32:17]</entry>
              <entry class="- topic/entry " colname="col4">ASID</entry>
            </row>
            <row class="- topic/row ">
              <entry class="- topic/entry " colname="col2">[16:1]</entry>
              <entry class="- topic/entry " colname="col3">[16:1]</entry>
              <entry class="- topic/entry " colname="col4">VMID</entry>
            </row>
            <row class="- topic/row ">
              <entry class="- topic/entry " colname="col2">[0]</entry>
              <entry class="- topic/entry " colname="col3">[0]</entry>
              <entry class="- topic/entry " colname="col4">Valid</entry>
            </row>
            <row class="- topic/row ">
              <entry class="- topic/entry " colname="col1" morerows="2">Data Register 1</entry>
              <entry class="- topic/entry " colname="col2">-</entry>
              <entry class="- topic/entry " colname="col3">[63]</entry>
              <entry class="- topic/entry " colname="col4">PBHA[0]</entry>
            </row>
            <row class="- topic/row ">
              <entry class="- topic/entry " colname="col2">[62:35]</entry>
              <entry class="- topic/entry " colname="col3">[62:35]</entry>
              <entry class="- topic/entry " colname="col4">
                <p class="- topic/p ">Physical address [39:12]</p>
              </entry>
            </row>
            <row class="- topic/row ">
              <entry class="- topic/entry " colname="col2">[34:0]</entry>
              <entry class="- topic/entry " colname="col3">Virtual address</entry>
              <entry class="- topic/entry " colname="col4">Virtual address[48:14]</entry>
            </row>
            <row class="- topic/row ">
              <entry class="- topic/entry " colname="col1">Data Register 2</entry>
              <entry class="- topic/entry " colname="col2">-</entry>
              <entry class="- topic/entry " colname="col3">[0]</entry>
              <entry class="- topic/entry " colname="col4">PBHA[1]</entry>
            </row>
          </tbody>
        </tgroup>
      </table>
      
      
      
      
      

      
    </section>
  </refbody>
</reference>