<?xml version="1.0" encoding="UTF-8"?>
<!DOCTYPE reference
  PUBLIC "-//OASIS//DTD DITA Reference//EN" "reference.dtd">
<reference xmlns:ditaarch="http://dita.oasis-open.org/architecture/2005/" class="- topic/topic       reference/reference " ditaarch:DITAArchVersion="1.2" id="ksp1473707823413" xml:lang="en-us">
	<title class="- topic/title ">External aborts</title>
	<shortdesc class="- topic/shortdesc ">External aborts are defined as those that occur in the memory system
		rather than those that the MMU detects. Normally, external memory aborts are rare. External
		aborts are caused by errors flagged to the external interface.</shortdesc>
	<prolog class="- topic/prolog "><permissions class="- topic/permissions " view="nonconfidential"/></prolog>
	<refbody class="- topic/body        reference/refbody ">
		<section class="- topic/section ">
		
			<p class="- topic/p ">When an external abort to the external interface occurs on an access
				for a translation table walk access, the MMU returns a synchronous external abort.
				For a load multiple or store multiple operation, the address captured in the fault
				address register is that of the address that generated the synchronous external
				abort.</p>
			
			<p class="- topic/p ">See the <cite class="- topic/cite "><ph class="- topic/ph ">
                            <keyword class="- topic/keyword "><tm class="- topic/tm " tmtype="reg">Arm</tm></keyword> Architecture Reference Manual <keyword class="- topic/keyword ">Arm</keyword>v8, for <keyword class="- topic/keyword ">Arm</keyword>v8-A architecture profile</ph></cite> for more information.</p>
		</section>
	</refbody>
</reference>