<?xml version="1.0" encoding="UTF-8"?>
<!DOCTYPE reference
  PUBLIC "-//OASIS//DTD DITA Reference//EN" "reference.dtd">
<reference xmlns:ditaarch="http://dita.oasis-open.org/architecture/2005/" class="- topic/topic       reference/reference " ditaarch:DITAArchVersion="1.2" id="lau1443690586985" xml:lang="en-us">
  <title class="- topic/title ">PMPIDR2, Performance Monitors Peripheral Identification Register 2</title>
  <shortdesc class="- topic/shortdesc ">The PMPIDR2 provides information to identify a Performance Monitor
    component.</shortdesc>
  <prolog class="- topic/prolog ">
    <permissions class="- topic/permissions " view="nonconfidential"/>
  </prolog>
  <refbody class="- topic/body        reference/refbody ">
    <section class="- topic/section ">
      <title class="- topic/title ">Bit field descriptions</title>
      <p class="- topic/p ">The PMPIDR2 is a 32-bit register.</p>
      <fig class="- topic/fig ">
        <title class="- topic/title ">PMPIDR2 bit assignments</title>
        <image class="- topic/image " href="lau1443690648857.svg" placement="inline">
          <alt class="- topic/alt ">PMPIDR2 bit assignments</alt>
        </image>
      </fig>
      <dl class="- topic/dl ">
        <dlentry class="- topic/dlentry ">
          <dt class="- topic/dt ">RES0, [31:8]</dt>
          <dd class="- topic/dd ">
            <dl class="- topic/dl " compact="yes" outputclass="termwidthpc8">
              <dlentry class="- topic/dlentry ">
                <dt class="- topic/dt "><term class="- topic/term " outputclass="archterm">res0</term></dt>
                <dd class="- topic/dd ">Reserved.</dd>
              </dlentry>
            </dl>
          </dd>
        </dlentry>
        <dlentry class="- topic/dlentry ">
          <dt class="- topic/dt ">Revision, [7:4]</dt>
          <dd class="- topic/dd "><dl class="- topic/dl " compact="yes" outputclass="termwidthpc8">
              <dlentry class="- topic/dlentry ">
                <dt class="- topic/dt "><ph class="- topic/ph " otherprops="g.number.hex">0</ph></dt>
                <dd class="- topic/dd ">
                  <p class="- topic/p ">r0p0.</p>
                </dd>
              </dlentry>
            </dl></dd>
        </dlentry>
        <dlentry class="- topic/dlentry ">
          <dt class="- topic/dt ">JEDEC, [3]</dt>
          <dd class="- topic/dd "><dl class="- topic/dl " compact="yes" outputclass="termwidthpc8">
              <dlentry class="- topic/dlentry ">
                <dt class="- topic/dt "><codeph class="+ topic/ph pr-d/codeph ">0b1</codeph></dt>
                <dd class="- topic/dd ">RAO. Indicates a JEP106 identity code is used.</dd>
              </dlentry>
            </dl></dd>
        </dlentry>
        <dlentry class="- topic/dlentry ">
          <dt class="- topic/dt ">DES_1, [2:0]</dt>
          <dd class="- topic/dd "><dl class="- topic/dl " compact="yes" outputclass="termwidthpc8">
              <dlentry class="- topic/dlentry ">
                <dt class="- topic/dt "><codeph class="+ topic/ph pr-d/codeph ">0b011</codeph></dt>
                <dd class="- topic/dd "><keyword class="- topic/keyword ">Arm Limited</keyword>. This is the most significant nibble of JEP106 ID
                  code.</dd>
              </dlentry>
            </dl></dd>
        </dlentry>
      </dl>
      <p class="- topic/p ">Bit fields and details not provided in this description are
        architecturally defined. See the <cite class="- topic/cite "><ph class="- topic/ph ">
                            <keyword class="- topic/keyword "><tm class="- topic/tm " tmtype="reg">Arm</tm></keyword> Architecture Reference Manual <keyword class="- topic/keyword ">Arm</keyword>v8, for <keyword class="- topic/keyword ">Arm</keyword>v8-A architecture profile</ph></cite>.</p>
      <p class="- topic/p ">The PMPIDR2 can be accessed through the external debug interface, offset <codeph class="+ topic/ph pr-d/codeph "><ph class="- topic/ph " otherprops="g.number.hex">FE8</ph></codeph>.</p>
      
    </section>
  </refbody>
</reference>