<?xml version="1.0" encoding="UTF-8"?>
<!DOCTYPE reference
  PUBLIC "-//OASIS//DTD DITA Reference//EN" "reference.dtd">
<reference xmlns:ditaarch="http://dita.oasis-open.org/architecture/2005/" class="- topic/topic       reference/reference " ditaarch:DITAArchVersion="1.2" id="lau1443435659568" xml:lang="en-us">
  
  
  <title class="- topic/title " id="TitleCPUAuxiliaryControlRegister_EL1">CPUACTLR_EL1, CPU Auxiliary Control Register, EL1</title>
  <shortdesc class="- topic/shortdesc ">The CPUACTLR_EL1 provides <term class="- topic/term " outputclass="archterm">IMPLEMENTATION DEFINED</term> configuration and control options for the core.</shortdesc>
  <prolog class="- topic/prolog ">
    <permissions class="- topic/permissions " view="nonconfidential"/>
    
  </prolog>
  <refbody class="- topic/body        reference/refbody ">
    <section class="- topic/section ">
      <title class="- topic/title ">Bit field descriptions</title>
      <p class="- topic/p ">CPUACTLR_EL1 is a 64-bit register, and is part of the <term class="- topic/term " outputclass="archterm">IMPLEMENTATION DEFINED</term> registers functional group.</p>
      <fig class="- topic/fig " id="fig_em3_wfs_cv">
        <title class="- topic/title ">CPUACTLR_EL1 bit assignments</title>
        <image class="- topic/image " href="lau1442568599501.svg" id="image_wy3_wfs_cv" placement="inline">
          <alt class="- topic/alt ">CPUACTLR_EL1 bit assignments</alt>
        </image>
      </fig>
      <dl class="- topic/dl ">
        <dlentry class="- topic/dlentry ">
          <dt class="- topic/dt ">Reserved, [63:0]</dt>
          <dd class="- topic/dd ">
            <dl class="- topic/dl " compact="yes" outputclass="termwidthpc8">
              <dlentry class="- topic/dlentry ">
                <dt class="- topic/dt "/>
                <dd class="- topic/dd ">Reserved for <keyword class="- topic/keyword "><tm class="- topic/tm " tmtype="reg">Arm</tm></keyword> internal use.</dd>
              </dlentry>
            </dl>
          </dd>
        </dlentry>
      </dl>
      <dl class="- topic/dl ">
        <dlentry class="- topic/dlentry ">
          <dt class="- topic/dt ">Configurations</dt>
          
          <dd class="- topic/dd ">
            <p class="- topic/p ">CPUACTLR_EL1 is common to the Secure and Non-secure states.</p>
          </dd>
        </dlentry>
      </dl>
    </section>
    <section class="- topic/section ">
      <title class="- topic/title ">Usage constraints</title>
      <dl class="- topic/dl ">
        <dlentry class="- topic/dlentry ">
          <dt class="- topic/dt ">Accessing the CPUACTLR_EL1</dt>
          <dd class="- topic/dd ">
            <p class="- topic/p ">The CPU Auxiliary Control Register can be written only when the
              system is idle. <keyword class="- topic/keyword ">Arm</keyword> recommends that you write to this register after a powerup reset,
              before the MMU is enabled. </p>
            <p class="- topic/p ">Setting many of these bits can cause significantly lower performance
              on your code. Therefore, <keyword class="- topic/keyword ">Arm</keyword> strongly recommends that you do not modify this register
              unless directed by <keyword class="- topic/keyword ">Arm</keyword>.</p>
            <p class="- topic/p ">This register is accessible as follows:</p>
            <p class="- topic/p ">This register can be read with the MRS instruction using the following syntax:</p>
            <codeblock class="+ topic/pre pr-d/codeblock " xml:space="preserve">MRS &lt;Xt&gt;,&lt;systemreg&gt;</codeblock>
            <p class="- topic/p ">This register can be written with the MSR instruction using the following syntax:</p>
            <codeblock class="+ topic/pre pr-d/codeblock " xml:space="preserve">MSR &lt;systemreg&gt;, &lt;Xt&gt;</codeblock>
          </dd>
        </dlentry>
      </dl>
      <p class="- topic/p ">This syntax is encoded with the following settings in the instruction encoding:</p>
      <table class="- topic/table " id="table_c3j_wfs_cv">
        <tgroup class="- topic/tgroup " cols="6">
          <colspec class="- topic/colspec " colname="col1" colnum="1"/><colspec class="- topic/colspec " colname="col2" colnum="2"/><colspec class="- topic/colspec " colname="col3" colnum="3"/><colspec class="- topic/colspec " colname="col4" colnum="4"/><colspec class="- topic/colspec " colname="col5" colnum="5"/><colspec class="- topic/colspec " colname="col6" colnum="6"/><thead class="- topic/thead ">
            <row class="- topic/row ">
              <entry class="- topic/entry " colname="col1">&lt;systemreg&gt;</entry>
              <entry class="- topic/entry " colname="col2">op0</entry>
              <entry class="- topic/entry " colname="col3">op1</entry>
              <entry class="- topic/entry " colname="col4">CRn</entry>
              <entry class="- topic/entry " colname="col5">CRm</entry>
              <entry class="- topic/entry " colname="col6">op2</entry>
            </row>
          </thead>
          <tbody class="- topic/tbody ">
            <row class="- topic/row ">
              <entry class="- topic/entry " colname="col1">S3_0_C15_C1_0</entry>
              <entry class="- topic/entry " colname="col2">11</entry>
              <entry class="- topic/entry " colname="col3">000</entry>
              <entry class="- topic/entry " colname="col4">1111</entry>
              <entry class="- topic/entry " colname="col5">0001</entry>
              <entry class="- topic/entry " colname="col6">000</entry>
            </row>
          </tbody>
        </tgroup>
      </table>
      <dl class="- topic/dl ">
        <dlentry class="- topic/dlentry ">
          <dt class="- topic/dt ">Accessibility</dt>
          <dd class="- topic/dd ">
            <p class="- topic/p ">This register is accessible in software as follows:</p>
          </dd>
        </dlentry>
      </dl>
      <table class="- topic/table " id="table_br1_4vf_1v">
        <tgroup class="- topic/tgroup " cols="8">
          <colspec class="- topic/colspec " colname="col1" colnum="1" colwidth="100pt"/>
          <colspec class="- topic/colspec " colname="col2" colnum="2" colwidth="30pt"/>
          <colspec class="- topic/colspec " colname="col3" colnum="3" colwidth="30pt"/>
          <colspec class="- topic/colspec " colname="col4" colnum="4" colwidth="30pt"/>
          <colspec class="- topic/colspec " colname="col5" colnum="5" colwidth="30pt"/>
          <colspec class="- topic/colspec " colname="col6" colnum="6" colwidth="30pt"/>
          <colspec class="- topic/colspec " colname="col7" colnum="7" colwidth="30pt"/>
          <colspec class="- topic/colspec " colname="col8" colnum="8" colwidth="30pt"/>
          <thead class="- topic/thead ">
            <row class="- topic/row ">
              <entry class="- topic/entry " colname="col1" morerows="1">&lt;systemreg&gt;</entry>
              <entry class="- topic/entry " colname="col2" nameend="col4" namest="col2">Control</entry>
              <entry class="- topic/entry " colname="col5" nameend="col8" namest="col5">Accessibility</entry>
            </row>
            <row class="- topic/row ">
              <entry class="- topic/entry " colname="col1">E2H</entry>
              <entry class="- topic/entry " colname="col2">TGE</entry>
              <entry class="- topic/entry " colname="col3">NS</entry>
              <entry class="- topic/entry " colname="col4">EL0</entry>
              <entry class="- topic/entry " colname="col5">EL1</entry>
              <entry class="- topic/entry " colname="col6">EL2</entry>
              <entry class="- topic/entry " colname="col7">EL3</entry>
            </row>
          </thead>
          <tbody class="- topic/tbody ">
            <row class="- topic/row ">
              <entry class="- topic/entry " colname="col1">S3_0_C15_C1_0</entry>
              <entry class="- topic/entry " colname="col2">x</entry>
              <entry class="- topic/entry " colname="col3">x</entry>
              <entry class="- topic/entry " colname="col4">0</entry>
              <entry class="- topic/entry " colname="col5">-</entry>
              <entry class="- topic/entry " colname="col6">RW</entry>
              <entry class="- topic/entry " colname="col7">n/a</entry>
              <entry class="- topic/entry " colname="col8">RW</entry>
            </row>
            <row class="- topic/row ">
              <entry class="- topic/entry " colname="col1">S3_0_C15_C1_0</entry>
              <entry class="- topic/entry " colname="col2">x</entry>
              <entry class="- topic/entry " colname="col3">0</entry>
              <entry class="- topic/entry " colname="col4">1</entry>
              <entry class="- topic/entry " colname="col5">-</entry>
              <entry class="- topic/entry " colname="col6">RW</entry>
              <entry class="- topic/entry " colname="col7">RW</entry>
              <entry class="- topic/entry " colname="col8">RW</entry>
            </row>
            <row class="- topic/row ">
              <entry class="- topic/entry " colname="col1">S3_0_C15_C1_0</entry>
              <entry class="- topic/entry " colname="col2">x</entry>
              <entry class="- topic/entry " colname="col3">1</entry>
              <entry class="- topic/entry " colname="col4">1</entry>
              <entry class="- topic/entry " colname="col5">-</entry>
              <entry class="- topic/entry " colname="col6">n/a</entry>
              <entry class="- topic/entry " colname="col7">RW</entry>
              <entry class="- topic/entry " colname="col8">RW</entry>
            </row>
          </tbody>
        </tgroup>
      </table>
      
      
      
      
      <p class="- topic/p ">'n/a' Not accessible. The core cannot be executing at this Exception
        level, so this access is not possible.</p>
      <dl class="- topic/dl ">
        <dlentry class="- topic/dlentry ">
          <dt class="- topic/dt ">Traps and enables</dt>
          <dd class="- topic/dd ">
            <p class="- topic/p ">For a description of the prioritization of any generated exceptions, see
              <cite class="- topic/cite ">Synchronous exception prioritization</cite> in the <cite class="- topic/cite "><ph class="- topic/ph ">
                            <keyword class="- topic/keyword "><tm class="- topic/tm " tmtype="reg">Arm</tm></keyword> Architecture Reference Manual <keyword class="- topic/keyword ">Arm</keyword>v8, for <keyword class="- topic/keyword ">Arm</keyword>v8-A architecture profile</ph></cite>. </p>
          </dd>
        </dlentry>
      </dl>
    </section>
  </refbody>
</reference>