<?xml version="1.0" encoding="UTF-8"?>
<!DOCTYPE reference
  PUBLIC "-//OASIS//DTD DITA Reference//EN" "reference.dtd">
<reference xmlns:ditaarch="http://dita.oasis-open.org/architecture/2005/" class="- topic/topic       reference/reference " ditaarch:DITAArchVersion="1.2" id="lau1457099519678" xml:lang="en-us">
	<title class="- topic/title ">VDISR_EL2, Virtual Deferred Interrupt Status Register, EL2</title>
	<shortdesc class="- topic/shortdesc ">The VDISR_EL2 records that a virtual SError interrupt has been consumed
		by an <codeph class="+ topic/ph pr-d/codeph ">ESB</codeph> instruction executed at Non-secure
		EL1.</shortdesc>
	<prolog class="- topic/prolog ">
		<permissions class="- topic/permissions " view="nonconfidential"/>
		
	</prolog>
	<refbody class="- topic/body        reference/refbody ">
		<section class="- topic/section ">
			<title class="- topic/title ">Bit field descriptions</title>
			<p class="- topic/p ">VDISR_EL2 is a 64-bit register, and is part of the <term class="- topic/term ">Reliability, Availability, Serviceability</term> (RAS)
				registers functional group.</p>
			
			
			<dl class="- topic/dl ">
				<dlentry class="- topic/dlentry ">
					<dt class="- topic/dt ">Configurations</dt>
					<dd class="- topic/dd ">
						
						
						
						<p class="- topic/p "> See <xref class="- topic/xref " href="jfa1467113128637.xml" keyref="VdisrEl2AtEl1UsingAarch64" type="reference">VDISR_EL2 at EL1 using AArch64<desc class="- topic/desc ">VDISR_EL2 has a specific format when written at EL1.</desc></xref>.</p>
						<p class="- topic/p ">Bit fields and details not provided in this description are architecturally defined. See
							the <cite class="- topic/cite "><ph class="- topic/ph ">
                            <keyword class="- topic/keyword "><tm class="- topic/tm " tmtype="reg">Arm</tm></keyword> Architecture Reference Manual <keyword class="- topic/keyword ">Arm</keyword>v8, for <keyword class="- topic/keyword ">Arm</keyword>v8-A architecture profile</ph></cite>.</p>
					</dd>
				</dlentry>
			</dl>
			
		</section>
		
	</refbody>
<related-links class="- topic/related-links "><linkpool class="- topic/linkpool " mapkeyref="kqb1476970875925"><linkpool class="- topic/linkpool "><link class="- topic/link " format="dita" href="jfa1467113128637.xml" role="child" scope="local" type="reference"><linktext class="- topic/linktext ">VDISR_EL2 at EL1 using AArch64</linktext><desc class="- topic/desc ">VDISR_EL2 has a specific format when written at EL1.</desc></link></linkpool></linkpool></related-links></reference>