<?xml version="1.0" encoding="UTF-8"?>
<!DOCTYPE reference
  PUBLIC "-//OASIS//DTD DITA Reference//EN" "reference.dtd">
<reference xmlns:ditaarch="http://dita.oasis-open.org/architecture/2005/" class="- topic/topic       reference/reference " ditaarch:DITAArchVersion="1.2" id="lau1443703275428" xml:lang="en-us">
  <title class="- topic/title ">TRCITATBIDR, Integration ATB Identification Register</title>
  <shortdesc class="- topic/shortdesc ">The TRCITATBIDR sets the state of output pins, mentioned in the bit
    descriptions in this section.</shortdesc>
  <prolog class="- topic/prolog ">
    <permissions class="- topic/permissions " view="nonconfidential"/>
  </prolog>
  <refbody class="- topic/body        reference/refbody ">
    <section class="- topic/section ">
      <title class="- topic/title ">Bit field descriptions</title>
      <p class="- topic/p ">The TRCITATBIDR is a 32-bit register.</p>
      <fig class="- topic/fig ">
        <title class="- topic/title ">TRCITATBIDR bit assignments</title>
        <image class="- topic/image " href="lau1443703311273.svg" placement="inline">
          <alt class="- topic/alt ">TRCITATBIDR bit assignments</alt>
        </image>
      </fig>
      <dl class="- topic/dl ">
        <dlentry class="- topic/dlentry ">
          <dt class="- topic/dt ">[31:7]</dt>
          <dd class="- topic/dd ">Reserved. Read undefined.</dd>
        </dlentry>
        <dlentry class="- topic/dlentry ">
          <dt class="- topic/dt ">ID, [6:0]</dt>
          <dd class="- topic/dd ">
            <p class="- topic/p ">Drives the <keyword class="- topic/keyword " otherprops="g.signal.name">ATIDMn[6:0]</keyword> output pins.</p>
            <p class="- topic/p ">When a bit is set to 0, the corresponding output pin is LOW.</p>
            <p class="- topic/p ">When a bit is set to 1, the corresponding output pin is HIGH.</p>
            <p class="- topic/p ">The TRCITATBIDR bit values correspond to the physical state of the
              output pins.</p>
          </dd>
        </dlentry>
      </dl>
      <p class="- topic/p ">Bit fields and details not provided in this description are
        architecturally defined. See the <cite class="- topic/cite "><ph class="- topic/ph ">
                            <keyword class="- topic/keyword "><tm class="- topic/tm " tmtype="reg">Arm</tm></keyword> Architecture Reference Manual <keyword class="- topic/keyword ">Arm</keyword>v8, for <keyword class="- topic/keyword ">Arm</keyword>v8-A architecture profile</ph></cite>.</p>
      <p class="- topic/p ">The TRCITATBIDR can be accessed through the external debug interface,
        offset <codeph class="+ topic/ph pr-d/codeph "><ph class="- topic/ph " otherprops="g.number.hex">EE4</ph></codeph>.</p>
      
    </section>
  </refbody>
</reference>