<?xml version="1.0" encoding="UTF-8"?>
<!DOCTYPE reference
  PUBLIC "-//OASIS//DTD DITA Reference//EN" "reference.dtd">
<reference xmlns:ditaarch="http://dita.oasis-open.org/architecture/2005/" class="- topic/topic       reference/reference " ditaarch:DITAArchVersion="1.2" id="lau1467029066939" xml:lang="en-us">
	
	
	<title class="- topic/title ">AArch64 virtual GIC CPU interface register summary</title>
	<shortdesc class="- topic/shortdesc ">The following table describes the AArch64 virtual GIC CPU interface system registers that have <term class="- topic/term " outputclass="archterm">IMPLEMENTATION DEFINED</term> bits.</shortdesc>
	<prolog class="- topic/prolog "><permissions class="- topic/permissions " view="nonconfidential"/></prolog>
	<refbody class="- topic/body        reference/refbody ">
		<section class="- topic/section ">
			<p class="- topic/p ">See the <cite class="- topic/cite "><ph class="- topic/ph "><keyword class="- topic/keyword "><tm class="- topic/tm " tmtype="reg">Arm</tm></keyword> Generic Interrupt Controller Architecture Specification</ph></cite> for more
				information and a complete list of AArch64 virtual GIC CPU interface system
				registers.</p>
			
			
			
			<table class="- topic/table ">
				<title class="- topic/title ">AArch64 virtual GIC CPU interface register summary</title>
				<tgroup class="- topic/tgroup " cols="9">
					
					<colspec class="- topic/colspec " colname="col1" colnum="1"/><colspec class="- topic/colspec " colname="col2" colnum="2"/><colspec class="- topic/colspec " colname="col3" colnum="3"/><colspec class="- topic/colspec " colname="col4" colnum="4"/><colspec class="- topic/colspec " colname="col5" colnum="5"/><colspec class="- topic/colspec " colname="col6" colnum="6"/><colspec class="- topic/colspec " colname="col7" colnum="7"/><colspec class="- topic/colspec " colname="col8" colnum="8"/><colspec class="- topic/colspec " colname="col9" colnum="9"/><thead class="- topic/thead ">
						<row class="- topic/row ">
							<entry class="- topic/entry " colname="col1">Name</entry>
							<entry class="- topic/entry " colname="col2">Op0</entry>
							<entry class="- topic/entry " colname="col3">Op1</entry>
							<entry class="- topic/entry " colname="col4">CRn</entry>
							<entry class="- topic/entry " colname="col5">CRm</entry>
							<entry class="- topic/entry " colname="col6">Op2</entry>
							<entry class="- topic/entry " colname="col7">Type</entry>
							<entry class="- topic/entry " colname="col8">Description</entry>
						</row>
					</thead>
					<tbody class="- topic/tbody ">
						<row class="- topic/row ">
							<entry class="- topic/entry " colname="col1">ICV_AP0R0_EL1</entry>
							<entry class="- topic/entry " colname="col2">3</entry>
							<entry class="- topic/entry " colname="col3">0</entry>
							<entry class="- topic/entry " colname="col4">12</entry>
							<entry class="- topic/entry " colname="col5">8</entry>
							<entry class="- topic/entry " colname="col6">4</entry>
							<entry class="- topic/entry " colname="col7">RW</entry>
							<entry class="- topic/entry " colname="col8"><xref class="- topic/xref " href="iqh1470139554217.xml" keyref="IcvInterruptControllerVirtualActivePrioritiesGroup0Register0EL1" type="reference">ICV_AP0R0_EL1, Interrupt Controller Virtual Active Priorities Group 0 Register 0, EL1<desc class="- topic/desc ">The ICV_AP0R0_EL1 register provides information about virtual Group 0 		active priorities.</desc></xref></entry>
						</row>
						<row class="- topic/row ">
							<entry class="- topic/entry " colname="col1">ICV_AP1R0_EL1</entry>
							<entry class="- topic/entry " colname="col2">3</entry>
							<entry class="- topic/entry " colname="col3">0</entry>
							<entry class="- topic/entry " colname="col4">12</entry>
							<entry class="- topic/entry " colname="col5">9</entry>
							<entry class="- topic/entry " colname="col6">0</entry>
							<entry class="- topic/entry " colname="col7">RW</entry>
							<entry class="- topic/entry " colname="col8"><xref class="- topic/xref " href="tpr1470139605772.xml" keyref="IcvInterruptControllerVirtualActivePrioritiesGroup1Register0EL1" type="reference">ICV_AP1R0_EL1, Interrupt Controller Virtual Active Priorities Group 1 Register 0, EL1<desc class="- topic/desc ">The ICV_AP1R0_EL1 register provides information about virtual Group 1 		active priorities.</desc></xref></entry>
						</row>
						<row class="- topic/row ">
							<entry class="- topic/entry " colname="col1">ICV_BRP0_EL1</entry>
							<entry class="- topic/entry " colname="col2">3</entry>
							<entry class="- topic/entry " colname="col3">0</entry>
							<entry class="- topic/entry " colname="col4">12</entry>
							<entry class="- topic/entry " colname="col5">8</entry>
							<entry class="- topic/entry " colname="col6">3</entry>
							<entry class="- topic/entry " colname="col7">RW</entry>
							<entry class="- topic/entry " colname="col8"><xref class="- topic/xref " href="ism1470217229198.xml" keyref="IcvInterruptControllerVirtualBinaryPointRegister0EL1" type="reference">ICV_BPR0_EL1, Interrupt Controller Virtual Binary Point Register 0, EL1<desc class="- topic/desc ">ICV_BPR0_EL1 defines the point at which the priority value fields split 		into two parts, the group priority field and the subpriority field. The group priority field 		determines virtual Group 0 interrupt preemption.</desc></xref></entry>
						</row>
						<row class="- topic/row ">
							<entry class="- topic/entry " colname="col1">ICV_BPR1_EL1</entry>
							<entry class="- topic/entry " colname="col2">3</entry>
							<entry class="- topic/entry " colname="col3">0</entry>
							<entry class="- topic/entry " colname="col4">12</entry>
							<entry class="- topic/entry " colname="col5">12</entry>
							<entry class="- topic/entry " colname="col6">3</entry>
							<entry class="- topic/entry " colname="col7">RW</entry>
							<entry class="- topic/entry " colname="col8"><xref class="- topic/xref " href="jvp1470217252179.xml" keyref="IcvInterruptControllerVirtualBinaryPointRegister1EL1" type="reference">ICV_BPR1_EL1, Interrupt Controller Virtual Binary Point Register 1, EL1<desc class="- topic/desc ">ICV_BPR1_EL1 defines the point at which the priority value fields split 		into two parts, the group priority field and the subpriority field. The group priority field 		determines virtual Group 1 interrupt preemption.</desc></xref></entry>
						</row>
						<row class="- topic/row ">
							<entry class="- topic/entry " colname="col1">ICV_CTLR_EL1</entry>
							<entry class="- topic/entry " colname="col2">3</entry>
							<entry class="- topic/entry " colname="col3">0</entry>
							<entry class="- topic/entry " colname="col4">12</entry>
							<entry class="- topic/entry " colname="col5">12</entry>
							<entry class="- topic/entry " colname="col6">4</entry>
							<entry class="- topic/entry " colname="col7">RW</entry>
							<entry class="- topic/entry " colname="col8"><xref class="- topic/xref " href="lau1469184875468.xml" keyref="IcvInterruptControllerVirtualControlRegisterEL1" type="reference">ICV_CTLR_EL1, Interrupt Controller Virtual Control Register, EL1<desc class="- topic/desc ">ICV_CTLR_EL1 controls aspects of the behavior of the GIC virtual CPU 		interface and provides information about the features implemented.</desc></xref></entry>
						</row>
					</tbody>
				</tgroup>
			</table>
		</section>
	</refbody>
</reference>