<?xml version="1.0" encoding="UTF-8"?>
<!DOCTYPE reference
  PUBLIC "-//OASIS//DTD DITA Reference//EN" "reference.dtd">
<reference xmlns:ditaarch="http://dita.oasis-open.org/architecture/2005/" class="- topic/topic       reference/reference " ditaarch:DITAArchVersion="1.2" id="lau1443447751652" xml:lang="en-us">
  <title class="- topic/title " id="TitleRevisionIDRegister_EL1">REVIDR_EL1, Revision ID Register, EL1</title>
  <shortdesc class="- topic/shortdesc ">The REVIDR_EL1 provides revision information, additional to MIDR_EL1,
    that identifies minor fixes (errata) which might be present in a specific implementation of the
    <ph class="- topic/ph "><keyword class="- topic/keyword "><tm class="- topic/tm " tmtype="reg">Cortex</tm></keyword><keyword class="- topic/keyword ">‑A76</keyword></ph> core.</shortdesc>
  <prolog class="- topic/prolog ">
    <permissions class="- topic/permissions " view="nonconfidential"/>
    
  </prolog>
  <refbody class="- topic/body        reference/refbody ">
    <section class="- topic/section ">
      <title class="- topic/title ">Bit field descriptions</title>
      <p class="- topic/p ">REVIDR_EL1 is a 32-bit register, and is part of the Identification
        registers functional group.</p>
      
      <p class="- topic/p ">This register is Read Only.</p>
      <fig class="- topic/fig " id="fig_mr4_mkl_sv">
        <title class="- topic/title ">REVIDR_EL1 bit assignments</title>
        <image class="- topic/image " href="lau1443447784991.svg" id="image_qs4_mkl_sv" placement="inline">
          <alt class="- topic/alt ">REVIDR_EL1 bit assignments</alt>
        </image>
      </fig>
      <dl class="- topic/dl ">
        <dlentry class="- topic/dlentry ">
          <dt class="- topic/dt "><term class="- topic/term " outputclass="archterm">implementation defined</term>, [31:0]</dt>
          <dd class="- topic/dd ">
            <dl class="- topic/dl " compact="yes" outputclass="termwidthpc14">
              <dlentry class="- topic/dlentry ">
                <dt class="- topic/dt "/>
                <dd class="- topic/dd "><term class="- topic/term " outputclass="archterm">IMPLEMENTATION
                    DEFINED</term>.</dd>
              </dlentry>
            </dl>
          </dd>
        </dlentry>
      </dl>
      <dl class="- topic/dl ">
        <dlentry class="- topic/dlentry ">
          <dt class="- topic/dt ">Configurations</dt>
          <dd class="- topic/dd ">
            
            <p class="- topic/p ">There are no configuration notes.</p>      
            <p class="- topic/p ">Bit fields and details that are not provided in this description
              are architecturally defined. See the <cite class="- topic/cite "><ph class="- topic/ph ">
                            <keyword class="- topic/keyword "><tm class="- topic/tm " tmtype="reg">Arm</tm></keyword> Architecture Reference Manual <keyword class="- topic/keyword ">Arm</keyword>v8, for <keyword class="- topic/keyword ">Arm</keyword>v8-A architecture profile</ph></cite>.</p>
            
          </dd>
        </dlentry>
      </dl>
    </section>
    
  </refbody>
</reference>