<?xml version="1.0" encoding="UTF-8"?>
<!DOCTYPE reference
  PUBLIC "-//OASIS//DTD DITA Reference//EN" "reference.dtd">
<reference xmlns:ditaarch="http://dita.oasis-open.org/architecture/2005/" class="- topic/topic       reference/reference " ditaarch:DITAArchVersion="1.2" id="lau1443437677599" xml:lang="en-us">
  <title class="- topic/title " id="TitleAArch32AuxiliaryFeatureRegister0_EL1">ID_AFR0_EL1, AArch32 Auxiliary Feature Register 0, EL1</title>
  <shortdesc class="- topic/shortdesc ">The ID_AFR0_EL1 provides information about the <term class="- topic/term " outputclass="archterm">IMPLEMENTATION DEFINED</term> features of the PE in AArch32. This register is not used in the <ph class="- topic/ph "><keyword class="- topic/keyword "><tm class="- topic/tm " tmtype="reg">Cortex</tm></keyword><keyword class="- topic/keyword ">‑A76</keyword></ph> core.</shortdesc>
  <prolog class="- topic/prolog ">
    <permissions class="- topic/permissions " view="nonconfidential"/>
    
  </prolog>
  <refbody class="- topic/body        reference/refbody ">
    <section class="- topic/section ">
      <title class="- topic/title ">Bit field descriptions</title>
      <p class="- topic/p ">ID_AFR0_EL1 is a 32-bit register, and is part of the Identification
        registers functional group.</p>
      <p class="- topic/p ">This register is Read Only.</p>
      <fig class="- topic/fig " id="fig_l1q_tx4_mv">
        <title class="- topic/title ">ID_AFR0_EL1 bit assignments</title>
        <image class="- topic/image " href="joh1459444457266.svg" id="image_yfq_txw_nv" placement="inline">
          <alt class="- topic/alt ">ID_AFR0_EL1 bit assignments</alt>
        </image>
      </fig>
      <dl class="- topic/dl ">
        <dlentry class="- topic/dlentry ">
          <dt class="- topic/dt ">RES0, [31:0]</dt>
          <dd class="- topic/dd ">
            <dl class="- topic/dl " compact="yes" outputclass="termwidthpc8">
              <dlentry class="- topic/dlentry ">
                <dt class="- topic/dt "/>
                <dd class="- topic/dd ">Reserved, <term class="- topic/term " outputclass="archterm">RES0</term>.</dd>
              </dlentry>
            </dl>
          </dd>
        </dlentry>
      </dl>
      <dl class="- topic/dl ">
        <dlentry class="- topic/dlentry ">
          <dt class="- topic/dt ">Configurations</dt>
          
          <dd class="- topic/dd ">There are no configuration notes.</dd>
        </dlentry>
      </dl>
      <p class="- topic/p ">Bit fields and details that are not provided in this description are
        architecturally defined. See the <cite class="- topic/cite "><ph class="- topic/ph ">
                            <keyword class="- topic/keyword "><tm class="- topic/tm " tmtype="reg">Arm</tm></keyword> Architecture Reference Manual <keyword class="- topic/keyword ">Arm</keyword>v8, for <keyword class="- topic/keyword ">Arm</keyword>v8-A architecture profile</ph></cite>.</p>
    </section>
    
  </refbody>
</reference>