<?xml version="1.0" encoding="UTF-8"?>
<!DOCTYPE reference
  PUBLIC "-//OASIS//DTD DITA Reference//EN" "reference.dtd">
<reference xmlns:ditaarch="http://dita.oasis-open.org/architecture/2005/" class="- topic/topic       reference/reference " ditaarch:DITAArchVersion="1.2" id="lau1443697529862" xml:lang="en-us">
  <title class="- topic/title ">TRCIDR11, ID Register 11</title>
  <shortdesc class="- topic/shortdesc ">The TRCIDR11 returns the number of special P1 right-hand keys that the
    trace unit can use.</shortdesc>
  <prolog class="- topic/prolog ">
    <permissions class="- topic/permissions " view="nonconfidential"/>
  </prolog>
  <refbody class="- topic/body        reference/refbody ">
    <section class="- topic/section ">
      <title class="- topic/title ">Bit field descriptions</title>
      <p class="- topic/p ">The TRCIDR11 is a 32-bit register.</p>
      <fig class="- topic/fig ">
        <title class="- topic/title ">TRCIDR11 bit assignments</title>
        <image class="- topic/image " href="lau1443697566795.svg" placement="inline">
          <alt class="- topic/alt ">TRCIDR11 bit assignments</alt>
        </image>
      </fig>
      <dl class="- topic/dl ">
        <dlentry class="- topic/dlentry ">
          <dt class="- topic/dt ">NUMP1SPC, [31:0]</dt>
          <dd class="- topic/dd "><p class="- topic/p ">The number of special P1 right-hand keys that the
            trace unit can use.</p><dl class="- topic/dl " compact="yes" outputclass="termwidthpc8">
              <dlentry class="- topic/dlentry ">
                <dt class="- topic/dt "><codeph class="+ topic/ph pr-d/codeph ">0</codeph></dt>
                <dd class="- topic/dd ">Number of special P1 right-hand keys.</dd>
              </dlentry>
            </dl></dd>
        </dlentry>
      </dl>
      <p class="- topic/p ">Bit fields and details not provided in this description are
        architecturally defined. See the <cite class="- topic/cite "><ph class="- topic/ph ">
                            <keyword class="- topic/keyword "><tm class="- topic/tm " tmtype="reg">Arm</tm></keyword> Architecture Reference Manual <keyword class="- topic/keyword ">Arm</keyword>v8, for <keyword class="- topic/keyword ">Arm</keyword>v8-A architecture profile</ph></cite>.</p>
      <p class="- topic/p ">The TRCIDR11 can be accessed through the external debug interface, offset
          <codeph class="+ topic/ph pr-d/codeph "><ph class="- topic/ph " otherprops="g.number.hex">18C</ph></codeph>.</p>
      
    </section>
  </refbody>
</reference>