<?xml version="1.0" encoding="UTF-8"?>
<!DOCTYPE reference
  PUBLIC "-//OASIS//DTD DITA Reference//EN" "reference.dtd">
<reference xmlns:ditaarch="http://dita.oasis-open.org/architecture/2005/" class="- topic/topic       reference/reference " ditaarch:DITAArchVersion="1.2" id="lau1456920378552" xml:lang="en-us">
  <title class="- topic/title ">ERXCTLR_EL1, Selected Error Record Control Register, EL1</title>
  <shortdesc class="- topic/shortdesc ">Register ERXCTLR_EL1 accesses the ERR&lt;n&gt;CTLR control register
    for the error record selected by ERRSELR_EL1.SEL.</shortdesc>
  <prolog class="- topic/prolog ">
    <permissions class="- topic/permissions " view="nonconfidential"/>
  </prolog>
  <refbody class="- topic/body        reference/refbody ">
    <section class="- topic/section ">
      <p class="- topic/p ">If ERRSELR_EL1.SEL==0, then ERXCTLR_EL1 accesses the ERR0CTLR register of
        the core error record. See <xref class="- topic/xref " href="oey1472473209476.xml" keyref="Err0ctlrErrorRecordControlRegister" type="reference">ERR0CTLR, Error Record Control Register<desc class="- topic/desc ">The ERR0CTLR contains enable bits for the node that writes to this 		record:</desc></xref>.</p>	
      <p class="- topic/p ">If ERRSELR_EL1.SEL==1, then ERXCLTR_EL1 accesses the ERR1CTLR register of the <keyword class="- topic/keyword ">DSU</keyword> error record. See the <cite class="- topic/cite "><ph class="- topic/ph ">
                            <keyword class="- topic/keyword "><tm class="- topic/tm " tmtype="reg">Arm</tm></keyword> <ph class="- topic/ph "><keyword class="- topic/keyword "><tm class="- topic/tm " tmtype="tm">DynamIQ</tm>
                                    Shared Unit</keyword></ph> Technical Reference Manual</ph></cite>.</p>
      
    </section>
    
  </refbody>
</reference>