<?xml version="1.0" encoding="UTF-8"?>
<!DOCTYPE reference
  PUBLIC "-//OASIS//DTD DITA Reference//EN" "reference.dtd">
<reference xmlns:ditaarch="http://dita.oasis-open.org/architecture/2005/" class="- topic/topic       reference/reference " ditaarch:DITAArchVersion="1.2" id="lau1442502600944" xml:lang="en-us">
  <title class="- topic/title ">MVFR2_EL1, Media and VFP Feature Register 2, EL1</title>
  <shortdesc class="- topic/shortdesc ">The MVFR2_EL1 describes the features provided by the AArch64 Advanced
    SIMD and floating-point implementation.</shortdesc>
  <prolog class="- topic/prolog ">
    <permissions class="- topic/permissions " view="nonconfidential"/>
  </prolog>
  <refbody class="- topic/body        reference/refbody ">
    <section class="- topic/section ">
      <title class="- topic/title ">Bit field descriptions</title>
        <p class="- topic/p ">MVFR2_EL1 is a 32-bit register.</p>
      <fig class="- topic/fig ">
        <title class="- topic/title ">MVFR2_EL1 bit assignments</title>
        <image class="- topic/image " href="lau1442503994646.svg" placement="inline">
          <alt class="- topic/alt ">MVFR2_EL1 bit assignments</alt>
        </image>
      </fig>
      
      
      <dl class="- topic/dl ">
        <dlentry class="- topic/dlentry ">
          <dt class="- topic/dt ">[31:8]</dt>
          <dd class="- topic/dd ">
            <dl class="- topic/dl " compact="yes" outputclass="termwidthpc8">
              <dlentry class="- topic/dlentry ">
                <dt class="- topic/dt "><term class="- topic/term " outputclass="archterm">RES0</term></dt>
                <dd class="- topic/dd ">Reserved.</dd>
              </dlentry>
            </dl>
          </dd>
        </dlentry>
        <dlentry class="- topic/dlentry ">
          <dt class="- topic/dt ">FPMisc, [7:4]</dt>
          <dd class="- topic/dd ">
            <p class="- topic/p ">Indicates support for miscellaneous floating-point features.</p>
            <dl class="- topic/dl " compact="yes">
              <dlentry class="- topic/dlentry ">
                <dt class="- topic/dt "><ph class="- topic/ph " otherprops="g.number.hex">4</ph></dt>
                <dd class="- topic/dd ">
                  <p class="- topic/p ">Supports:</p>
                  <ul class="- topic/ul ">
                    <li class="- topic/li ">Floating-point selection.</li>
                    <li class="- topic/li ">Floating-point Conversion to Integer with Directed Rounding modes.</li>
                    <li class="- topic/li ">Floating-point Round to Integral Floating-point.</li>
                    <li class="- topic/li ">Floating-point MaxNum and MinNum.</li>
                  </ul>
                </dd>
              </dlentry>
            </dl>
          </dd>
        </dlentry>
        <dlentry class="- topic/dlentry ">
          <dt class="- topic/dt ">SIMDMisc, [3:0]</dt>
          <dd class="- topic/dd ">
            <p class="- topic/p ">Indicates support for miscellaneous Advanced SIMD features.</p>
            <dl class="- topic/dl " compact="yes">
              <dlentry class="- topic/dlentry ">
                <dt class="- topic/dt "><ph class="- topic/ph " otherprops="g.number.hex">3</ph></dt>
                <dd class="- topic/dd ">
                  <p class="- topic/p ">Supports:</p>
                  <ul class="- topic/ul ">
                    <li class="- topic/li ">Floating-point Conversion to Integer with Directed Rounding modes.</li>
                    <li class="- topic/li ">Floating-point Round to Integral Floating-point.</li>
                    <li class="- topic/li ">Floating-point MaxNum and MinNum.</li>
                  </ul>
                </dd>
              </dlentry>
            </dl>
          </dd>
        </dlentry>
      </dl>
      <dl class="- topic/dl ">
        <dlentry class="- topic/dlentry ">
          <dt class="- topic/dt ">Configurations</dt>
          
          <dd class="- topic/dd ">There are no configuration notes.</dd>
        </dlentry>
      </dl>
    </section>
    <section class="- topic/section ">
      <title class="- topic/title ">Usage constraints</title>
      <dl class="- topic/dl ">
        <dlentry class="- topic/dlentry ">
          <dt class="- topic/dt ">Accessing the MVFR2_EL1</dt>
          <dd class="- topic/dd ">
            <p class="- topic/p ">To access the MVFR2_EL1:</p>
            <codeblock class="+ topic/pre pr-d/codeblock " xml:space="preserve">MRS &lt;Xt&gt;, MVFR2_EL1 ; Read MVFR2_EL1 into Xt</codeblock>
          </dd>
        </dlentry>
      </dl>
      <p class="- topic/p ">Register access is encoded as follows:</p>
      <table class="- topic/table " colsep="0" frame="topbot" rowsep="0">
        <title class="- topic/title ">MVFR2_EL1 access encoding</title>
        <tgroup class="- topic/tgroup " cols="5" colsep="0" rowsep="0">
          <colspec class="- topic/colspec " colname="col1" colnum="1" colsep="0"/>
          <colspec class="- topic/colspec " colname="col2" colnum="2" colsep="0"/>
          <colspec class="- topic/colspec " colname="col3" colnum="3" colsep="0"/>
          <colspec class="- topic/colspec " colname="col4" colnum="4" colsep="0"/>
          <colspec class="- topic/colspec " colname="col5" colnum="5" colsep="0"/>
          <thead class="- topic/thead ">
            <row class="- topic/row " rowsep="1">
              <entry class="- topic/entry " colname="col1">op0</entry>
              <entry class="- topic/entry " colname="col2">op1</entry>
              <entry class="- topic/entry " colname="col3">CRn</entry>
              <entry class="- topic/entry " colname="col4">CRm</entry>
              <entry class="- topic/entry " colname="col5">op2</entry>
            </row>
          </thead>
          <tbody class="- topic/tbody ">
            <row class="- topic/row " rowsep="0">
              <entry class="- topic/entry " colname="col1">11</entry>
              <entry class="- topic/entry " colname="col2">000</entry>
              <entry class="- topic/entry " colname="col3">0000</entry>
              <entry class="- topic/entry " colname="col4">0011</entry>
              <entry class="- topic/entry " colname="col5">010</entry>
            </row>
          </tbody>
        </tgroup>
      </table>
      <dl class="- topic/dl ">
        <dlentry class="- topic/dlentry ">
          <dt class="- topic/dt ">Accessibility</dt>
          <dd class="- topic/dd ">This register is accessible as follows:</dd>
        </dlentry>
      </dl>
      <table class="- topic/table " colsep="0" frame="topbot" rowsep="0">
        <tgroup class="- topic/tgroup " cols="6" colsep="0" rowsep="0">
          <colspec class="- topic/colspec " colname="col1" colnum="1" colsep="0"/>
          <colspec class="- topic/colspec " colname="col2" colnum="2" colsep="0"/>
          <colspec class="- topic/colspec " colname="col3" colnum="3" colsep="0"/>
          <colspec class="- topic/colspec " colname="col4" colnum="4" colsep="0"/>
          <colspec class="- topic/colspec " colname="col5" colnum="5" colsep="0"/>
          <colspec class="- topic/colspec " colname="col6" colnum="6" colsep="0"/>
          <thead class="- topic/thead ">
            <row class="- topic/row " rowsep="1">
              <entry class="- topic/entry " colname="col1">EL0</entry>
              <entry class="- topic/entry " colname="col2">EL1(NS)</entry>
              <entry class="- topic/entry " colname="col3">EL1(S)</entry>
              <entry class="- topic/entry " colname="col4">EL2</entry>
              <entry class="- topic/entry " colname="col5">EL3 (SCR.NS = 1)</entry>
              <entry class="- topic/entry " colname="col6">EL3(SCR.NS = 0)</entry>
            </row>
          </thead>
          <tbody class="- topic/tbody ">
            <row class="- topic/row " rowsep="0">
              <entry class="- topic/entry " colname="col1">-</entry>
              <entry class="- topic/entry " colname="col2">RO</entry>
              <entry class="- topic/entry " colname="col3">RO</entry>
              <entry class="- topic/entry " colname="col4">RO</entry>
              <entry class="- topic/entry " colname="col5">RO</entry>
              <entry class="- topic/entry " colname="col6">RO</entry>
            </row>
          </tbody>
        </tgroup>
      </table>
    </section>
  </refbody>
</reference>