<?xml version="1.0" encoding="UTF-8"?>
<!DOCTYPE reference
  PUBLIC "-//OASIS//DTD DITA Reference//EN" "reference.dtd">
<reference xmlns:ditaarch="http://dita.oasis-open.org/architecture/2005/" class="- topic/topic       reference/reference " ditaarch:DITAArchVersion="1.2" id="lau1457001994468" xml:lang="en-us">
	<title class="- topic/title ">LORC_EL1, LORegion Control Register, EL1</title>
	<shortdesc class="- topic/shortdesc ">The LORC_EL1 register enables and disables LORegions, and selects the
		current LORegion descriptor.</shortdesc>
	<prolog class="- topic/prolog "><permissions class="- topic/permissions " view="nonconfidential"/></prolog>
	<refbody class="- topic/body        reference/refbody ">
		
		<section class="- topic/section ">
			<title class="- topic/title ">Bit field descriptions</title>
			<p class="- topic/p ">LORC_EL1 is a 64-bit register and is part of the Virtual memory control
				registers functional group.</p>
			<fig class="- topic/fig ">
				<title class="- topic/title ">LORC_EL1 bit assignments</title>
				<image class="- topic/image " href="lau1464774931770.svg" placement="inline">
					<alt class="- topic/alt ">LORC_EL1 bit assignments</alt>
				</image>
			</fig>
			<dl class="- topic/dl ">
				<dlentry class="- topic/dlentry ">
					<dt class="- topic/dt ">[63:4]</dt>
					<dd class="- topic/dd ">Reserved, <term class="- topic/term " outputclass="archterm">RES0</term>.</dd>
				</dlentry>
				<dlentry class="- topic/dlentry ">
					<dt class="- topic/dt ">DS, [3:2]</dt>
					<dd class="- topic/dd ">Descriptor Select. Number that selects the current LORegion descriptor
						accessed by the LORSA_EL1, LOREA_EL1, and LORN_EL1 registers.</dd>
				</dlentry>
				<dlentry class="- topic/dlentry ">
					<dt class="- topic/dt ">[1]</dt>
					<dd class="- topic/dd ">Reserved, <term class="- topic/term " outputclass="archterm">RES0</term>.</dd>
				</dlentry>
				<dlentry class="- topic/dlentry ">
					<dt class="- topic/dt ">
						EN, [0]</dt>
					<dd class="- topic/dd ">
						<p class="- topic/p ">Enable. The possible values are:</p>
							<dl class="- topic/dl " compact="yes" outputclass="termwidthpc=8">
								<dlentry class="- topic/dlentry ">
									<dt class="- topic/dt "><codeph class="+ topic/ph pr-d/codeph " otherprops="g.number.any">0</codeph></dt>
									<dd class="- topic/dd ">Disabled. This is the reset value.</dd>
								</dlentry>
								<dlentry class="- topic/dlentry ">
									<dt class="- topic/dt "><codeph class="+ topic/ph pr-d/codeph " otherprops="g.number.any">1</codeph></dt>
									<dd class="- topic/dd ">Enabled.</dd>
								</dlentry>
							</dl></dd>
				</dlentry>
			</dl>
			<dl class="- topic/dl ">
				<dlentry class="- topic/dlentry ">
					<dt class="- topic/dt ">Configurations</dt>
					<dd class="- topic/dd ">
						
						<p class="- topic/p ">RW fields in this register reset to architecturally <term class="- topic/term " outputclass="archterm">UNKNOWN</term> values.</p>
						<p class="- topic/p ">Bit fields and details that are not provided in this description are
							architecturally defined. See the <cite class="- topic/cite "><ph class="- topic/ph ">
                            <keyword class="- topic/keyword "><tm class="- topic/tm " tmtype="reg">Arm</tm></keyword> Architecture Reference Manual <keyword class="- topic/keyword ">Arm</keyword>v8, for <keyword class="- topic/keyword ">Arm</keyword>v8-A architecture profile</ph></cite>.</p>
					</dd>
				</dlentry>
			</dl>
		</section>
		
	</refbody>
</reference>