<?xml version="1.0" encoding="UTF-8"?>
<!DOCTYPE reference
  PUBLIC "-//OASIS//DTD DITA Reference//EN" "reference.dtd">
<reference xmlns:ditaarch="http://dita.oasis-open.org/architecture/2005/" class="- topic/topic       reference/reference " ditaarch:DITAArchVersion="1.2" id="lau1457356434204" xml:lang="en-us">
	
	
	
	
	<title class="- topic/title ">ERR0PFGCDN, Error Pseudo Fault Generation Count Down Register</title>
	<shortdesc class="- topic/shortdesc ">ERR0PFGCDN is the <ph class="- topic/ph "><keyword class="- topic/keyword "><tm class="- topic/tm " tmtype="reg">Cortex</tm></keyword><keyword class="- topic/keyword ">‑A76</keyword></ph> node register that generates one of the errors that are enabled in the corresponding ERR0PFGCTL register.</shortdesc>
	<prolog class="- topic/prolog ">
		<permissions class="- topic/permissions " view="nonconfidential"/>
		
	</prolog>
	<refbody class="- topic/body        reference/refbody ">
		<section class="- topic/section ">
			<title class="- topic/title ">Bit field descriptions</title>
			<p class="- topic/p ">ERR0PFGCDN is a 32-bit register and is RW.</p>
			<fig class="- topic/fig ">
				<title class="- topic/title ">ERR0PFGCDN bit assignments </title>
				<image class="- topic/image " href="lau1464589506497.svg" placement="inline">
					<alt class="- topic/alt ">ERR0PFGCDN bit assignments</alt>
				</image>
			</fig>
			<dl class="- topic/dl ">
				<dlentry class="- topic/dlentry ">
					<dt class="- topic/dt ">CDN, [31:0]</dt>
					<dd class="- topic/dd ">Count Down value. The reset value of the Error Generation Counter is used
						for the countdown.</dd>
				</dlentry>
			</dl>
			<dl class="- topic/dl ">
				<dlentry class="- topic/dlentry ">
					<dt class="- topic/dt ">Configurations</dt>
					<dd class="- topic/dd ">
						<p class="- topic/p ">There are no configuration options.</p>
						<p class="- topic/p ">ERR0PFGCDN resets to <ph class="- topic/ph "><term class="- topic/term " outputclass="archterm">UNKNOWN</term></ph>.</p>
						
						
						<p class="- topic/p ">When ERRSELR.SEL==0, ERR0PFGCDN is accessible from <xref class="- topic/xref " href="joh1460047172751.xml" keyref="ErxpfgcdnrEl1SelectedErrorPseudoFaultGenerationCountDownRegisterEl1" type="reference">ERXPFGCDN_EL1, Selected Error Pseudo Fault Generation Count Down Register, EL1<desc class="- topic/desc ">Register ERXPFGCDN_EL1 accesses the ERR&lt;n&gt;PFGCND register for the error record selected by ERRSELR_EL1.SEL.</desc></xref>.</p>
					</dd>
				</dlentry>
			</dl>
		</section>
	</refbody>
</reference>