<?xml version="1.0" encoding="UTF-8"?>
<!DOCTYPE reference
  PUBLIC "-//OASIS//DTD DITA Reference//EN" "reference.dtd">
<reference xmlns:ditaarch="http://dita.oasis-open.org/architecture/2005/" class="- topic/topic       reference/reference " ditaarch:DITAArchVersion="1.2" id="lau1464337928164" xml:lang="en-us">
	
	
	
	<title class="- topic/title ">Asynchronous interface</title>
	<shortdesc class="- topic/shortdesc ">Your implementation can include an optional asynchronous interface
		between the core and the <keyword class="- topic/keyword ">DSU</keyword> top level.</shortdesc>
	<prolog class="- topic/prolog "><permissions class="- topic/permissions " view="nonconfidential"/></prolog>
	<refbody class="- topic/body        reference/refbody ">
		<section class="- topic/section ">
			<p class="- topic/p ">See the <cite class="- topic/cite "><ph class="- topic/ph ">
                            <keyword class="- topic/keyword "><tm class="- topic/tm " tmtype="reg">Arm</tm></keyword> <ph class="- topic/ph "><keyword class="- topic/keyword "><tm class="- topic/tm " tmtype="tm">DynamIQ</tm>
                                    Shared Unit</keyword></ph> Technical Reference Manual</ph></cite> for more information.</p>
		</section>
	</refbody>
</reference>