<?xml version="1.0" encoding="UTF-8"?>
<!DOCTYPE reference
  PUBLIC "-//OASIS//DTD DITA Reference//EN" "reference.dtd">
<reference xmlns:ditaarch="http://dita.oasis-open.org/architecture/2005/" class="- topic/topic       reference/reference " ditaarch:DITAArchVersion="1.2" id="lau1443437895509" xml:lang="en-us">
  <title class="- topic/title " id="TitleAArch32InstructionSetAttributeRegister1_EL1">ID_ISAR1_EL1, AArch32 Instruction Set Attribute Register 1, EL1</title>
  <shortdesc class="- topic/shortdesc ">The ID_ISAR1_EL1 provides information about the instruction sets
    implemented by the core in AArch32.</shortdesc>
  <prolog class="- topic/prolog ">
    <permissions class="- topic/permissions " view="nonconfidential"/>
    
  </prolog>
  <refbody class="- topic/body        reference/refbody ">
    <section class="- topic/section ">
      <title class="- topic/title ">Bit field descriptions</title>
      <p class="- topic/p ">ID_ISAR1_EL1 is a 32-bit register, and is part of the Identification
        registers functional group.</p>
      <p class="- topic/p ">This register is Read Only.</p>
      <fig class="- topic/fig " id="fig_ng3_vcy_nv">
        <title class="- topic/title ">ID_ISAR1_EL1 bit assignments</title>
        <image class="- topic/image " href="lau1443445346700.svg" id="image_pj3_vcy_nv" placement="inline">
          <alt class="- topic/alt ">ID_ISAR1_EL1 bit assignments</alt>
        </image>
      </fig>
      <dl class="- topic/dl ">
        <dlentry class="- topic/dlentry ">
          <dt class="- topic/dt ">Jazelle, [31:28]</dt>
          <dd class="- topic/dd ">
            <p class="- topic/p ">Indicates the implemented Jazelle state instructions:</p>
            <dl class="- topic/dl " compact="yes" outputclass="termwidthpc8">
              <dlentry class="- topic/dlentry ">
                <dt class="- topic/dt ">
                  <codeph class="+ topic/ph pr-d/codeph ">
                    <ph class="- topic/ph " otherprops="g.number.hex">1</ph>
                  </codeph>
                </dt>
                <dd class="- topic/dd ">Adds the <codeph class="+ topic/ph pr-d/codeph ">BXJ</codeph> instruction, and
                  the J bit in the PSR. </dd>
              </dlentry>
            </dl>
          </dd>
        </dlentry>
        <dlentry class="- topic/dlentry ">
          <dt class="- topic/dt ">Interwork, [27:24]</dt>
          <dd class="- topic/dd ">
            <p class="- topic/p ">Indicates the implemented Interworking instructions:</p>
            <dl class="- topic/dl " compact="yes" outputclass="termwidthpc8">
              <dlentry class="- topic/dlentry ">
                <dt class="- topic/dt ">
                  <codeph class="+ topic/ph pr-d/codeph ">
                    <ph class="- topic/ph " otherprops="g.number.hex">3</ph>
                  </codeph>
                </dt>
                <dd class="- topic/dd ">
                  <ul class="- topic/ul " id="ul_sl3_vcy_nv">
                    <li class="- topic/li ">The <codeph class="+ topic/ph pr-d/codeph ">BX</codeph> instruction, and the
                      T bit in the PSR.</li>
                    <li class="- topic/li ">The <codeph class="+ topic/ph pr-d/codeph ">BLX</codeph> instruction. The PC
                      loads have <codeph class="+ topic/ph pr-d/codeph ">BX</codeph>-like behavior.</li>
                    <li class="- topic/li ">Data-processing instructions in the A32 instruction set with
                      the PC as the destination and the S bit clear, have <codeph class="+ topic/ph pr-d/codeph ">BX</codeph>-like behavior.</li>
                  </ul>
                </dd>
              </dlentry>
            </dl>
          </dd>
        </dlentry>
        <dlentry class="- topic/dlentry ">
          <dt class="- topic/dt ">Immediate, [23:20]</dt>
          <dd class="- topic/dd ">
            <p class="- topic/p ">Indicates the implemented data-processing instructions with long
              immediates:</p>
            <dl class="- topic/dl " compact="yes" outputclass="termwidthpc8">
              <dlentry class="- topic/dlentry ">
                <dt class="- topic/dt ">
                  <codeph class="+ topic/ph pr-d/codeph ">
                    <ph class="- topic/ph " otherprops="g.number.hex">1</ph>
                  </codeph>
                </dt>
                <dd class="- topic/dd ">
                  <ul class="- topic/ul " id="ul_am3_vcy_nv">
                    <li class="- topic/li ">The <codeph class="+ topic/ph pr-d/codeph ">MOVT</codeph> instruction.</li>
                    <li class="- topic/li ">The <codeph class="+ topic/ph pr-d/codeph ">MOV</codeph> instruction
                      encodings with zero-extended 16-bit immediates.</li>
                    <li class="- topic/li ">The T32 <codeph class="+ topic/ph pr-d/codeph ">ADD</codeph> and <codeph class="+ topic/ph pr-d/codeph ">SUB</codeph> instruction encodings with zero-extended 12-bit
                      immediates, and other <codeph class="+ topic/ph pr-d/codeph ">ADD</codeph>, <codeph class="+ topic/ph pr-d/codeph ">ADR</codeph>, and <codeph class="+ topic/ph pr-d/codeph ">SUB</codeph>
                      encodings cross-referenced by the pseudocode for those encodings.</li>
                  </ul>
                </dd>
              </dlentry>
            </dl>
          </dd>
        </dlentry>
        <dlentry class="- topic/dlentry ">
          <dt class="- topic/dt ">IfThen, [19:16]</dt>
          <dd class="- topic/dd ">
            <p class="- topic/p ">Indicates the implemented If-Then  instructions in the T32
              instruction set:</p>
            <dl class="- topic/dl " compact="yes" outputclass="termwidthpc8">
              <dlentry class="- topic/dlentry ">
                <dt class="- topic/dt ">
                  <codeph class="+ topic/ph pr-d/codeph ">
                    <ph class="- topic/ph " otherprops="g.number.hex">1</ph>
                  </codeph>
                </dt>
                <dd class="- topic/dd ">The <codeph class="+ topic/ph pr-d/codeph ">IT</codeph> instructions, and the
                  IT bits in the PSRs.</dd>
              </dlentry>
            </dl>
          </dd>
        </dlentry>
        <dlentry class="- topic/dlentry ">
          <dt class="- topic/dt ">Extend, [15:12]</dt>
          <dd class="- topic/dd ">
            <p class="- topic/p ">Indicates the implemented Extend instructions:</p>
            <dl class="- topic/dl " compact="yes" outputclass="termwidthpc8">
              <dlentry class="- topic/dlentry ">
                <dt class="- topic/dt ">
                  <codeph class="+ topic/ph pr-d/codeph ">
                    <ph class="- topic/ph " otherprops="g.number.hex">2</ph>
                  </codeph>
                </dt>
                <dd class="- topic/dd ">
                  <ul class="- topic/ul " id="ul_km3_vcy_nv">
                    <li class="- topic/li ">The <codeph class="+ topic/ph pr-d/codeph ">SXTB</codeph>, <codeph class="+ topic/ph pr-d/codeph ">SXTH</codeph>, <codeph class="+ topic/ph pr-d/codeph ">UXTB</codeph>, and
                        <codeph class="+ topic/ph pr-d/codeph ">UXTH</codeph> instructions.</li>
                    <li class="- topic/li ">The <codeph class="+ topic/ph pr-d/codeph ">SXTB16</codeph>, <codeph class="+ topic/ph pr-d/codeph ">SXTAB</codeph>, <codeph class="+ topic/ph pr-d/codeph ">SXTAB16</codeph>,
                        <codeph class="+ topic/ph pr-d/codeph ">SXTAH</codeph>, <codeph class="+ topic/ph pr-d/codeph ">UXTB16</codeph>, <codeph class="+ topic/ph pr-d/codeph ">UXTAB</codeph>, <codeph class="+ topic/ph pr-d/codeph ">UXTAB16</codeph>, and <codeph class="+ topic/ph pr-d/codeph ">UXTAH</codeph> instructions.</li>
                  </ul>
                </dd>
              </dlentry>
            </dl>
          </dd>
        </dlentry>
        <dlentry class="- topic/dlentry ">
          <dt class="- topic/dt ">Except_AR, [11:8]</dt>
          <dd class="- topic/dd ">
            <p class="- topic/p ">Indicates the implemented A profile exception-handling
              instructions:</p>
            <dl class="- topic/dl " compact="yes" outputclass="termwidthpc8">
              <dlentry class="- topic/dlentry ">
                <dt class="- topic/dt ">
                  <codeph class="+ topic/ph pr-d/codeph ">
                    <ph class="- topic/ph " otherprops="g.number.hex">1</ph>
                  </codeph>
                </dt>
                <dd class="- topic/dd ">The <codeph class="+ topic/ph pr-d/codeph ">SRS</codeph> and <codeph class="+ topic/ph pr-d/codeph ">RFE</codeph> instructions, and the A profile forms of the
                    <codeph class="+ topic/ph pr-d/codeph ">CPS</codeph> instruction.</dd>
              </dlentry>
            </dl>
          </dd>
        </dlentry>
        <dlentry class="- topic/dlentry ">
          <dt class="- topic/dt ">Except, [7:4]</dt>
          <dd class="- topic/dd ">
            <p class="- topic/p ">Indicates the implemented exception-handling instructions in the A32
              instruction set:</p>
            <dl class="- topic/dl " compact="yes" outputclass="termwidthpc8">
              <dlentry class="- topic/dlentry ">
                <dt class="- topic/dt ">
                  <codeph class="+ topic/ph pr-d/codeph ">
                    <ph class="- topic/ph " otherprops="g.number.hex">1</ph>
                  </codeph>
                </dt>
                <dd class="- topic/dd ">The <codeph class="+ topic/ph pr-d/codeph ">LDM</codeph> (exception return),
                    <codeph class="+ topic/ph pr-d/codeph ">LDM</codeph> (user registers), and <codeph class="+ topic/ph pr-d/codeph ">STM</codeph> (user registers) instruction versions.</dd>
              </dlentry>
            </dl>
          </dd>
        </dlentry>
        <dlentry class="- topic/dlentry ">
          <dt class="- topic/dt ">Endian, [3:0]</dt>
          <dd class="- topic/dd ">
            <p class="- topic/p ">Indicates the implemented Endian instructions:</p>
            <dl class="- topic/dl " compact="yes" outputclass="termwidthpc8">
              <dlentry class="- topic/dlentry ">
                <dt class="- topic/dt ">
                  <codeph class="+ topic/ph pr-d/codeph ">
                    <ph class="- topic/ph " otherprops="g.number.hex">1</ph>
                  </codeph>
                </dt>
                <dd class="- topic/dd ">The <codeph class="+ topic/ph pr-d/codeph ">SETEND</codeph> instruction, and
                  the E bit in the PSRs.</dd>
              </dlentry>
            </dl>
          </dd>
        </dlentry>
      </dl>
      <dl class="- topic/dl ">
        <dlentry class="- topic/dlentry ">
          <dt class="- topic/dt ">Configurations</dt>
          <dd class="- topic/dd ">
            
            <p class="- topic/p ">In an AArch64-only implementation, this register is <term class="- topic/term " outputclass="archterm">unknown</term>.</p>
            
            <p class="- topic/p ">Must be interpreted with ID_ISAR0_EL1, ID_ISAR2_EL1, ID_ISAR3_EL1, ID_ISAR4_EL1, ID_ISAR5_EL1, and ID_ISAR6_EL1. See:</p>
            <ul class="- topic/ul " id="ul_jzq_m3t_2v">
              <li class="- topic/li "><xref class="- topic/xref " href="lau1443437809604.xml" keyref="IdIsar0El1Aarch32InstructionSetAttributeRegister0El1" type="reference">ID_ISAR0_EL1, AArch32 Instruction Set Attribute Register 0, EL1<desc class="- topic/desc ">The ID_ISAR0_EL1 provides information about the instruction sets implemented by the core in 		AArch32.</desc></xref>.</li>
              <li class="- topic/li "><xref class="- topic/xref " href="lau1443445407754.xml" keyref="IdIsar2El1Aarch32InstructionSetAttributeRegister2El1" type="reference">ID_ISAR2_EL1, AArch32 Instruction Set Attribute Register 2, EL1<desc class="- topic/desc ">The ID_ISAR2_EL1 provides information about the instruction sets     implemented by the core in AArch32.</desc></xref>.</li>
              <li class="- topic/li "><xref class="- topic/xref " href="lau1443445482819.xml" keyref="IdIsar3El1Aarch32InstructionSetAttributeRegister3El1" type="reference">ID_ISAR3_EL1, AArch32 Instruction Set Attribute Register 3, EL1<desc class="- topic/desc ">The ID_ISAR3_EL1 provides information about the instruction sets     implemented by the core in AArch32.</desc></xref>.</li>
              <li class="- topic/li "><xref class="- topic/xref " href="lau1443445566298.xml" keyref="IdIsar4El1Aarch32InstructionSetAttributeRegister4El1" type="reference">ID_ISAR4_EL1, AArch32 Instruction Set Attribute Register 4, EL1<desc class="- topic/desc ">The ID_ISAR4_EL1 provides information about the instruction sets     implemented by the core in AArch32.</desc></xref>.</li>
              <li class="- topic/li "><xref class="- topic/xref " href="lau1443445664210.xml" keyref="IdIsar5El1Aarch32InstructionSetAttributeRegister5El1" type="reference">ID_ISAR5_EL1, AArch32 Instruction Set Attribute Register 5, EL1<desc class="- topic/desc ">The ID_ISAR5_EL1 provides information about the instruction sets that     the core implements.</desc></xref>.</li>
              <li class="- topic/li "><xref class="- topic/xref " href="nwd1493817464437.xml" keyref="IdIsar6El1Aarch32InstructionSetAttributeRegister6El1" type="reference">ID_ISAR6_EL1, AArch32 Instruction Set Attribute Register 6, EL1<desc class="- topic/desc ">The ID_ISAR6_EL1 provides information about the instruction sets that     the core implements.</desc></xref>.</li>
            </ul>
          </dd>
        </dlentry>
      </dl>
      <p class="- topic/p ">Bit fields and details that are not provided in this description are
        architecturally defined. See the <cite class="- topic/cite "><ph class="- topic/ph ">
                            <keyword class="- topic/keyword "><tm class="- topic/tm " tmtype="reg">Arm</tm></keyword> Architecture Reference Manual <keyword class="- topic/keyword ">Arm</keyword>v8, for <keyword class="- topic/keyword ">Arm</keyword>v8-A architecture profile</ph></cite>.</p>
    </section>
    
  </refbody>
</reference>