<?xml version="1.0" encoding="UTF-8"?>
<!DOCTYPE reference
  PUBLIC "-//OASIS//DTD DITA Reference//EN" "reference.dtd">
<reference xmlns:ditaarch="http://dita.oasis-open.org/architecture/2005/" class="- topic/topic       reference/reference " ditaarch:DITAArchVersion="1.2" id="lau1443436573879" xml:lang="en-us">
  
  <title class="- topic/title " id="TitleHypAuxiliaryConfigurationRegister_EL2">HACR_EL2, Hyp Auxiliary
    Configuration Register, EL2</title>
  <shortdesc class="- topic/shortdesc ">HACR_EL2 controls trapping to EL2 of <term class="- topic/term " outputclass="archterm">IMPLEMENTATION DEFINED</term> aspects of Non-secure EL1 or EL0
    operation. This register is not used in the <ph class="- topic/ph "><keyword class="- topic/keyword "><tm class="- topic/tm " tmtype="reg">Cortex</tm></keyword><keyword class="- topic/keyword ">‑A76</keyword></ph> core.</shortdesc>
  <prolog class="- topic/prolog ">
    <permissions class="- topic/permissions " view="nonconfidential"/>
    
  </prolog>
  <refbody class="- topic/body        reference/refbody ">
    <section class="- topic/section ">
      <title class="- topic/title ">Bit field descriptions</title>
      <p class="- topic/p ">HACR_EL2 is a 32-bit register, and is part of Virtualization registers
        functional group.</p>
      <fig class="- topic/fig " id="fig_ws4_gp5_rv">
        <title class="- topic/title ">HACR_EL2 bit assignments</title>
        <image class="- topic/image " href="joh1460536465889.svg" id="image_qt4_gp5_rv" placement="inline">
          <alt class="- topic/alt ">HACR_EL2 bit assignments</alt>
        </image>
      </fig>
      <dl class="- topic/dl ">
        <dlentry class="- topic/dlentry ">
          <dt class="- topic/dt ">RES0, [31:0]</dt>
          <dd class="- topic/dd ">
            <dl class="- topic/dl " compact="yes" outputclass="termwidthpc8">
              <dlentry class="- topic/dlentry ">
                <dt class="- topic/dt "/>
                <dd class="- topic/dd ">Reserved, <term class="- topic/term " outputclass="archterm">RES0</term>.</dd>
              </dlentry>
            </dl>
          </dd>
        </dlentry>
      </dl>
      <dl class="- topic/dl ">
        <dlentry class="- topic/dlentry ">
          <dt class="- topic/dt ">Configurations</dt>
          <dd class="- topic/dd ">
            
            <p class="- topic/p ">There are no configuration notes.</p>
            <p class="- topic/p ">Bit fields and details not provided in this description are architecturally defined. See the <cite class="- topic/cite "><ph class="- topic/ph ">
                            <keyword class="- topic/keyword "><tm class="- topic/tm " tmtype="reg">Arm</tm></keyword> Architecture Reference Manual <keyword class="- topic/keyword ">Arm</keyword>v8, for <keyword class="- topic/keyword ">Arm</keyword>v8-A architecture profile</ph></cite>.</p>
</dd>
        </dlentry>
      </dl>
      </section>
    
  </refbody>
</reference>