<?xml version="1.0" encoding="UTF-8"?>
<!DOCTYPE reference
  PUBLIC "-//OASIS//DTD DITA Reference//EN" "reference.dtd">
<reference xmlns:ditaarch="http://dita.oasis-open.org/architecture/2005/" class="- topic/topic       reference/reference " ditaarch:DITAArchVersion="1.2" id="lau1443698265471" xml:lang="en-us">
  <title class="- topic/title ">TRCIDR4, ID Register 4</title>
  <shortdesc class="- topic/shortdesc ">The TRCIDR4 indicates the resources available in the ETM trace
    unit.</shortdesc>
  <prolog class="- topic/prolog ">
    <permissions class="- topic/permissions " view="nonconfidential"/>
  </prolog>
  <refbody class="- topic/body        reference/refbody ">
    <section class="- topic/section ">
      <title class="- topic/title ">Bit field descriptions</title>
      <p class="- topic/p ">The TRCIDR4 is a 32-bit register.</p>
      <fig class="- topic/fig ">
        <title class="- topic/title ">TRCIDR4 bit assignments</title>
        <image class="- topic/image " href="lau1443698313404.svg" placement="inline">
          <alt class="- topic/alt ">TRCIDR4 bit assignments</alt>
        </image>
      </fig>
      <dl class="- topic/dl ">
        <dlentry class="- topic/dlentry ">
          <dt class="- topic/dt ">NUMVMIDC, [31:28]</dt>
          <dd class="- topic/dd "><p class="- topic/p ">Indicates the number of VMID comparators available
            for tracing:</p><dl class="- topic/dl " compact="yes" outputclass="termwidthpc8">
              <dlentry class="- topic/dlentry ">
                <dt class="- topic/dt "><codeph class="+ topic/ph pr-d/codeph "><ph class="- topic/ph " otherprops="g.number.hex">1</ph></codeph></dt>
                <dd class="- topic/dd ">One VMID comparator is available.</dd>
              </dlentry>
            </dl></dd>
        </dlentry>
        <dlentry class="- topic/dlentry ">
          <dt class="- topic/dt ">NUMCIDC, [27:24]</dt>
          <dd class="- topic/dd "><p class="- topic/p ">Indicates the number of CID comparators available
            for tracing:</p><dl class="- topic/dl " compact="yes" outputclass="termwidthpc8">
              <dlentry class="- topic/dlentry ">
                <dt class="- topic/dt "><codeph class="+ topic/ph pr-d/codeph "><ph class="- topic/ph " otherprops="g.number.hex">1</ph></codeph></dt>
                <dd class="- topic/dd ">One Context ID comparator is available.</dd>
              </dlentry>
            </dl></dd>
        </dlentry>
        <dlentry class="- topic/dlentry ">
          <dt class="- topic/dt ">NUMSSCC, [23:20]</dt>
          <dd class="- topic/dd "><p class="- topic/p ">Indicates the number of single-shot comparator
            controls available for tracing:</p><dl class="- topic/dl " compact="yes" outputclass="termwidthpc8">
              <dlentry class="- topic/dlentry ">
                <dt class="- topic/dt "><codeph class="+ topic/ph pr-d/codeph "><ph class="- topic/ph " otherprops="g.number.hex">1</ph></codeph></dt>
                <dd class="- topic/dd ">One single-shot comparator control is available.</dd>
              </dlentry>
            </dl></dd>
        </dlentry>
        <dlentry class="- topic/dlentry ">
          <dt class="- topic/dt ">NUMRSPAIRS, [19:16]</dt>
          <dd class="- topic/dd "><p class="- topic/p ">Indicates the number of resource selection pairs
            available for tracing:</p><dl class="- topic/dl " compact="yes" outputclass="termwidthpc8">
              <dlentry class="- topic/dlentry ">
                <dt class="- topic/dt "><codeph class="+ topic/ph pr-d/codeph "><ph class="- topic/ph " otherprops="g.number.hex">7</ph></codeph></dt>
                <dd class="- topic/dd ">Eight resource selection pairs are available.</dd>
              </dlentry>
            </dl></dd>
        </dlentry>
        <dlentry class="- topic/dlentry ">
          <dt class="- topic/dt ">NUMPC, [15:12]</dt>
          <dd class="- topic/dd "><p class="- topic/p ">Indicates the number of core comparator inputs
            available for tracing:</p><dl class="- topic/dl " compact="yes" outputclass="termwidthpc8">
              <dlentry class="- topic/dlentry ">
                <dt class="- topic/dt "><codeph class="+ topic/ph pr-d/codeph "><ph class="- topic/ph " otherprops="g.number.hex">0</ph></codeph></dt>
                <dd class="- topic/dd ">Core comparator inputs are not implemented.</dd>
              </dlentry>
            </dl></dd>
        </dlentry>
        <dlentry class="- topic/dlentry ">
          <dt class="- topic/dt ">RES0, [11:9]</dt>
          <dd class="- topic/dd ">
            <dl class="- topic/dl " compact="yes" outputclass="termwidthpc8">
              <dlentry class="- topic/dlentry ">
                <dt class="- topic/dt "><term class="- topic/term " outputclass="archterm">res0</term></dt>
                <dd class="- topic/dd ">Reserved.</dd>
              </dlentry>
            </dl>
          </dd>
        </dlentry>
        <dlentry class="- topic/dlentry ">
          <dt class="- topic/dt ">SUPPDAC, [8]</dt>
          <dd class="- topic/dd "><p class="- topic/p ">Indicates whether the implementation supports data
            address comparisons: This value is:</p><dl class="- topic/dl " compact="yes" outputclass="termwidthpc8">
              <dlentry class="- topic/dlentry ">
                <dt class="- topic/dt "><codeph class="+ topic/ph pr-d/codeph ">0</codeph></dt>
                <dd class="- topic/dd ">Data address comparisons are not implemented.</dd>
              </dlentry>
            </dl></dd>
        </dlentry>
        <dlentry class="- topic/dlentry ">
          <dt class="- topic/dt ">NUMDVC, [7:4]</dt>
          <dd class="- topic/dd "><p class="- topic/p ">Indicates the number of data value comparators
            available for tracing:</p><dl class="- topic/dl " compact="yes" outputclass="termwidthpc8">
              <dlentry class="- topic/dlentry ">
                <dt class="- topic/dt "><codeph class="+ topic/ph pr-d/codeph "><ph class="- topic/ph " otherprops="g.number.hex">0</ph></codeph></dt>
                <dd class="- topic/dd ">Data value comparators not implemented.</dd>
              </dlentry>
            </dl></dd>
        </dlentry>
        <dlentry class="- topic/dlentry ">
          <dt class="- topic/dt ">NUMACPAIRS, [3:0]</dt>
          <dd class="- topic/dd "><p class="- topic/p ">Indicates the number of address comparator pairs
            available for tracing:</p><dl class="- topic/dl " compact="yes" outputclass="termwidthpc8">
              <dlentry class="- topic/dlentry ">
                <dt class="- topic/dt "><codeph class="+ topic/ph pr-d/codeph "><ph class="- topic/ph " otherprops="g.number.hex">4</ph></codeph></dt>
                <dd class="- topic/dd ">Four address comparator pairs are implemented.</dd>
              </dlentry>
            </dl></dd>
        </dlentry>
      </dl>
      <p class="- topic/p ">Bit fields and details not provided in this description are
        architecturally defined. See the <cite class="- topic/cite "><ph class="- topic/ph ">
                            <keyword class="- topic/keyword "><tm class="- topic/tm " tmtype="reg">Arm</tm></keyword> Architecture Reference Manual <keyword class="- topic/keyword ">Arm</keyword>v8, for <keyword class="- topic/keyword ">Arm</keyword>v8-A architecture profile</ph></cite>.</p>
      <p class="- topic/p ">The TRCIDR4 can be accessed through the external debug interface, offset
        <codeph class="+ topic/ph pr-d/codeph "><ph class="- topic/ph " otherprops="g.number.hex">1F0</ph></codeph>.</p>
      
    </section>
  </refbody>
</reference>