<?xml version="1.0" encoding="UTF-8"?>
<!DOCTYPE reference
  PUBLIC "-//OASIS//DTD DITA Reference//EN" "reference.dtd">
<reference xmlns:ditaarch="http://dita.oasis-open.org/architecture/2005/" class="- topic/topic       reference/reference " ditaarch:DITAArchVersion="1.2" id="lau1443434506032" xml:lang="en-us">
  
  
  <title class="- topic/title ">ACTLR_EL1, Auxiliary Control Register, EL1</title>
  <shortdesc class="- topic/shortdesc ">ACTLR_EL1 provides <term class="- topic/term " outputclass="archterm">IMPLEMENTATION DEFINED</term> configuration and control options for execution at EL1 and
    EL0.</shortdesc>
  <prolog class="- topic/prolog ">
    <permissions class="- topic/permissions " view="nonconfidential"/>
    
  </prolog>
  <refbody class="- topic/body        reference/refbody ">
    <section class="- topic/section ">
      <title class="- topic/title ">Bit field descriptions</title>
      <p class="- topic/p ">ACTLR_EL1 is a 64-bit register, and is part of:</p>
      <ul class="- topic/ul " id="ul_w5l_cnd_cv">
        <li class="- topic/li ">The Other system control registers functional group.</li>
        <li class="- topic/li ">The <term class="- topic/term " outputclass="archterm">IMPLEMENTATION
            DEFINED</term> functional group.</li>
      </ul>
      <fig class="- topic/fig " id="fig_klc_kpl_2w">
        <title class="- topic/title ">ACTLR_EL1 bit assignments</title>
        <image class="- topic/image " href="hlv1469617244939.svg" id="image_w4c_kpl_2w" placement="inline">
          <alt class="- topic/alt ">ACTLR_EL1 bit assignments</alt>
        </image>
      </fig>
      <dl class="- topic/dl ">
        <dlentry class="- topic/dlentry ">
          <dt class="- topic/dt ">RES0, [63:0]</dt>
          <dd class="- topic/dd ">
            <dl class="- topic/dl " compact="yes" outputclass="termwidthpc8">
              <dlentry class="- topic/dlentry ">
                <dt class="- topic/dt "><term class="- topic/term ">RES0</term></dt>
                <dd class="- topic/dd ">Reserved.</dd>
              </dlentry>
            </dl>
          </dd>
        </dlentry>
      </dl>
      <dl class="- topic/dl ">
        <dlentry class="- topic/dlentry ">
          <dt class="- topic/dt ">Configurations</dt>
          <dd class="- topic/dd ">
            
            
            <p class="- topic/p ">There are no configuration notes.</p>
            <p class="- topic/p ">Bit fields and details that are not provided in this description are
              architecturally defined. See the <cite class="- topic/cite "><ph class="- topic/ph ">
                            <keyword class="- topic/keyword "><tm class="- topic/tm " tmtype="reg">Arm</tm></keyword> Architecture Reference Manual <keyword class="- topic/keyword ">Arm</keyword>v8, for <keyword class="- topic/keyword ">Arm</keyword>v8-A architecture profile</ph></cite>.</p>
          </dd>
        </dlentry>
      </dl>
    </section>
  </refbody>
</reference>