<?xml version="1.0" encoding="UTF-8"?>
<!DOCTYPE reference
  PUBLIC "-//OASIS//DTD DITA Reference//EN" "reference.dtd">
<reference xmlns:ditaarch="http://dita.oasis-open.org/architecture/2005/" class="- topic/topic       reference/reference " ditaarch:DITAArchVersion="1.2" id="lau1443704093741" xml:lang="en-us">
  <title class="- topic/title ">TRCDEVARCH, Device Architecture Register</title>
  <shortdesc class="- topic/shortdesc ">The TRCDEVARCH identifies the ETM trace unit as an ETMv4
    component.</shortdesc>
  <prolog class="- topic/prolog ">
    <permissions class="- topic/permissions " view="nonconfidential"/>
  </prolog>
  <refbody class="- topic/body        reference/refbody ">
    <section class="- topic/section ">
      <title class="- topic/title ">Bit field descriptions</title>
      <p class="- topic/p ">The TRCDEVARCH is a 32-bit register.</p>
      <fig class="- topic/fig ">
        <title class="- topic/title ">TRCDEVARCH bit assignments</title>
        <image class="- topic/image " href="lau1443704126599.svg" placement="inline">
          <alt class="- topic/alt ">TRCDEVARCH bit assignments</alt>
        </image>
      </fig>
      <dl class="- topic/dl ">
        <dlentry class="- topic/dlentry ">
          <dt class="- topic/dt ">ARCHITECT, [31:21]</dt>
          <dd class="- topic/dd "><p class="- topic/p ">Defines the architect of the component:</p><dl class="- topic/dl " compact="yes" outputclass="termwidthpc8">
              <dlentry class="- topic/dlentry ">
                <dt class="- topic/dt "><codeph class="+ topic/ph pr-d/codeph "><ph class="- topic/ph " otherprops="g.number.hex">4</ph></codeph></dt>
                <dd class="- topic/dd ">Arm JEP continuation.</dd>
              </dlentry>
              <dlentry class="- topic/dlentry ">
                <dt class="- topic/dt "><codeph class="+ topic/ph pr-d/codeph "><ph class="- topic/ph " otherprops="g.number.hex">3B</ph></codeph></dt>
                <dd class="- topic/dd ">Arm JEP 106 code.</dd>
              </dlentry>
            </dl></dd>
        </dlentry>
        <dlentry class="- topic/dlentry ">
          <dt class="- topic/dt ">PRESENT, [20]</dt>
          <dd class="- topic/dd "><p class="- topic/p ">Indicates the presence of this register:</p><dl class="- topic/dl " compact="yes" outputclass="termwidthpc8">
              <dlentry class="- topic/dlentry ">
                <dt class="- topic/dt "><codeph class="+ topic/ph pr-d/codeph ">0b1</codeph></dt>
                <dd class="- topic/dd ">Register is present.</dd>
              </dlentry>
            </dl></dd>
        </dlentry>
        <dlentry class="- topic/dlentry ">
          <dt class="- topic/dt ">REVISION, [19:16]</dt>
          <dd class="- topic/dd "><p class="- topic/p ">Architecture revision:</p><dl class="- topic/dl " compact="yes" outputclass="termwidthpc8">
              <dlentry class="- topic/dlentry ">
                <dt class="- topic/dt "><codeph class="+ topic/ph pr-d/codeph " otherprops="g.number.hex">02</codeph></dt>
                <dd class="- topic/dd ">Architecture revision 2.</dd>
              </dlentry>
            </dl></dd>
        </dlentry>
        
        <dlentry class="- topic/dlentry ">
          <dt class="- topic/dt ">ARCHID, [15:0]</dt>
          <dd class="- topic/dd "><p class="- topic/p ">Architecture ID:</p><dl class="- topic/dl " compact="yes" outputclass="termwidthpc8">
              <dlentry class="- topic/dlentry ">
                <dt class="- topic/dt "><codeph class="+ topic/ph pr-d/codeph "><ph class="- topic/ph " otherprops="g.number.hex">4A13</ph></codeph></dt>
                <dd class="- topic/dd ">ETMv4 component.</dd>
              </dlentry>
            </dl></dd>
        </dlentry>
      </dl>
      <p class="- topic/p ">Bit fields and details not provided in this description are
        architecturally defined. See the <cite class="- topic/cite "><ph class="- topic/ph ">
                            <keyword class="- topic/keyword "><tm class="- topic/tm " tmtype="reg">Arm</tm></keyword> Architecture Reference Manual <keyword class="- topic/keyword ">Arm</keyword>v8, for <keyword class="- topic/keyword ">Arm</keyword>v8-A architecture profile</ph></cite>.</p>
      <p class="- topic/p ">The TRCDEVARCH can be accessed through the external debug interface, offset <codeph class="+ topic/ph pr-d/codeph "><ph class="- topic/ph " otherprops="g.number.hex">FBC</ph></codeph>.</p>
      
    </section>
  </refbody>
</reference>