<?xml version="1.0" encoding="UTF-8"?>
<!DOCTYPE reference
  PUBLIC "-//OASIS//DTD DITA Reference//EN" "reference.dtd">
<reference xmlns:ditaarch="http://dita.oasis-open.org/architecture/2005/" class="- topic/topic       reference/reference " ditaarch:DITAArchVersion="1.2" id="lau1443447573920" xml:lang="en-us">
  <title class="- topic/title " id="TitleMultiprocessorAffinityRegister_EL1">MPIDR_EL1, Multiprocessor Affinity Register, EL1</title>
  <shortdesc class="- topic/shortdesc ">The MPIDR_EL1 provides an additional core identification mechanism for
    scheduling purposes in a cluster.</shortdesc>
  <prolog class="- topic/prolog ">
    <permissions class="- topic/permissions " view="nonconfidential"/>
    
  </prolog>
  <refbody class="- topic/body        reference/refbody ">
    <section class="- topic/section ">
      <title class="- topic/title ">Bit field descriptions</title>
      <p class="- topic/p ">MPIDR_EL1 is a 64-bit register, and is part of the Other system control
        registers functional group.</p>
      <p class="- topic/p ">This register is Read Only.</p>
      
      <fig class="- topic/fig " id="ares_mpidr.el1.bit.assignmts">
        <title class="- topic/title ">MPIDR_EL1 bit assignments</title>
        <image class="- topic/image " href="rfy1477476531058.svg" id="image_kmt_gfj_sv.ares" placement="inline">
          <alt class="- topic/alt ">MPIDR_EL1 bit assignments</alt>
        </image>
      </fig>
      <dl class="- topic/dl ">
        <dlentry class="- topic/dlentry ">
          <dt class="- topic/dt ">RES0, [63:40]</dt>
          <dd class="- topic/dd ">
            <dl class="- topic/dl " compact="yes" outputclass="termwidthpc8">
              <dlentry class="- topic/dlentry ">
                <dt class="- topic/dt ">
                  <term class="- topic/term " outputclass="archterm">RES0</term>
                </dt>
                <dd class="- topic/dd ">Reserved.</dd>
              </dlentry>
            </dl>
          </dd>
        </dlentry>
        <dlentry class="- topic/dlentry ">
          <dt class="- topic/dt "> Aff3, [39:32]</dt>
          <dd class="- topic/dd ">
            <p class="- topic/p ">Affinity level 3. Highest level affinity field.</p>
            <dl class="- topic/dl " compact="no">
              <dlentry class="- topic/dlentry ">
                <dt class="- topic/dt ">CLUSTERID</dt>
                <dd class="- topic/dd ">Indicates the value read in the <keyword class="- topic/keyword " otherprops="g.signal.name">CLUSTERIDAFF3</keyword> configuration signal. </dd>
              </dlentry>
            </dl>
          </dd>
        </dlentry>
        <dlentry class="- topic/dlentry ">
          <dt class="- topic/dt ">RES1, [31]</dt>
          <dd class="- topic/dd ">
            <dl class="- topic/dl " compact="yes" outputclass="termwidthpc8">
              <dlentry class="- topic/dlentry ">
                <dt class="- topic/dt ">
                  <term class="- topic/term " outputclass="archterm">RES1</term>
                </dt>
                <dd class="- topic/dd ">Reserved.</dd>
              </dlentry>
            </dl>
          </dd>
        </dlentry>
        <dlentry class="- topic/dlentry ">
          <dt class="- topic/dt ">U, [30]</dt>
          <dd class="- topic/dd ">
            <p class="- topic/p ">Indicates a single core system, as distinct from core 0 in a cluster.
              This value is:</p>
            <dl class="- topic/dl " compact="yes" outputclass="termwidthpc8">
              <dlentry class="- topic/dlentry ">
                <dt class="- topic/dt ">
                  <codeph class="+ topic/ph pr-d/codeph " otherprops="g.number.any">0</codeph>
                </dt>
                <dd class="- topic/dd ">Core is part of a multiprocessor system. This is the value
                  for implementations with more than one core, and for implementations with an ACE
                  or CHI master interface.</dd>
              </dlentry>
            </dl>
          </dd>
        </dlentry>
        <dlentry class="- topic/dlentry ">
          <dt class="- topic/dt ">RES0, [29:25]</dt>
          <dd class="- topic/dd ">
            <dl class="- topic/dl " compact="yes" outputclass="termwidthpc8">
              <dlentry class="- topic/dlentry ">
                <dt class="- topic/dt "> <term class="- topic/term " outputclass="archterm">RES0</term> </dt>
                <dd class="- topic/dd ">Reserved.</dd>
              </dlentry>
            </dl>
          </dd>
        </dlentry>
        
        <dlentry class="- topic/dlentry ">
          <dt class="- topic/dt ">MT, [24]</dt>
          <dd class="- topic/dd ">
            <p class="- topic/p ">Indicates whether the lowest level of affinity consists of logical
              cores that are implemented using a multithreading type approach. This value is:</p>
            <dl class="- topic/dl " compact="yes" outputclass="termwidthpc8">
              <dlentry class="- topic/dlentry ">
                <dt class="- topic/dt ">
                  <codeph class="+ topic/ph pr-d/codeph " otherprops="g.number.any">1</codeph>
                </dt>
                <dd class="- topic/dd ">
                  <p class="- topic/p ">Performance of PEs at the lowest affinity level is very
                    interdependent.</p>
                  <p class="- topic/p ">Affinity0 represents threads. <ph class="- topic/ph "><keyword class="- topic/keyword "><tm class="- topic/tm " tmtype="reg">Cortex</tm></keyword><keyword class="- topic/keyword ">‑A76</keyword></ph> is not multithreaded, but may be in a system with other cores that are multithreaded.</p>
                  
                </dd>
              </dlentry>
            </dl>
          </dd>
        </dlentry>
        <dlentry class="- topic/dlentry ">
          <dt class="- topic/dt ">Aff2, [23:16]</dt>
          <dd class="- topic/dd ">
            <p class="- topic/p ">Affinity level 2. Second highest level affinity field.</p>
            <dl class="- topic/dl ">
              <dlentry class="- topic/dlentry ">
                <dt class="- topic/dt ">CLUSTERID</dt>
                <dd class="- topic/dd ">Indicates the value read in the <keyword class="- topic/keyword " otherprops="g.signal.name">CLUSTERIDAFF2</keyword> configuration signal. </dd>
              </dlentry>
            </dl>
          </dd>
        </dlentry>
        
        
        <dlentry class="- topic/dlentry ">
          <dt class="- topic/dt ">Aff1, [15:11]</dt>
          <dd class="- topic/dd ">Part of Affinity level 1. Third highest level affinity field. <dl class="- topic/dl " compact="yes">
            <dlentry class="- topic/dlentry ">
              <dt class="- topic/dt ">RAZ</dt>
              <dd class="- topic/dd ">Read-As-Zero.</dd>
            </dlentry>
            </dl> </dd>
        </dlentry>
        <dlentry class="- topic/dlentry ">
          <dt class="- topic/dt ">Aff1, [10:8]</dt>
          <dd class="- topic/dd ">
            <p class="- topic/p ">Part of Affinity level 1. Third highest level affinity field.</p>
            <dl class="- topic/dl " compact="yes">
              <dlentry class="- topic/dlentry ">
                <dt class="- topic/dt ">CPUID</dt>
                <dd class="- topic/dd ">Identification number for each CPU in the cluster:</dd>
              </dlentry>
            </dl>
            <dl class="- topic/dl " compact="yes" outputclass="termwidthpc8">
              <dlentry class="- topic/dlentry ">
                <dt class="- topic/dt "><codeph class="+ topic/ph pr-d/codeph " otherprops="g.number.hex">0</codeph></dt>
                <dd class="- topic/dd ">MP1: CPUID: 0.</dd>
                <dd class="- topic/dd ">to</dd>
              </dlentry>
              <dlentry class="- topic/dlentry ">
                <dt class="- topic/dt "><codeph class="+ topic/ph pr-d/codeph " otherprops="g.number.hex">7</codeph></dt>
                <dd class="- topic/dd ">MP8: CPUID: 7.</dd>
              </dlentry>
            </dl>
            
          </dd>
        </dlentry>
        
        <dlentry class="- topic/dlentry ">
          <dt class="- topic/dt ">Aff0, [7:0]</dt>
          <dd class="- topic/dd ">Affinity level 0. The level identifies individual threads within a multithreaded core. The <ph class="- topic/ph "><keyword class="- topic/keyword "><tm class="- topic/tm " tmtype="reg">Cortex</tm></keyword><keyword class="- topic/keyword ">‑A76</keyword></ph> core is single-threaded, so this field has the value <codeph class="+ topic/ph pr-d/codeph " otherprops="g.number.hex">00</codeph>. </dd>
        </dlentry>
        
      </dl>
      <dl class="- topic/dl ">
        <dlentry class="- topic/dlentry ">
          <dt class="- topic/dt ">Configurations</dt>
          <dd class="- topic/dd ">
            
            
            <p class="- topic/p ">MPIDR_EL1[31:0] is mapped to external register EDDEVAFF0.</p>
            <p class="- topic/p ">MPIDR_EL1[63:32] is mapped to external register EDDEVAFF1.</p>
            <p class="- topic/p ">Bit fields and details that are not provided in this description are
            architecturally defined. See the <cite class="- topic/cite "><ph class="- topic/ph ">
                            <keyword class="- topic/keyword "><tm class="- topic/tm " tmtype="reg">Arm</tm></keyword> Architecture Reference Manual <keyword class="- topic/keyword ">Arm</keyword>v8, for <keyword class="- topic/keyword ">Arm</keyword>v8-A architecture profile</ph></cite>.</p>
          </dd>
        </dlentry>
      </dl>
      
      
      
    </section>
    
  </refbody>
</reference>