<?xml version="1.0" encoding="UTF-8"?>
<!DOCTYPE reference
  PUBLIC "-//OASIS//DTD DITA Reference//EN" "reference.dtd">
<reference xmlns:ditaarch="http://dita.oasis-open.org/architecture/2005/" class="- topic/topic       reference/reference " ditaarch:DITAArchVersion="1.2" id="lau1442502503726" xml:lang="en-us">
  
  <title class="- topic/title ">FPCR, Floating-point Control Register</title>
  <shortdesc class="- topic/shortdesc ">The FPCR controls floating-point behavior.</shortdesc>
  <prolog class="- topic/prolog ">
    <permissions class="- topic/permissions " view="nonconfidential"/>
  </prolog>
  <refbody class="- topic/body        reference/refbody ">
    <section class="- topic/section ">
      <title class="- topic/title ">Bit field descriptions</title>
        <p class="- topic/p ">FPCR is a 32-bit register.</p>
      <fig class="- topic/fig ">
        <title class="- topic/title ">FPCR bit assignments</title>
        <image class="- topic/image " href="lau1456826367793.svg" placement="inline">
          <alt class="- topic/alt ">FPCR bit assignments</alt>
        </image>
      </fig>
      <dl class="- topic/dl ">
        <dlentry class="- topic/dlentry ">
          <dt class="- topic/dt ">RES0, [31:27]</dt>
          <dd class="- topic/dd ">
            <dl class="- topic/dl " compact="yes" outputclass="termwidthpc8">
              <dlentry class="- topic/dlentry ">
                <dt class="- topic/dt "><term class="- topic/term " outputclass="archterm">res0</term></dt>
                <dd class="- topic/dd ">Reserved.</dd>
              </dlentry>
            </dl>
          </dd>
        </dlentry>
        
        <dlentry class="- topic/dlentry ">
          <dt class="- topic/dt ">AHP, [26]</dt>
          <dd class="- topic/dd "><p class="- topic/p ">Alternative half-precision control bit. The possible values
            are:</p>
            <dl class="- topic/dl " compact="yes" outputclass="termwidthpc8">
              <dlentry class="- topic/dlentry ">
                <dt class="- topic/dt "><codeph class="+ topic/ph pr-d/codeph ">0</codeph></dt>
                <dd class="- topic/dd ">IEEE half-precision format selected. This is the reset
                  value.</dd>
              </dlentry>
            </dl>
            <dl class="- topic/dl " compact="yes" outputclass="termwidthpc8">
              <dlentry class="- topic/dlentry ">
                <dt class="- topic/dt "><codeph class="+ topic/ph pr-d/codeph ">1</codeph></dt>
                <dd class="- topic/dd ">Alternative half-precision format selected.</dd>
              </dlentry>
            </dl>
          </dd>
        </dlentry>
        
        <dlentry class="- topic/dlentry ">
          <dt class="- topic/dt ">DN, [25]</dt>
          <dd class="- topic/dd "><p class="- topic/p ">Default NaN mode control bit. The possible values are:</p><dl class="- topic/dl " compact="yes" outputclass="termwidthpc8">
            <dlentry class="- topic/dlentry ">
              <dt class="- topic/dt "><codeph class="+ topic/ph pr-d/codeph ">0</codeph></dt>
              <dd class="- topic/dd ">NaN operands propagate through to the output of a
                floating-point operation. This is the reset value.</dd>
            </dlentry>
            <dlentry class="- topic/dlentry ">
              <dt class="- topic/dt "><codeph class="+ topic/ph pr-d/codeph ">1</codeph></dt>
              <dd class="- topic/dd ">Any operation involving one or more NaNs returns the Default
                NaN.</dd>
            </dlentry>
          </dl></dd>
        </dlentry>
        <dlentry class="- topic/dlentry ">
          <dt class="- topic/dt ">FZ, [24]</dt>
          <dd class="- topic/dd "><p class="- topic/p ">Flush-to-zero mode control bit. The possible values are:</p><dl class="- topic/dl " compact="yes" outputclass="termwidthpc8">
            <dlentry class="- topic/dlentry ">
              <dt class="- topic/dt "><codeph class="+ topic/ph pr-d/codeph ">0</codeph></dt>
              <dd class="- topic/dd ">Flush-to-zero mode disabled. Behavior of the floating-point
                system is fully compliant with the IEEE 754 standard. This is the reset
                value.</dd>
            </dlentry>
            <dlentry class="- topic/dlentry ">
              <dt class="- topic/dt "><codeph class="+ topic/ph pr-d/codeph ">1</codeph></dt>
              <dd class="- topic/dd ">Flush-to-zero mode enabled.</dd>
            </dlentry>
          </dl></dd>
        </dlentry>
        <dlentry class="- topic/dlentry ">
          <dt class="- topic/dt ">RMode, [23:22]</dt>
          <dd class="- topic/dd "><p class="- topic/p ">Rounding Mode control field. The encoding of this field
            is:</p><dl class="- topic/dl " compact="yes">
              <dlentry class="- topic/dlentry ">
                <dt class="- topic/dt "><ph class="- topic/ph " otherprops="g.number.bin">00</ph></dt>
                <dd class="- topic/dd "><term class="- topic/term ">Round to Nearest</term> (RN) mode.
                  This is the reset value.</dd>
              </dlentry>
              <dlentry class="- topic/dlentry ">
                <dt class="- topic/dt "><ph class="- topic/ph " otherprops="g.number.bin">01</ph></dt>
                <dd class="- topic/dd "><term class="- topic/term ">Round towards Plus Infinity</term> (RP) mode.</dd>
              </dlentry>
              <dlentry class="- topic/dlentry ">
                <dt class="- topic/dt "><ph class="- topic/ph " otherprops="g.number.bin">10</ph></dt>
                <dd class="- topic/dd "><term class="- topic/term ">Round towards Minus Infinity</term> (RM) mode.</dd>
              </dlentry>
              <dlentry class="- topic/dlentry ">
                <dt class="- topic/dt "><ph class="- topic/ph " otherprops="g.number.bin">11</ph></dt>
                <dd class="- topic/dd "><term class="- topic/term ">Round towards Zero</term> (RZ) mode.</dd>
              </dlentry>
            </dl></dd>
        </dlentry>
        <dlentry class="- topic/dlentry ">
          <dt class="- topic/dt ">RES0, [21:20]</dt>
          <dd class="- topic/dd ">
            <dl class="- topic/dl " compact="yes" outputclass="termwidthpc8">
              <dlentry class="- topic/dlentry ">
                <dt class="- topic/dt "><term class="- topic/term " outputclass="archterm">res0</term></dt>
                <dd class="- topic/dd ">Reserved.</dd>
              </dlentry>
            </dl>
          </dd>
        </dlentry>
        <dlentry class="- topic/dlentry ">
          <dt class="- topic/dt ">FZ16, [19]</dt>
          <dd class="- topic/dd "><p class="- topic/p ">Flush-to-zero mode control bit on half-precision data-processing instructions.
              The possible values are:</p><dl class="- topic/dl " compact="yes" outputclass="termwidthpc8">
            <dlentry class="- topic/dlentry ">
              <dt class="- topic/dt "><codeph class="+ topic/ph pr-d/codeph ">0</codeph></dt>
              <dd class="- topic/dd ">Flush-to-zero mode disabled. Behavior of the floating-point
                  system is fully compliant with the IEEE 754 standard. This is the default value. </dd>
            </dlentry>
            <dlentry class="- topic/dlentry ">
              <dt class="- topic/dt "><codeph class="+ topic/ph pr-d/codeph ">1</codeph></dt>
              <dd class="- topic/dd ">Flush-to-zero mode enabled.</dd>
            </dlentry>
          </dl></dd>
        </dlentry>
        <dlentry class="- topic/dlentry ">
          <dt class="- topic/dt ">RES0, [18:0]</dt>
          <dd class="- topic/dd ">
            <dl class="- topic/dl " compact="yes" outputclass="termwidthpc8">
              <dlentry class="- topic/dlentry ">
                <dt class="- topic/dt "><term class="- topic/term " outputclass="archterm">res0</term></dt>
                <dd class="- topic/dd ">Reserved.</dd>
              </dlentry>
            </dl>
          </dd>
        </dlentry>
      </dl>
      <dl class="- topic/dl ">
        <dlentry class="- topic/dlentry ">
          <dt class="- topic/dt ">Configurations</dt>
          <dd class="- topic/dd ">The named fields in this register map to the equivalent fields in the AArch32 FPSCR. See <xref class="- topic/xref " href="lau1442504290459.xml" type="reference">FPSCR, Floating-Point Status and Control Register<desc class="- topic/desc ">The FPSCR provides floating-point system status information and     control.</desc></xref>.</dd>
          
        </dlentry>
      </dl>
    </section>
    <section class="- topic/section ">
      <title class="- topic/title ">Usage constraints</title>
      <dl class="- topic/dl ">
        <dlentry class="- topic/dlentry ">
          <dt class="- topic/dt ">Accessing the FPCR</dt>
          <dd class="- topic/dd ">  <p class="- topic/p ">To access the FPCR:</p>
            <codeblock class="+ topic/pre pr-d/codeblock " xml:space="preserve">MRS &lt;Xt&gt;, FPCR ; Read FPCR into Xt
MSR FPCR, &lt;Xt&gt; ; Write Xt to FPCR</codeblock></dd>
        </dlentry>
      </dl>
      <p class="- topic/p ">Register access is encoded as follows:</p>
      <table class="- topic/table " colsep="0" frame="topbot" rowsep="0">
        <title class="- topic/title ">FPCR access encoding</title>
        <tgroup class="- topic/tgroup " cols="5" colsep="0" rowsep="0">
          <colspec class="- topic/colspec " colname="col1" colnum="1" colsep="0"/>
          <colspec class="- topic/colspec " colname="col2" colnum="2" colsep="0"/>
          <colspec class="- topic/colspec " colname="col3" colnum="3" colsep="0"/>
          <colspec class="- topic/colspec " colname="col4" colnum="4" colsep="0"/>
          <colspec class="- topic/colspec " colname="col5" colnum="5" colsep="0"/>
          <thead class="- topic/thead ">
            <row class="- topic/row " rowsep="1">
              <entry class="- topic/entry " colname="col1">op0</entry>
              <entry class="- topic/entry " colname="col2">op1</entry>
              <entry class="- topic/entry " colname="col3">CRn</entry>
              <entry class="- topic/entry " colname="col4">CRm</entry>
              <entry class="- topic/entry " colname="col5">op2</entry>
            </row>
          </thead>
          <tbody class="- topic/tbody ">
            <row class="- topic/row " rowsep="0">
              <entry class="- topic/entry " colname="col1">11</entry>
              <entry class="- topic/entry " colname="col2">011</entry>
              <entry class="- topic/entry " colname="col3">0100</entry>
              <entry class="- topic/entry " colname="col4">0100</entry>
              <entry class="- topic/entry " colname="col5">000</entry>
            </row>
          </tbody>
        </tgroup>
      </table>
      <dl class="- topic/dl ">
        <dlentry class="- topic/dlentry ">
          <dt class="- topic/dt ">Accessibility</dt>
          <dd class="- topic/dd ">This register is accessible as follows:</dd>
        </dlentry>
      </dl>
      <table class="- topic/table " colsep="0" frame="topbot" rowsep="0">
        <tgroup class="- topic/tgroup " cols="6" colsep="0" rowsep="0">
          <colspec class="- topic/colspec " colname="col1" colnum="1" colsep="0"/>
          <colspec class="- topic/colspec " colname="col2" colnum="2" colsep="0"/>
          <colspec class="- topic/colspec " colname="col3" colnum="3" colsep="0"/>
          <colspec class="- topic/colspec " colname="col4" colnum="4" colsep="0"/>
          <colspec class="- topic/colspec " colname="col5" colnum="5" colsep="0"/>
          <colspec class="- topic/colspec " colname="col6" colnum="6" colsep="0"/>
          <thead class="- topic/thead ">
            <row class="- topic/row " rowsep="1">
              <entry class="- topic/entry " colname="col1"><p class="- topic/p ">EL0</p></entry>
              <entry class="- topic/entry " colname="col2"><p class="- topic/p ">EL1</p><p class="- topic/p ">(NS)</p></entry>
              <entry class="- topic/entry " colname="col3"><p class="- topic/p ">EL1</p><p class="- topic/p ">(S)</p></entry>
              <entry class="- topic/entry " colname="col4">EL2</entry>
              <entry class="- topic/entry " colname="col5"><p class="- topic/p ">EL3</p><p class="- topic/p ">(SCR.NS = 1)</p></entry>
              <entry class="- topic/entry " colname="col6"><p class="- topic/p ">EL3</p><p class="- topic/p ">(SCR.NS = 0)</p></entry>
            </row>
          </thead>
          <tbody class="- topic/tbody ">
            <row class="- topic/row " rowsep="0">
              <entry class="- topic/entry " colname="col1">RW</entry>
              <entry class="- topic/entry " colname="col2">RW</entry>
              <entry class="- topic/entry " colname="col3">RW</entry>
              <entry class="- topic/entry " colname="col4">RW</entry>
              <entry class="- topic/entry " colname="col5">RW</entry>
              <entry class="- topic/entry " colname="col6">RW</entry>
            </row>
          </tbody>
        </tgroup>
      </table>
    </section>
  </refbody>
</reference>