<?xml version="1.0" encoding="UTF-8"?>
<!DOCTYPE reference
  PUBLIC "-//OASIS//DTD DITA Reference//EN" "reference.dtd">
<reference xmlns:ditaarch="http://dita.oasis-open.org/architecture/2005/" class="- topic/topic       reference/reference " ditaarch:DITAArchVersion="1.2" id="lau1443702931501" xml:lang="en-us">
  <title class="- topic/title ">TRCACVRn, Address Comparator Value Registers 0-7</title>
  <shortdesc class="- topic/shortdesc ">The TRCACVRn indicate the address for the address
    comparators.</shortdesc>
  <prolog class="- topic/prolog ">
    <permissions class="- topic/permissions " view="nonconfidential"/>
  </prolog>
  <refbody class="- topic/body        reference/refbody ">
    <section class="- topic/section ">
      <title class="- topic/title ">Bit field descriptions</title>
      <p class="- topic/p ">The TRCACVRn is a 64-bit register.</p>
      <fig class="- topic/fig ">
        <title class="- topic/title ">TRCACVRn bit assignments</title>
        <image class="- topic/image " href="lau1443702963695.svg" placement="inline">
          <alt class="- topic/alt ">TRCACVRn bit assignments</alt>
        </image>
      </fig>
      <dl class="- topic/dl ">
        <dlentry class="- topic/dlentry ">
          <dt class="- topic/dt ">ADDRESS, [63:0]</dt>
          <dd class="- topic/dd ">The address value to compare against.</dd>
        </dlentry>
      </dl>
      <p class="- topic/p ">Bit fields and details not provided in this description are
        architecturally defined. See the <cite class="- topic/cite "><ph class="- topic/ph ">
                            <keyword class="- topic/keyword "><tm class="- topic/tm " tmtype="reg">Arm</tm></keyword> Architecture Reference Manual <keyword class="- topic/keyword ">Arm</keyword>v8, for <keyword class="- topic/keyword ">Arm</keyword>v8-A architecture profile</ph></cite>.</p>
      <p class="- topic/p ">The TRCACVRn can be accessed through the external debug interface, offset <codeph class="+ topic/ph pr-d/codeph "><ph class="- topic/ph " otherprops="g.number.hex">400</ph></codeph>-<codeph class="+ topic/ph pr-d/codeph "><ph class="- topic/ph " otherprops="g.number.hex">43C</ph></codeph>.</p>
      
    </section>
  </refbody>
</reference>