<?xml version="1.0" encoding="UTF-8"?>
<!DOCTYPE reference
  PUBLIC "-//OASIS//DTD DITA Reference//EN" "reference.dtd">
<reference xmlns:ditaarch="http://dita.oasis-open.org/architecture/2005/" class="- topic/topic       reference/reference " ditaarch:DITAArchVersion="1.2" id="lau1443703410360" xml:lang="en-us">
  <title class="- topic/title ">TRCITIATBINR, Integration Instruction ATB In Register</title>
  <shortdesc class="- topic/shortdesc ">The TRCITIATBINR reads the state of the input pins described in this
    section.</shortdesc>
  <prolog class="- topic/prolog ">
    <permissions class="- topic/permissions " view="nonconfidential"/>
  </prolog>
  <refbody class="- topic/body        reference/refbody ">
    <section class="- topic/section ">
      <title class="- topic/title ">Bit field descriptions</title>
      <p class="- topic/p ">The TRCITIATBINR is a 32-bit register.</p>
      <fig class="- topic/fig ">
        <title class="- topic/title ">TRCITIATBINR bit assignments</title>
        <image class="- topic/image " href="lau1443703444018.svg" placement="inline">
          <alt class="- topic/alt ">TRCITIATBINR bit assignments</alt>
        </image>
      </fig>
      <p class="- topic/p ">For all non-reserved bits:</p>
      <ul class="- topic/ul ">
        <li class="- topic/li ">When an input pin is LOW, the corresponding register bit is 0.</li>
        <li class="- topic/li ">When an input pin is HIGH, the corresponding register bit is 1.</li>
        <li class="- topic/li ">The TRCITIATBINR bit values always correspond to the physical state of
          the input pins.</li>
      </ul>
      <dl class="- topic/dl ">
        <dlentry class="- topic/dlentry ">
          <dt class="- topic/dt ">[31:2]</dt>
          <dd class="- topic/dd ">Reserved. Read undefined.</dd>
        </dlentry>
        <dlentry class="- topic/dlentry ">
          <dt class="- topic/dt ">AFVALIDM, [1]</dt>
          <dd class="- topic/dd ">Returns the value of the <keyword class="- topic/keyword " otherprops="g.signal.name">AFVALIDMn</keyword> input pin.</dd>
        </dlentry>
        <dlentry class="- topic/dlentry ">
          <dt class="- topic/dt ">ATREADYM, [0]</dt>
          <dd class="- topic/dd ">Returns the value of the <keyword class="- topic/keyword " otherprops="g.signal.name">ATREADYMn</keyword> input pin.</dd>
        </dlentry>
      </dl>
      <p class="- topic/p ">Bit fields and details not provided in this description are
        architecturally defined. See the <cite class="- topic/cite "><ph class="- topic/ph ">
                            <keyword class="- topic/keyword "><tm class="- topic/tm " tmtype="reg">Arm</tm></keyword> Architecture Reference Manual <keyword class="- topic/keyword ">Arm</keyword>v8, for <keyword class="- topic/keyword ">Arm</keyword>v8-A architecture profile</ph></cite>.</p>
      <p class="- topic/p ">The TRCITIATBINR can be accessed through the external debug interface, offset <codeph class="+ topic/ph pr-d/codeph "><ph class="- topic/ph " otherprops="g.number.hex">EF4</ph></codeph>.</p>
      
    </section>
  </refbody>
</reference>