<?xml version="1.0" encoding="UTF-8"?>
<!DOCTYPE reference
  PUBLIC "-//OASIS//DTD DITA Reference//EN" "reference.dtd">
<reference xmlns:ditaarch="http://dita.oasis-open.org/architecture/2005/" class="- topic/topic       reference/reference " ditaarch:DITAArchVersion="1.2" id="lau1443702788964" xml:lang="en-us">
  <title class="- topic/title ">TRCPDCR, Power Down Control Register</title>
  <shortdesc class="- topic/shortdesc ">The TRCPDCR request to the system power controller to keep the ETM trace
    unit powered up.</shortdesc>
  <prolog class="- topic/prolog ">
    <permissions class="- topic/permissions " view="nonconfidential"/>
  </prolog>
  <refbody class="- topic/body        reference/refbody ">
    <section class="- topic/section ">
      <title class="- topic/title ">Bit field descriptions</title>
      <p class="- topic/p ">The TRCPDCR is a 32-bit register.</p>
      <fig class="- topic/fig ">
        <title class="- topic/title ">TRCPDCR bit assignments</title>
        <image class="- topic/image " href="lau1443702822121.svg" placement="inline">
          <alt class="- topic/alt ">TRCPDCR bit assignments</alt>
        </image>
      </fig>
      <dl class="- topic/dl ">
        <dlentry class="- topic/dlentry ">
          <dt class="- topic/dt ">RES0, [31:4]</dt>
          <dd class="- topic/dd ">
            <dl class="- topic/dl " compact="yes" outputclass="termwidthpc8">
              <dlentry class="- topic/dlentry ">
                <dt class="- topic/dt "><term class="- topic/term " outputclass="archterm">res0</term></dt>
                <dd class="- topic/dd ">Reserved.</dd>
              </dlentry>
            </dl>
          </dd>
        </dlentry>
        <dlentry class="- topic/dlentry ">
          <dt class="- topic/dt ">PU, [3]</dt>
          <dd class="- topic/dd "><p class="- topic/p ">Powerup request, to request that power to the ETM
            trace unit and access to the trace registers is maintained:</p><dl class="- topic/dl " compact="yes" outputclass="termwidthpc8">
              <dlentry class="- topic/dlentry ">
                <dt class="- topic/dt "><codeph class="+ topic/ph pr-d/codeph ">0</codeph></dt>
                <dd class="- topic/dd ">Power not requested.</dd>
              </dlentry>
              <dlentry class="- topic/dlentry ">
                <dt class="- topic/dt "><codeph class="+ topic/ph pr-d/codeph ">1</codeph></dt>
                <dd class="- topic/dd ">Power requested.</dd>
              </dlentry>
            </dl><p class="- topic/p ">This bit is reset to 0 on a trace unit reset.</p></dd>
        </dlentry>
        <dlentry class="- topic/dlentry ">
          <dt class="- topic/dt ">RES0, [2:0]</dt>
          <dd class="- topic/dd ">
            <dl class="- topic/dl " compact="yes" outputclass="termwidthpc8">
              <dlentry class="- topic/dlentry ">
                <dt class="- topic/dt "><term class="- topic/term " outputclass="archterm">res0</term></dt>
                <dd class="- topic/dd ">Reserved.</dd>
              </dlentry>
            </dl>
          </dd>
        </dlentry>
      </dl>
      <p class="- topic/p ">Bit fields and details not provided in this description are
        architecturally defined. See the <cite class="- topic/cite "><ph class="- topic/ph ">
                            <keyword class="- topic/keyword "><tm class="- topic/tm " tmtype="reg">Arm</tm></keyword> Architecture Reference Manual <keyword class="- topic/keyword ">Arm</keyword>v8, for <keyword class="- topic/keyword ">Arm</keyword>v8-A architecture profile</ph></cite>.</p>
      <p class="- topic/p ">The TRCPDCR can be accessed through the external debug interface, offset <codeph class="+ topic/ph pr-d/codeph "><ph class="- topic/ph " otherprops="g.number.hex">310</ph></codeph>.</p>
      
    </section>
  </refbody>
</reference>