<?xml version="1.0" encoding="UTF-8"?>
<!DOCTYPE reference
  PUBLIC "-//OASIS//DTD DITA Reference//EN" "reference.dtd">
<reference xmlns:ditaarch="http://dita.oasis-open.org/architecture/2005/" class="- topic/topic       reference/reference " ditaarch:DITAArchVersion="1.2" id="lau1443696720047" xml:lang="en-us">
  <title class="- topic/title ">TRCCNTCTLR1, Counter Control Register 1</title>
  <shortdesc class="- topic/shortdesc ">The TRCCNTCTLR1 controls the counter.</shortdesc>
  <prolog class="- topic/prolog ">
    <permissions class="- topic/permissions " view="nonconfidential"/>
  </prolog>
  <refbody class="- topic/body        reference/refbody ">
    <section class="- topic/section ">
      <title class="- topic/title ">Bit field descriptions</title>
      <p class="- topic/p ">The TRCCNTCTLR1 is a 32-bit register.</p>
      <fig class="- topic/fig ">
        <title class="- topic/title ">TRCCNTCTLR1 bit assignments</title>
        <image class="- topic/image " href="lau1443696751174.svg" placement="inline">
          <alt class="- topic/alt ">TRCCNTCTLR1 bit assignments</alt>
        </image>
      </fig>
      <dl class="- topic/dl ">
        <dlentry class="- topic/dlentry ">
          <dt class="- topic/dt ">RES0, [31:18]</dt>
          <dd class="- topic/dd ">
            <dl class="- topic/dl " compact="yes" outputclass="termwidthpc8">
              <dlentry class="- topic/dlentry ">
                <dt class="- topic/dt "><term class="- topic/term " outputclass="archterm">res0</term></dt>
                <dd class="- topic/dd ">Reserved.</dd>
              </dlentry>
            </dl>
          </dd>
        </dlentry>
        <dlentry class="- topic/dlentry ">
          <dt class="- topic/dt ">CNTCHAIN, [17]</dt>
          <dd class="- topic/dd "><p class="- topic/p ">Defines whether the counter decrements when the
              counter reloads. This enables two counters to be used in combination to provide a
              larger counter:</p><dl class="- topic/dl " compact="yes" outputclass="termwidthpc8">
              <dlentry class="- topic/dlentry ">
                <dt class="- topic/dt "><codeph class="+ topic/ph pr-d/codeph ">0</codeph></dt>
                <dd class="- topic/dd ">The counter operates independently from the counter. The counter
                  only decrements based on CNTTYPE and CNTSEL.</dd>
              </dlentry>
              <dlentry class="- topic/dlentry ">
                <dt class="- topic/dt "><codeph class="+ topic/ph pr-d/codeph ">1</codeph></dt>
                <dd class="- topic/dd ">The counter decrements when the counter reloads. The counter
                  also decrements when the resource selected by CNTTYPE and CNTSEL is active.</dd>
              </dlentry>
            </dl></dd>
        </dlentry>
        <dlentry class="- topic/dlentry ">
          <dt class="- topic/dt ">RLDSELF, [16]</dt>
          <dd class="- topic/dd "><p class="- topic/p ">Defines whether the counter reloads when it reaches
            zero:</p><dl class="- topic/dl " compact="yes" outputclass="termwidthpc8">
              <dlentry class="- topic/dlentry ">
                <dt class="- topic/dt "><codeph class="+ topic/ph pr-d/codeph ">0</codeph></dt>
                <dd class="- topic/dd ">The counter does not reload when it reaches zero. The counter
                  only reloads based on RLDTYPE and RLDSEL.</dd>
              </dlentry>
              <dlentry class="- topic/dlentry ">
                <dt class="- topic/dt "><codeph class="+ topic/ph pr-d/codeph ">1</codeph></dt>
                <dd class="- topic/dd ">The counter reloads when it is zero and the resource selected by
                  CNTTYPE and CNTSEL is also active. The counter also reloads based on RLDTYPE and
                  RLDSEL.</dd>
              </dlentry>
            </dl></dd>
        </dlentry>
        <dlentry class="- topic/dlentry ">
          <dt class="- topic/dt ">RLDTYPE, [15]</dt>
          <dd class="- topic/dd "><p class="- topic/p ">Selects the resource type for the reload:</p><dl class="- topic/dl " compact="yes" outputclass="termwidthpc8">
              <dlentry class="- topic/dlentry ">
                <dt class="- topic/dt "><codeph class="+ topic/ph pr-d/codeph ">0</codeph></dt>
                <dd class="- topic/dd ">Single selected resource.</dd>
              </dlentry>
              <dlentry class="- topic/dlentry ">
                <dt class="- topic/dt "><codeph class="+ topic/ph pr-d/codeph ">1</codeph></dt>
                <dd class="- topic/dd ">Boolean combined resource pair.</dd>
              </dlentry>
            </dl></dd>
        </dlentry>
        <dlentry class="- topic/dlentry ">
          <dt class="- topic/dt ">RES0, [14:12]</dt>
          <dd class="- topic/dd ">
            <dl class="- topic/dl " compact="yes" outputclass="termwidthpc8">
              <dlentry class="- topic/dlentry ">
                <dt class="- topic/dt "><term class="- topic/term " outputclass="archterm">res0</term></dt>
                <dd class="- topic/dd ">Reserved.</dd>
              </dlentry>
            </dl>
          </dd>
        </dlentry>
        <dlentry class="- topic/dlentry ">
          <dt class="- topic/dt ">RLDSEL, [11:8]</dt>
          <dd class="- topic/dd "><p class="- topic/p ">Selects the resource number, based on the value of
              RLDTYPE:</p><p class="- topic/p ">When RLDTYPE is 0, selects a single selected resource
              from 0-15 defined by bits[3:0].</p><p class="- topic/p ">When RLDTYPE is 1, selects a
              Boolean combined resource pair from 0-7 defined by bits[2:0].</p></dd>
        </dlentry>
        <dlentry class="- topic/dlentry ">
          <dt class="- topic/dt ">CNTTYPE, [7]</dt>
          <dd class="- topic/dd "><p class="- topic/p ">Selects the resource type for the counter:</p><dl class="- topic/dl " compact="yes" outputclass="termwidthpc8">
              <dlentry class="- topic/dlentry ">
                <dt class="- topic/dt "><codeph class="+ topic/ph pr-d/codeph ">0</codeph></dt>
                <dd class="- topic/dd ">Single selected resource.</dd>
              </dlentry>
              <dlentry class="- topic/dlentry ">
                <dt class="- topic/dt "><codeph class="+ topic/ph pr-d/codeph ">1</codeph></dt>
                <dd class="- topic/dd ">Boolean combined resource pair.</dd>
              </dlentry>
            </dl></dd>
        </dlentry>
        <dlentry class="- topic/dlentry ">
          <dt class="- topic/dt ">RES0, [6:4]</dt>
          <dd class="- topic/dd ">
            <dl class="- topic/dl " compact="yes" outputclass="termwidthpc8">
              <dlentry class="- topic/dlentry ">
                <dt class="- topic/dt "><term class="- topic/term " outputclass="archterm">res0</term></dt>
                <dd class="- topic/dd ">Reserved.</dd>
              </dlentry>
            </dl>
          </dd>
        </dlentry>
        <dlentry class="- topic/dlentry ">
          <dt class="- topic/dt ">CNTSEL, [3:0]</dt>
          <dd class="- topic/dd "><p class="- topic/p ">Selects the resource number, based on the value of
              CNTTYPE:</p><p class="- topic/p ">When CNTTYPE is 0, selects a single selected resource
              from 0-15 defined by bits[3:0].</p><p class="- topic/p ">When CNTTYPE is 1, selects a
              Boolean combined resource pair from 0-7 defined by bits[2:0].</p></dd>
        </dlentry>
      </dl>
      <p class="- topic/p ">Bit fields and details not provided in this description are
        architecturally defined. See the <cite class="- topic/cite "><ph class="- topic/ph ">
                            <keyword class="- topic/keyword "><tm class="- topic/tm " tmtype="reg">Arm</tm></keyword> Architecture Reference Manual <keyword class="- topic/keyword ">Arm</keyword>v8, for <keyword class="- topic/keyword ">Arm</keyword>v8-A architecture profile</ph></cite>.</p>
      <p class="- topic/p ">The TRCCNTCTLR1 can be accessed through the external debug interface, offset <codeph class="+ topic/ph pr-d/codeph "><ph class="- topic/ph " otherprops="g.number.hex">154</ph></codeph>.</p>
     
    </section>
  </refbody>
</reference>