<?xml version="1.0" encoding="UTF-8"?>
<!DOCTYPE reference
  PUBLIC "-//OASIS//DTD DITA Reference//EN" "reference.dtd">
<reference xmlns:ditaarch="http://dita.oasis-open.org/architecture/2005/" class="- topic/topic       reference/reference " ditaarch:DITAArchVersion="1.2" id="lau1443704023626" xml:lang="en-us">
  <title class="- topic/title ">TRCAUTHSTATUS, Authentication Status Register</title>
  <shortdesc class="- topic/shortdesc ">The TRCAUTHSTATUS indicates the current level of tracing permitted by
    the system.</shortdesc>
  <prolog class="- topic/prolog ">
    <permissions class="- topic/permissions " view="nonconfidential"/>
  </prolog>
  <refbody class="- topic/body        reference/refbody ">
    <section class="- topic/section ">
      <title class="- topic/title ">Bit field descriptions</title>
      <p class="- topic/p ">The TRCAUTHSTATUS is a 64-bit register.</p>
      <fig class="- topic/fig ">
        <title class="- topic/title ">TRCAUTHSTATUS bit assignments</title>
        <image class="- topic/image " href="lau1443704070564.svg" placement="inline">
          <alt class="- topic/alt ">TRCAUTHSTATUS bit assignments</alt>
        </image>
      </fig>
      <dl class="- topic/dl ">
        <dlentry class="- topic/dlentry ">
          <dt class="- topic/dt ">RES0, [31:8]</dt>
          <dd class="- topic/dd ">
            <dl class="- topic/dl " compact="yes" outputclass="termwidthpc8">
              <dlentry class="- topic/dlentry ">
                <dt class="- topic/dt "><term class="- topic/term " outputclass="archterm">res0</term></dt>
                <dd class="- topic/dd ">Reserved.</dd>
              </dlentry>
            </dl>
          </dd>
        </dlentry>
        <dlentry class="- topic/dlentry ">
          <dt class="- topic/dt ">SNID, [7:6]</dt>
          <dd class="- topic/dd "><p class="- topic/p ">Secure Non-invasive Debug:</p><dl class="- topic/dl " compact="yes" outputclass="termwidthpc8">
              <dlentry class="- topic/dlentry ">
                <dt class="- topic/dt "><codeph class="+ topic/ph pr-d/codeph ">0b10</codeph></dt>
                <dd class="- topic/dd ">Secure Non-invasive Debug implemented but disabled.</dd>
              </dlentry>
              <dlentry class="- topic/dlentry ">
                <dt class="- topic/dt "><codeph class="+ topic/ph pr-d/codeph ">0b11</codeph></dt>
                <dd class="- topic/dd ">Secure Non-invasive Debug implemented and enabled.</dd>
              </dlentry>
            </dl></dd>
        </dlentry>
        <dlentry class="- topic/dlentry ">
          <dt class="- topic/dt ">SID, [5:4]</dt>
          <dd class="- topic/dd "><p class="- topic/p ">Secure Invasive Debug:</p><dl class="- topic/dl " compact="yes" outputclass="termwidthpc8">
              <dlentry class="- topic/dlentry ">
                <dt class="- topic/dt "><codeph class="+ topic/ph pr-d/codeph ">0b00</codeph></dt>
                <dd class="- topic/dd ">Secure Invasive Debug is not implemented.</dd>
              </dlentry>
            </dl></dd>
        </dlentry>
        <dlentry class="- topic/dlentry ">
          <dt class="- topic/dt ">NSNID, [3:2]</dt>
          <dd class="- topic/dd "><p class="- topic/p ">Non-secure Non-invasive Debug:</p><dl class="- topic/dl " compact="yes" outputclass="termwidthpc8">
              <dlentry class="- topic/dlentry ">
                <dt class="- topic/dt "><codeph class="+ topic/ph pr-d/codeph ">0b10</codeph></dt>
                <dd class="- topic/dd ">Non-secure Non-invasive Debug implemented but disabled, <keyword class="- topic/keyword " otherprops="g.signal.name">NIDEN</keyword>=0.</dd>
              </dlentry>
              <dlentry class="- topic/dlentry ">
                <dt class="- topic/dt "><codeph class="+ topic/ph pr-d/codeph ">0b11</codeph></dt>
                <dd class="- topic/dd ">Non-secure Non-invasive Debug implemented and enabled, <keyword class="- topic/keyword " otherprops="g.signal.name">NIDEN</keyword>=1.</dd>
              </dlentry>
            </dl></dd>
        </dlentry>
        
        <dlentry class="- topic/dlentry ">
          <dt class="- topic/dt ">NSID, [1:0]</dt>
          <dd class="- topic/dd "><p class="- topic/p ">Non-secure Invasive Debug:</p><dl class="- topic/dl " compact="yes" outputclass="termwidthpc8">
              <dlentry class="- topic/dlentry ">
                <dt class="- topic/dt "><codeph class="+ topic/ph pr-d/codeph ">0b00</codeph></dt>
                <dd class="- topic/dd ">Non-secure Invasive Debug is not implemented.</dd>
              </dlentry>
            </dl></dd>
        </dlentry>
      </dl>
      <p class="- topic/p ">Bit fields and details not provided in this description are
        architecturally defined. See the <cite class="- topic/cite "><ph class="- topic/ph ">
                            <keyword class="- topic/keyword "><tm class="- topic/tm " tmtype="reg">Arm</tm></keyword> Architecture Reference Manual <keyword class="- topic/keyword ">Arm</keyword>v8, for <keyword class="- topic/keyword ">Arm</keyword>v8-A architecture profile</ph></cite>.</p>
      <p class="- topic/p ">The TRCAUTHSTATUS can be accessed through the external debug interface, offset <codeph class="+ topic/ph pr-d/codeph "><ph class="- topic/ph " otherprops="g.number.hex">FB8</ph></codeph>.</p>
      
    </section>
  </refbody>
</reference>