<?xml version="1.0" encoding="UTF-8"?>
<!DOCTYPE reference
  PUBLIC "-//OASIS//DTD DITA Reference//EN" "reference.dtd">
<reference xmlns:ditaarch="http://dita.oasis-open.org/architecture/2005/" class="- topic/topic       reference/reference " ditaarch:DITAArchVersion="1.2" id="lau1443703005538" xml:lang="en-us">
  <title class="- topic/title ">TRCACATRn, Address Comparator Access Type Registers 0-7</title>
  <shortdesc class="- topic/shortdesc ">The TRCACATRn control the access for the corresponding address
    comparators.</shortdesc>
  <prolog class="- topic/prolog ">
    <permissions class="- topic/permissions " view="nonconfidential"/>
  </prolog>
  <refbody class="- topic/body        reference/refbody ">
    <section class="- topic/section ">
      <title class="- topic/title ">Bit field descriptions</title>
      <p class="- topic/p ">The TRCACATRn is a 64-bit register.</p>
      <fig class="- topic/fig ">
        <title class="- topic/title ">TRCACATRn bit assignments</title>
        <image class="- topic/image " href="lau1443703046197.svg" placement="inline">
          <alt class="- topic/alt ">TRCACATRn bit assignments</alt>
        </image>
      </fig>
      <dl class="- topic/dl ">
        <dlentry class="- topic/dlentry ">
          <dt class="- topic/dt ">RES0, [63:16]</dt>
          <dd class="- topic/dd ">
            <dl class="- topic/dl " compact="yes" outputclass="termwidthpc8">
              <dlentry class="- topic/dlentry ">
                <dt class="- topic/dt "><term class="- topic/term " outputclass="archterm">res0</term></dt>
                <dd class="- topic/dd ">Reserved.</dd>
              </dlentry>
            </dl>
          </dd>
        </dlentry>
        <dlentry class="- topic/dlentry ">
          <dt class="- topic/dt ">EXLEVEL_NS, [15:12]</dt>
          <dd class="- topic/dd "><p class="- topic/p ">Each bit controls whether a comparison can occur in Non-secure state for the
              corresponding Exception level. The possible values are:</p><dl class="- topic/dl " compact="yes" outputclass="termwidthpc8">
              <dlentry class="- topic/dlentry ">
                <dt class="- topic/dt "><codeph class="+ topic/ph pr-d/codeph ">0</codeph></dt>
                <dd class="- topic/dd ">The trace unit can perform a comparison, in Non-secure state,
                  for Exception level <varname class="+ topic/keyword sw-d/varname ">n</varname>.</dd>
              </dlentry>
              <dlentry class="- topic/dlentry ">
                <dt class="- topic/dt "><codeph class="+ topic/ph pr-d/codeph ">1</codeph></dt>
                <dd class="- topic/dd ">The trace unit does not perform a comparison, in Non-secure
                  state, for Exception level <varname class="+ topic/keyword sw-d/varname ">n</varname>.</dd>
              </dlentry>
              </dl><p class="- topic/p ">The Exception levels are:</p><dl class="- topic/dl " compact="yes" outputclass="termwidthpc8">
              <dlentry class="- topic/dlentry ">
                <dt class="- topic/dt ">Bit[12]</dt>
                <dd class="- topic/dd ">Exception level 0.</dd>
              </dlentry>
              <dlentry class="- topic/dlentry ">
                <dt class="- topic/dt ">Bit[13]</dt>
                <dd class="- topic/dd ">Exception level 1.</dd>
              </dlentry>
              <dlentry class="- topic/dlentry ">
                <dt class="- topic/dt ">Bit[14]</dt>
                <dd class="- topic/dd ">Exception level 2.</dd>
              </dlentry>
              <dlentry class="- topic/dlentry ">
                <dt class="- topic/dt ">Bit[15]</dt>
                <dd class="- topic/dd ">Always <term class="- topic/term " outputclass="archterm">res0</term>.</dd>
              </dlentry>
            </dl></dd>
        </dlentry>
        <dlentry class="- topic/dlentry ">
          <dt class="- topic/dt ">EXLEVEL_S, [11:8]</dt>
          <dd class="- topic/dd "><p class="- topic/p ">Each bit controls whether a comparison can occur in Secure state for the
              corresponding Exception level. The possible values are:</p><dl class="- topic/dl " compact="yes" outputclass="termwidthpc8">
              <dlentry class="- topic/dlentry ">
                <dt class="- topic/dt "><codeph class="+ topic/ph pr-d/codeph ">0</codeph></dt>
                <dd class="- topic/dd ">The trace unit can perform a comparison, in Secure state, for
                  Exception level <varname class="+ topic/keyword sw-d/varname ">n</varname>.</dd>
              </dlentry>
              <dlentry class="- topic/dlentry ">
                <dt class="- topic/dt "><codeph class="+ topic/ph pr-d/codeph ">1</codeph></dt>
                <dd class="- topic/dd ">The trace unit does not perform a comparison, in Secure state,
                  for Exception level <varname class="+ topic/keyword sw-d/varname ">n</varname>.</dd>
              </dlentry>
              </dl><p class="- topic/p ">The Exception levels are:</p><dl class="- topic/dl " compact="yes" outputclass="termwidthpc8">
              <dlentry class="- topic/dlentry ">
                <dt class="- topic/dt ">Bit[8]</dt>
                <dd class="- topic/dd ">Exception level 0.</dd>
              </dlentry>
              <dlentry class="- topic/dlentry ">
                <dt class="- topic/dt ">Bit[9]</dt>
                <dd class="- topic/dd ">Exception level 1.</dd>
              </dlentry>
              <dlentry class="- topic/dlentry ">
                <dt class="- topic/dt ">Bit[10]</dt>
                <dd class="- topic/dd ">Always <term class="- topic/term " outputclass="archterm">res0</term>.</dd>
              </dlentry>
              <dlentry class="- topic/dlentry ">
                <dt class="- topic/dt ">Bit[11]</dt>
                <dd class="- topic/dd ">Exception level 3.</dd>
              </dlentry>
            </dl></dd>
        </dlentry>
        <dlentry class="- topic/dlentry ">
          <dt class="- topic/dt ">RES0, [7:4]</dt>
          <dd class="- topic/dd ">
            <dl class="- topic/dl " compact="yes" outputclass="termwidthpc8">
              <dlentry class="- topic/dlentry ">
                <dt class="- topic/dt "><term class="- topic/term " outputclass="archterm">res0</term></dt>
                <dd class="- topic/dd ">Reserved.</dd>
              </dlentry>
            </dl>
          </dd>
        </dlentry>
        <dlentry class="- topic/dlentry ">
          <dt class="- topic/dt ">CONTEXT TYPE, [3:2]</dt>
          <dd class="- topic/dd "><p class="- topic/p ">Controls whether the trace unit performs a Context
            ID comparison, a VMID comparison, or both comparisons:</p><dl class="- topic/dl " compact="yes" outputclass="termwidthpc8">
              <dlentry class="- topic/dlentry ">
                <dt class="- topic/dt "><codeph class="+ topic/ph pr-d/codeph ">0b00</codeph></dt>
                <dd class="- topic/dd ">The trace unit does not perform a Context ID comparison.</dd>
              </dlentry>
              <dlentry class="- topic/dlentry ">
                <dt class="- topic/dt "><codeph class="+ topic/ph pr-d/codeph ">0b01</codeph></dt>
                <dd class="- topic/dd ">The trace unit performs a Context ID comparison using the
                  Context ID comparator that the CONTEXT field specifies, and signals a match if
                  both the Context ID comparator matches and the address comparator match.</dd>
              </dlentry>
              <dlentry class="- topic/dlentry ">
                <dt class="- topic/dt "><codeph class="+ topic/ph pr-d/codeph ">0b10</codeph></dt>
                <dd class="- topic/dd ">The trace unit performs a VMID comparison using the VMID
                  comparator that the CONTEXT field specifies, and signals a match if both the VMID
                  comparator and the address comparator match.</dd>
              </dlentry>
              <dlentry class="- topic/dlentry ">
                <dt class="- topic/dt "><codeph class="+ topic/ph pr-d/codeph ">0b11</codeph></dt>
                <dd class="- topic/dd ">The trace unit performs a Context ID comparison and a VMID
                  comparison using the comparators that the CONTEXT field specifies, and signals a
                  match if the Context ID comparator matches, the VMID comparator matches, and the
                  address comparator matches.</dd>
              </dlentry>
            </dl></dd>
        </dlentry>
        <dlentry class="- topic/dlentry ">
          <dt class="- topic/dt ">TYPE, [1:0]</dt>
          <dd class="- topic/dd "><p class="- topic/p ">Type of comparison:</p><dl class="- topic/dl " compact="yes" outputclass="termwidthpc8">
              <dlentry class="- topic/dlentry ">
                <dt class="- topic/dt "><codeph class="+ topic/ph pr-d/codeph ">0b00</codeph></dt>
                <dd class="- topic/dd ">Instruction address, <term class="- topic/term " outputclass="archterm">res0</term>.</dd>
              </dlentry>
            </dl></dd>
        </dlentry>
      </dl>
      <p class="- topic/p ">Bit fields and details not provided in this description are
        architecturally defined. See the <cite class="- topic/cite "><ph class="- topic/ph ">
                            <keyword class="- topic/keyword "><tm class="- topic/tm " tmtype="reg">Arm</tm></keyword> Architecture Reference Manual <keyword class="- topic/keyword ">Arm</keyword>v8, for <keyword class="- topic/keyword ">Arm</keyword>v8-A architecture profile</ph></cite>.</p>
      <p class="- topic/p ">The TRCACATR<term class="- topic/term ">n</term> can be accessed through the external debug interface, offset <codeph class="+ topic/ph pr-d/codeph ">0x480-<ph class="- topic/ph " otherprops="g.number.hex">4B8</ph></codeph>.</p>
      
    </section>
  </refbody>
</reference>