<?xml version="1.0" encoding="UTF-8"?>
<!DOCTYPE reference
  PUBLIC "-//OASIS//DTD DITA Reference//EN" "reference.dtd">
<reference xmlns:ditaarch="http://dita.oasis-open.org/architecture/2005/" class="- topic/topic       reference/reference " ditaarch:DITAArchVersion="1.2" id="lau1443695108725" xml:lang="en-us">
  <title class="- topic/title ">TRCBBCTLR, Branch Broadcast Control Register</title>
  <shortdesc class="- topic/shortdesc ">The TRCBBCTLR controls how branch broadcasting behaves, and allows
    branch broadcasting to be enabled for certain memory regions.</shortdesc>
  <prolog class="- topic/prolog ">
    <permissions class="- topic/permissions " view="nonconfidential"/>
  </prolog>
  <refbody class="- topic/body        reference/refbody ">
    <section class="- topic/section ">
      <title class="- topic/title ">Bit field descriptions</title>
      <p class="- topic/p ">The TRCAUXCTLR is a 32-bit register.</p>
      <fig class="- topic/fig ">
        <title class="- topic/title ">TRCBBCTLR bit assignments</title>
        <image class="- topic/image " href="lau1443695158418.svg" placement="inline">
          <alt class="- topic/alt ">TRCBBCTLR bit assignments</alt>
        </image>
      </fig>
      <dl class="- topic/dl ">
        <dlentry class="- topic/dlentry ">
          <dt class="- topic/dt ">RES0, [31:9]</dt>
          <dd class="- topic/dd ">
            <dl class="- topic/dl " compact="yes" outputclass="termwidthpc8">
              <dlentry class="- topic/dlentry ">
                <dt class="- topic/dt "><term class="- topic/term " outputclass="archterm">res0</term></dt>
                <dd class="- topic/dd ">Reserved.</dd>
              </dlentry>
            </dl>
          </dd>
        </dlentry>
        <dlentry class="- topic/dlentry ">
          <dt class="- topic/dt ">MODE, [8]</dt>
          <dd class="- topic/dd "><p class="- topic/p ">Mode bit:</p><dl class="- topic/dl " compact="yes" outputclass="termwidthpc8">
              <dlentry class="- topic/dlentry ">
                <dt class="- topic/dt "><codeph class="+ topic/ph pr-d/codeph ">0</codeph></dt>
                <dd class="- topic/dd "><p class="- topic/p ">Exclude mode. Branch broadcasting is not
                    enabled in the address range that RANGE defines.</p>
                  <p class="- topic/p ">If RANGE==0 then branch broadcasting is enabled for the entire
                    memory map.</p></dd>
              </dlentry>
              <dlentry class="- topic/dlentry ">
                <dt class="- topic/dt "><codeph class="+ topic/ph pr-d/codeph ">1</codeph></dt>
                <dd class="- topic/dd "><p class="- topic/p ">Include mode. Branch broadcasting is enabled
                    in the address range that RANGE defines.</p>
                  <p class="- topic/p ">If RANGE==0 then the behavior of the trace unit is <term class="- topic/term " outputclass="archterm">constrained
                      unpredictable</term>. That is,
                    the trace unit might or might not consider any instructions to be in a branch
                    broadcast region.</p></dd>
              </dlentry>
            </dl></dd>
        </dlentry>
        <dlentry class="- topic/dlentry ">
          <dt class="- topic/dt ">RANGE, [7:0]</dt>
          <dd class="- topic/dd "><p class="- topic/p ">Address range field.</p><p class="- topic/p ">Selects
              which address range comparator pairs are in use with branch broadcasting. Each bit
              represents an address range comparator pair, so bit[<varname class="+ topic/keyword sw-d/varname ">n</varname>] controls the selection of address range comparator pair <varname class="+ topic/keyword sw-d/varname ">n</varname>. If bit[<varname class="+ topic/keyword sw-d/varname ">n</varname>] is:</p><dl class="- topic/dl " compact="yes">
              <dlentry class="- topic/dlentry ">
                <dt class="- topic/dt "><codeph class="+ topic/ph pr-d/codeph ">0</codeph></dt>
                <dd class="- topic/dd ">The address range that address range comparator pair <varname class="+ topic/keyword sw-d/varname ">n</varname> defines, is not selected.</dd>
              </dlentry>
              <dlentry class="- topic/dlentry ">
                <dt class="- topic/dt "><codeph class="+ topic/ph pr-d/codeph ">1</codeph></dt>
                <dd class="- topic/dd ">The address range that address range comparator pair <varname class="+ topic/keyword sw-d/varname ">n</varname> defines, is selected.</dd>
              </dlentry>
            </dl></dd>
        </dlentry>
      </dl>
      <p class="- topic/p ">Bit fields and details not provided in this description are
        architecturally defined. See the <cite class="- topic/cite "><ph class="- topic/ph ">
                            <keyword class="- topic/keyword "><tm class="- topic/tm " tmtype="reg">Arm</tm></keyword> Architecture Reference Manual <keyword class="- topic/keyword ">Arm</keyword>v8, for <keyword class="- topic/keyword ">Arm</keyword>v8-A architecture profile</ph></cite>.</p>
      <p class="- topic/p ">The TRCBBCTLR can be accessed through the external debug interface, offset <codeph class="+ topic/ph pr-d/codeph "><ph class="- topic/ph " otherprops="g.number.hex">03C</ph></codeph>.</p>
      
    </section>
  </refbody>
</reference>