<?xml version="1.0" encoding="UTF-8"?>
<!DOCTYPE reference
  PUBLIC "-//OASIS//DTD DITA Reference//EN" "reference.dtd">
<reference xmlns:ditaarch="http://dita.oasis-open.org/architecture/2005/" class="- topic/topic       reference/reference " ditaarch:DITAArchVersion="1.2" id="lau1442504225429" xml:lang="en-us">
  
  <title class="- topic/title ">AArch32 register summary</title>
  <abstract class="- topic/abstract ">
    
    <shortdesc class="- topic/shortdesc ">The core has one Advanced SIMD and floating-point system registers in the AArch32 execution state.</shortdesc></abstract>
  <prolog class="- topic/prolog ">
    <permissions class="- topic/permissions " view="nonconfidential"/>
  </prolog>
  <refbody class="- topic/body        reference/refbody ">
    <section class="- topic/section ">
      <p class="- topic/p ">The following table gives a summary of the <ph class="- topic/ph "><keyword class="- topic/keyword "><tm class="- topic/tm " tmtype="reg">Cortex</tm></keyword><keyword class="- topic/keyword ">‑A76</keyword></ph> core Advanced SIMD
        and floating-point system registers in the AArch32 execution state.</p>
      
      
      
      
      
      <table class="- topic/table " colsep="0" frame="topbot" rowsep="0">
        <title class="- topic/title ">AArch32 Advanced SIMD and floating-point system registers</title>
        <tgroup class="- topic/tgroup " cols="4" colsep="0" rowsep="0">
          <colspec class="- topic/colspec " colname="col1" colnum="1" colsep="0" colwidth="1.5*"/>
          <colspec class="- topic/colspec " colname="col2" colnum="2" colsep="0" colwidth="1.5*"/>
          <colspec class="- topic/colspec " colname="col3" colnum="3" colsep="0" colwidth="1.5*"/>
          <colspec class="- topic/colspec " colname="col4" colnum="4" colsep="0" colwidth="5.5*"/>
          <thead class="- topic/thead ">
            <row class="- topic/row " rowsep="1">
              <entry class="- topic/entry " colname="col1">Name</entry>
              <entry class="- topic/entry " colname="col2">Type</entry>
              <entry class="- topic/entry " colname="col3">Reset</entry>
              <entry class="- topic/entry " colname="col4">Description</entry>
            </row>
          </thead>
          <tbody class="- topic/tbody ">
            <row class="- topic/row " rowsep="1">
              <entry class="- topic/entry " colname="col1">FPSCR</entry>
              <entry class="- topic/entry " colname="col2">RW</entry>
              <entry class="- topic/entry " colname="col3"><term class="- topic/term " outputclass="archterm">UNKNOWN</term></entry>
              <entry class="- topic/entry " colname="col4">See <xref class="- topic/xref " href="lau1442504290459.xml" type="reference">FPSCR, Floating-Point Status and Control Register<desc class="- topic/desc ">The FPSCR provides floating-point system status information and     control.</desc></xref>.</entry>
            </row>
          </tbody>
        </tgroup>
      </table>
      
      
      
      <p class="- topic/p ">See the <cite class="- topic/cite "><keyword class="- topic/keyword "><tm class="- topic/tm " tmtype="reg">Arm</tm></keyword> Architecture Reference
          Manual Armv8, for Armv8-A architecture profile </cite> for information on permitted
        accesses to the Advanced SIMD and floating-point system registers.</p>
    </section>
  </refbody>
</reference>