<?xml version="1.0" encoding="UTF-8"?>
<!DOCTYPE reference
  PUBLIC "-//OASIS//DTD DITA Reference//EN" "reference.dtd">
<reference xmlns:ditaarch="http://dita.oasis-open.org/architecture/2005/" class="- topic/topic       reference/reference " ditaarch:DITAArchVersion="1.2" id="lau1443604153577" xml:lang="en-us">
  <title class="- topic/title ">DBGWCRn_EL1, Debug Watchpoint Control Registers, EL1</title>
  <shortdesc class="- topic/shortdesc ">The DBGWCRn_EL1 holds control information for a watchpoint. Each
    DBGWCR_EL1 is associated with a DBGWVR_EL1 to form a <term class="- topic/term ">Watchpoint Register
      Pair</term> (WRP). DBGWCRn_EL1 is associated with DBGWVRn_EL1 to form WRP<term class="- topic/term ">n</term>. The range of <term class="- topic/term ">n</term> for DBGBCRn_EL1 is 0 to 3.</shortdesc>
  <prolog class="- topic/prolog ">
    <permissions class="- topic/permissions " view="nonconfidential"/>
  </prolog>
  <refbody class="- topic/body        reference/refbody ">
    <section class="- topic/section ">
      <title class="- topic/title ">Bit field descriptions</title>
      <p class="- topic/p ">The DBGWCRn_EL1 registers are 32-bit registers.</p>
      <fig class="- topic/fig ">
        <title class="- topic/title "> DBGWCRn_EL1 bit assignments</title>
        <image class="- topic/image " href="lau1443604430197.svg" placement="inline">
          <alt class="- topic/alt "> DBGWCRn_EL1 bit assignments</alt>
        </image>
      </fig>
      <dl class="- topic/dl ">
        <dlentry class="- topic/dlentry ">
          <dt class="- topic/dt ">RES0, [31:29]</dt>
          <dd class="- topic/dd ">
            <dl class="- topic/dl " compact="yes" outputclass="termwidthpc8">
              <dlentry class="- topic/dlentry ">
                <dt class="- topic/dt "><term class="- topic/term " outputclass="archterm">res0</term></dt>
                <dd class="- topic/dd ">Reserved.</dd>
              </dlentry>
            </dl>
          </dd>
        </dlentry>
        <dlentry class="- topic/dlentry ">
          <dt class="- topic/dt ">MASK, [28:24]</dt>
          <dd class="- topic/dd "><p class="- topic/p ">Address mask. Only objects up to 2GB can be watched
              using a single mask.</p><dl class="- topic/dl " compact="yes" outputclass="termwidthpc12">
              <dlentry class="- topic/dlentry ">
                <dt class="- topic/dt "><ph class="- topic/ph " otherprops="g.number.bin">00000</ph></dt>
                <dd class="- topic/dd ">No mask.</dd>
              </dlentry>
              <dlentry class="- topic/dlentry ">
                <dt class="- topic/dt "><ph class="- topic/ph " otherprops="g.number.bin">00001</ph></dt>
                <dd class="- topic/dd ">Reserved.</dd>
              </dlentry>
              <dlentry class="- topic/dlentry ">
                <dt class="- topic/dt "><ph class="- topic/ph " otherprops="g.number.bin">00010</ph></dt>
                <dd class="- topic/dd ">Reserved.</dd>
              </dlentry>
            </dl><p class="- topic/p ">Other values mask the corresponding number of address bits, from
              <ph class="- topic/ph " otherprops="g.number.bin">00011</ph> masking 3 address bits (<ph class="- topic/ph " otherprops="g.number.hex">00000007</ph> mask for address) to <ph class="- topic/ph " otherprops="g.number.bin">11111</ph> masking 31 address bits (<ph class="- topic/ph " otherprops="g.number.hex">7FFFFFFF</ph> mask for
              address).</p></dd>
        </dlentry>
        <dlentry class="- topic/dlentry ">
          <dt class="- topic/dt ">RES0, [23:21]</dt>
          <dd class="- topic/dd ">
            <dl class="- topic/dl " compact="yes" outputclass="termwidthpc8">
              <dlentry class="- topic/dlentry ">
                <dt class="- topic/dt "><term class="- topic/term " outputclass="archterm">res0</term></dt>
                <dd class="- topic/dd ">Reserved.</dd>
              </dlentry>
            </dl>
          </dd>
        </dlentry>
        <dlentry class="- topic/dlentry ">
          <dt class="- topic/dt ">WT, [20]</dt>
          <dd class="- topic/dd "><p class="- topic/p ">Watchpoint type. Possible values are:</p><dl class="- topic/dl " compact="yes" outputclass="termwidthpc8">
              <dlentry class="- topic/dlentry ">
                <dt class="- topic/dt "><ph class="- topic/ph " otherprops="g.number.bin">0</ph></dt>
                <dd class="- topic/dd ">Unlinked data address match.</dd>
              </dlentry>
              <dlentry class="- topic/dlentry ">
                <dt class="- topic/dt "><ph class="- topic/ph " otherprops="g.number.bin">1</ph></dt>
                <dd class="- topic/dd ">Linked data address match.</dd>
              </dlentry>
            </dl><p class="- topic/p ">On Cold reset, the field reset value is architecturally <term class="- topic/term " outputclass="archterm">UNKNOWN</term>.</p></dd>
        </dlentry>
        <dlentry class="- topic/dlentry ">
          <dt class="- topic/dt ">LBN, [19:16]</dt>
          <dd class="- topic/dd "><p class="- topic/p ">Linked breakpoint number. For Linked data address
              watchpoints, this specifies the index of the Context-matching breakpoint linked
              to.</p><p class="- topic/p ">On Cold reset, the field reset value is architecturally <term class="- topic/term " outputclass="archterm">UNKNOWN</term>.</p></dd>
        </dlentry>
        <dlentry class="- topic/dlentry ">
          <dt class="- topic/dt ">SSC, [15:14]</dt>
          <dd class="- topic/dd "><p class="- topic/p ">Security state control. Determines the Security
              states under which a watchpoint debug event for watchpoint n is generated. This field
              must be interpreted along with the HMC and PAC fields.</p><p class="- topic/p ">On Cold reset, the field reset value is architecturally <term class="- topic/term " outputclass="archterm">UNKNOWN</term>.</p></dd>
        </dlentry>
        <dlentry class="- topic/dlentry ">
          <dt class="- topic/dt ">HMC, [13]</dt>
          <dd class="- topic/dd "><p class="- topic/p ">Higher mode control. Determines the debug perspective for deciding when a
              watchpoint debug event for watchpoint n is generated. This field must be interpreted
              along with the SSC and PAC fields.</p><p class="- topic/p ">On Cold reset, the field reset value is architecturally <term class="- topic/term " outputclass="archterm">UNKNOWN</term>.</p></dd>
        </dlentry>
        <dlentry class="- topic/dlentry ">
          <dt class="- topic/dt ">BAS, [12:5]</dt>
          <dd class="- topic/dd "><p class="- topic/p ">Byte address select. Each bit of this field
            selects whether a byte from within the word or double-word addressed by DBGWVR<term class="- topic/term ">n</term>_EL1 is being watched. See the <cite class="- topic/cite "><ph class="- topic/ph ">
                            <keyword class="- topic/keyword "><tm class="- topic/tm " tmtype="reg">Arm</tm></keyword> Architecture Reference Manual <keyword class="- topic/keyword ">Arm</keyword>v8, for <keyword class="- topic/keyword ">Arm</keyword>v8-A architecture profile</ph></cite> for more information.</p></dd>
        </dlentry>
        <dlentry class="- topic/dlentry ">
          <dt class="- topic/dt ">LSC, [4:3]</dt>
          <dd class="- topic/dd "><p class="- topic/p ">Load/store access control. This field enables
              watchpoint matching on the type of access being made. The possible values are:</p><dl class="- topic/dl " compact="yes" outputclass="termwidthpc8">
              <dlentry class="- topic/dlentry ">
                <dt class="- topic/dt "><ph class="- topic/ph " otherprops="g.number.bin">01</ph></dt>
                <dd class="- topic/dd ">Match instructions that load from a watchpoint address.</dd>
              </dlentry>
              <dlentry class="- topic/dlentry ">
                <dt class="- topic/dt "><ph class="- topic/ph " otherprops="g.number.bin">10</ph></dt>
                <dd class="- topic/dd ">Match instructions that store to a watchpoint address.</dd>
              </dlentry>
              <dlentry class="- topic/dlentry ">
                <dt class="- topic/dt "><ph class="- topic/ph " otherprops="g.number.bin">11</ph></dt>
                <dd class="- topic/dd ">Match instructions that load from or store to a watchpoint
                  address.</dd>
              </dlentry>
            </dl><p class="- topic/p ">All other values are reserved, but must behave as if the watchpoint is disabled.
              Software must not rely on this property because the behavior of reserved values might
              change in a future revision of the architecture.</p><p class="- topic/p "><term class="- topic/term " outputclass="archterm">ignored</term> if E is 0.</p><p class="- topic/p ">On Cold reset, the field reset value is architecturally <term class="- topic/term " outputclass="archterm">UNKNOWN</term>.</p></dd>
        </dlentry>
        <dlentry class="- topic/dlentry ">
          <dt class="- topic/dt ">PAC, [2:1]</dt>
          <dd class="- topic/dd "><p class="- topic/p ">Privilege of access control. Determines the Exception level or levels at which a
              watchpoint debug event for watchpoint n is generated. This field must be interpreted
              along with the SSC and HMCfields.</p><p class="- topic/p ">On Cold reset, the field reset value is architecturally <term class="- topic/term " outputclass="archterm">UNKNOWN</term>.</p></dd>
        </dlentry>
        <dlentry class="- topic/dlentry ">
          <dt class="- topic/dt ">E, [0]</dt>
          <dd class="- topic/dd "><p class="- topic/p ">Enable watchpoint n. Possible values are:</p><dl class="- topic/dl " compact="yes" outputclass="termwidthpc8">
              <dlentry class="- topic/dlentry ">
                <dt class="- topic/dt "><ph class="- topic/ph " otherprops="g.number.bin">0</ph></dt>
                <dd class="- topic/dd ">Watchpoint disabled.</dd>
              </dlentry>
              <dlentry class="- topic/dlentry ">
                <dt class="- topic/dt "><ph class="- topic/ph " otherprops="g.number.bin">1</ph></dt>
                <dd class="- topic/dd ">Watchpoint enabled.</dd>
              </dlentry>
            </dl><p class="- topic/p ">On Cold reset, the field reset value is architecturally <term class="- topic/term " outputclass="archterm">UNKNOWN</term>.</p></dd>
        </dlentry>
      </dl>
      <p class="- topic/p ">Bit fields and details not provided in this description are
        architecturally defined. See the <cite class="- topic/cite "><ph class="- topic/ph ">
                            <keyword class="- topic/keyword "><tm class="- topic/tm " tmtype="reg">Arm</tm></keyword> Architecture Reference Manual <keyword class="- topic/keyword ">Arm</keyword>v8, for <keyword class="- topic/keyword ">Arm</keyword>v8-A architecture profile</ph></cite>.</p>
    </section>
    
  </refbody>
</reference>