<?xml version="1.0" encoding="UTF-8"?>
<!DOCTYPE reference
  PUBLIC "-//OASIS//DTD DITA Reference//EN" "reference.dtd">
<reference xmlns:ditaarch="http://dita.oasis-open.org/architecture/2005/" class="- topic/topic       reference/reference " ditaarch:DITAArchVersion="1.2" id="lau1442502469232" xml:lang="en-us">
  
  <title class="- topic/title ">AArch64 register summary</title>
  <shortdesc class="- topic/shortdesc ">The core has several Advanced SIMD and
    floating-point system registers in the AArch64 execution state. Each register has a specific
    purpose, specific usage constraints, configurations, and attributes.</shortdesc>
  <prolog class="- topic/prolog ">
    <permissions class="- topic/permissions " view="nonconfidential"/>
  </prolog>
  <refbody class="- topic/body        reference/refbody ">
    <section class="- topic/section ">
      <p class="- topic/p ">The following table gives a summary of the <ph class="- topic/ph "><keyword class="- topic/keyword "><tm class="- topic/tm " tmtype="reg">Cortex</tm></keyword><keyword class="- topic/keyword ">‑A76</keyword></ph> core Advanced SIMD and floating-point
        system registers in the AArch64 execution state.</p>
      <table class="- topic/table " colsep="0" frame="topbot" rowsep="0">
        <title class="- topic/title ">AArch64 Advanced SIMD and floating-point system registers</title>
        
        <tgroup class="- topic/tgroup " cols="4" colsep="0" rowsep="0">
          <colspec class="- topic/colspec " colname="col1" colnum="1" colsep="0" colwidth="1.5*"/>
          <colspec class="- topic/colspec " colname="col2" colnum="2" colsep="0" colwidth="1.5*"/>
          <colspec class="- topic/colspec " colname="col3" colnum="3" colsep="0" colwidth="1.5*"/>
          <colspec class="- topic/colspec " colname="col4" colnum="4" colsep="0" colwidth="5.5*"/>
          <thead class="- topic/thead ">
            <row class="- topic/row " rowsep="1">
              <entry class="- topic/entry " colname="col1">Name</entry>
              <entry class="- topic/entry " colname="col2">Type</entry>
              <entry class="- topic/entry " colname="col3">Reset</entry>
              <entry class="- topic/entry " colname="col4">Description</entry>
            </row>
          </thead>
          <tbody class="- topic/tbody ">
            <row class="- topic/row " rowsep="1">
              <entry class="- topic/entry " colname="col1">FPCR</entry>
              <entry class="- topic/entry " colname="col2">RW</entry>
              <entry class="- topic/entry " colname="col3"><codeph class="+ topic/ph pr-d/codeph "><ph class="- topic/ph " otherprops="g.number.hex">00000000</ph></codeph></entry>
              <entry class="- topic/entry " colname="col4">See <xref class="- topic/xref " href="lau1442502503726.xml" type="reference">FPCR, Floating-point Control Register<desc class="- topic/desc ">The FPCR controls floating-point behavior.</desc></xref>.</entry>
            </row>
            <row class="- topic/row " rowsep="1">
              <entry class="- topic/entry " colname="col1">FPSR</entry>
              <entry class="- topic/entry " colname="col2">RW</entry>
              <entry class="- topic/entry " colname="col3"><term class="- topic/term " outputclass="archterm">UNKNOWN</term></entry>
              <entry class="- topic/entry " colname="col4">See <xref class="- topic/xref " href="lau1442502526288.xml" type="reference">FPSR, Floating-point Status Register<desc class="- topic/desc ">The FPSR provides floating-point system status information.</desc></xref>.</entry>
            </row>
            <row class="- topic/row " rowsep="1">
              <entry class="- topic/entry " colname="col1">MVFR0_EL1</entry>
              <entry class="- topic/entry " colname="col2">RO</entry>
              <entry class="- topic/entry " colname="col3"><codeph class="+ topic/ph pr-d/codeph "><ph class="- topic/ph " otherprops="g.number.hex">10110222</ph></codeph></entry>
              <entry class="- topic/entry " colname="col4">See <xref class="- topic/xref " href="lau1442502550390.xml" type="reference">MVFR0_EL1, Media and VFP Feature Register 0, EL1<desc class="- topic/desc ">The MVFR0_EL1 describes the features provided by the AArch64 Advanced     SIMD and floating-point implementation.</desc></xref>.</entry>
            </row>
            <row class="- topic/row " rowsep="1">
              <entry class="- topic/entry " colname="col1">MVFR1_EL1</entry>
              <entry class="- topic/entry " colname="col2">RO</entry>
              <entry class="- topic/entry " colname="col3"><codeph class="+ topic/ph pr-d/codeph "><ph class="- topic/ph " otherprops="g.number.hex">13211111</ph></codeph></entry>
              <entry class="- topic/entry " colname="col4">See <xref class="- topic/xref " href="lau1442502572526.xml" type="reference">MVFR1_EL1, Media and VFP Feature Register 1, EL1<desc class="- topic/desc ">The MVFR1_EL1 describes the features provided by the AArch64 Advanced     SIMD and floating-point implementation.</desc></xref>.</entry>
            </row>
            <row class="- topic/row " rowsep="1">
              <entry class="- topic/entry " colname="col1">MVFR2_EL1</entry>
              <entry class="- topic/entry " colname="col2">RO</entry>
              <entry class="- topic/entry " colname="col3"><codeph class="+ topic/ph pr-d/codeph "><ph class="- topic/ph " otherprops="g.number.hex">00000043</ph></codeph></entry>
              <entry class="- topic/entry " colname="col4">See <xref class="- topic/xref " href="lau1442502600944.xml" type="reference">MVFR2_EL1, Media and VFP Feature Register 2, EL1<desc class="- topic/desc ">The MVFR2_EL1 describes the features provided by the AArch64 Advanced     SIMD and floating-point implementation.</desc></xref>.</entry>
            </row>
          </tbody>
        </tgroup>
      </table>
    </section>
  </refbody>
</reference>