<?xml version="1.0" encoding="UTF-8"?>
<!DOCTYPE reference
  PUBLIC "-//OASIS//DTD DITA Reference//EN" "reference.dtd">
<reference xmlns:ditaarch="http://dita.oasis-open.org/architecture/2005/" class="- topic/topic       reference/reference " ditaarch:DITAArchVersion="1.2" id="lau1452093057898" xml:lang="en-us">
	<title class="- topic/title ">Support for memory types</title>
	<shortdesc class="- topic/shortdesc ">The <ph class="- topic/ph "><keyword class="- topic/keyword "><tm class="- topic/tm " tmtype="reg">Cortex</tm></keyword><keyword class="- topic/keyword ">‑A76</keyword></ph> core
		simplifies the coherency logic by downgrading some memory types.</shortdesc>
	<prolog class="- topic/prolog "><permissions class="- topic/permissions " view="nonconfidential"/></prolog>
	<refbody class="- topic/body        reference/refbody ">
		<section class="- topic/section ">
			<ul class="- topic/ul " id="ul_hss_jf5_45">
				<li class="- topic/li ">Memory that is marked as both Inner Write-Back Cacheable and Outer
					Write-Back Cacheable is cached in the L1 data cache and the L2 cache. </li>
				<li class="- topic/li ">Memory that is marked Inner Write-Through is downgraded to
					Non-cacheable.</li>
				<li class="- topic/li ">Memory that is marked Outer Write-Through or Outer Non-cacheable
					is downgraded to Non-cacheable, even if the inner attributes are Write-Back
					cacheable.</li>
			</ul>
			
			<sectiondiv class="- topic/sectiondiv ">
				<p class="- topic/p ">The following table shows the transaction capabilities of the <ph class="- topic/ph "><keyword class="- topic/keyword "><tm class="- topic/tm " tmtype="reg">Cortex</tm></keyword><keyword class="- topic/keyword ">‑A76</keyword></ph> core. It lists the maximum possible values for read, write, DVM issuing, and snoop capabilities of the private L2 cache.</p>
				<table class="- topic/table " colsep="1" frame="all" id="table_b3b_1m4_tx" rowsep="1">
					<title class="- topic/title "><ph class="- topic/ph "><keyword class="- topic/keyword "><tm class="- topic/tm " tmtype="reg">Cortex</tm></keyword><keyword class="- topic/keyword ">‑A76</keyword></ph> Transaction Capabilities</title>
					<tgroup class="- topic/tgroup " cols="3">
						<colspec class="- topic/colspec " colname="col1" colnum="1" colwidth="1.0*"/>
						<colspec class="- topic/colspec " colname="col2" colnum="2" colwidth="1.0*"/>
						<colspec class="- topic/colspec " colname="col3" colnum="3" colwidth="1.0*"/>
						<thead class="- topic/thead ">
							<row class="- topic/row ">
								<entry class="- topic/entry " colname="col1">Attribute</entry>
								<entry class="- topic/entry " colname="col2">Value</entry>
								<entry class="- topic/entry " colname="col3">Description</entry>
							</row>
						</thead>
						<tbody class="- topic/tbody ">
							<row class="- topic/row ">
								<entry class="- topic/entry " colname="col1">Write issuing capability</entry>
								<entry class="- topic/entry " colname="col2">22/34/46</entry>
								<entry class="- topic/entry " colname="col3">Maximum number of outstanding write transactions. Dependent on the configured TQ size. (24/36/48)</entry>
							</row>
							<row class="- topic/row ">
								<entry class="- topic/entry " colname="col1">Read issuing capability</entry>
								<entry class="- topic/entry " colname="col2">22/34/46</entry>
								<entry class="- topic/entry " colname="col3">Maximum number of outstanding read transactions. Dependent on the configured TQ size. (24/36/48)</entry>
							</row>
							<row class="- topic/row ">
								<entry class="- topic/entry " colname="col1">Snoop acceptance capability</entry>
								<entry class="- topic/entry " colname="col2">17/23/29</entry>
								<entry class="- topic/entry " colname="col3">Maximum number of outstanding snoops and stashes accepted. Dependent on the TQ size. (24/36/48)</entry>
							</row>
							<row class="- topic/row ">
								<entry class="- topic/entry " colname="col1">DVM issuing capability</entry>
								<entry class="- topic/entry " colname="col2">22/34/46</entry>
								<entry class="- topic/entry " colname="col3">Maximum number of outstanding DVMOp transactions. Dependent on the configured TQ size. (24/36/48)</entry>
							</row>
						</tbody>
					</tgroup>
				</table>
			</sectiondiv>
			
			
			
			
		</section>
	</refbody>
</reference>