<?xml version="1.0" encoding="UTF-8"?>
<!DOCTYPE reference
  PUBLIC "-//OASIS//DTD DITA Reference//EN" "reference.dtd">
<reference xmlns:ditaarch="http://dita.oasis-open.org/architecture/2005/" class="- topic/topic       reference/reference " ditaarch:DITAArchVersion="1.2" id="lau1443696343445" xml:lang="en-us">
  <title class="- topic/title ">TRCSEQEVRn, Sequencer State Transition Control Registers 0-2</title>
  <shortdesc class="- topic/shortdesc ">The TRCSEQEVRn defines the sequencer transitions that progress to the
    next state or backwards to the previous state. The ETM trace unit implements a sequencer state
    machine with up to four states.</shortdesc>
  <prolog class="- topic/prolog ">
    <permissions class="- topic/permissions " view="nonconfidential"/>
  </prolog>
  <refbody class="- topic/body        reference/refbody ">
    <section class="- topic/section ">
      <title class="- topic/title ">Bit field descriptions</title>
      <p class="- topic/p ">The TRCSEQEVRn is a 32-bit register.</p>
      <fig class="- topic/fig ">
        <title class="- topic/title ">TRCSEQEVRn bit assignments</title>
        <image class="- topic/image " href="lau1443696379855.svg" placement="inline">
          <alt class="- topic/alt ">TRCSEQEVRn bit assignments</alt>
        </image>
      </fig>
      <dl class="- topic/dl ">
        <dlentry class="- topic/dlentry ">
          <dt class="- topic/dt ">RES0, [31:16]</dt>
          <dd class="- topic/dd ">
            <dl class="- topic/dl " compact="yes" outputclass="termwidthpc8">
              <dlentry class="- topic/dlentry ">
                <dt class="- topic/dt "><term class="- topic/term " outputclass="archterm">res0</term></dt>
                <dd class="- topic/dd ">Reserved.</dd>
              </dlentry>
            </dl>
          </dd>
        </dlentry>
        <dlentry class="- topic/dlentry ">
          <dt class="- topic/dt ">B TYPE, [15]</dt>
          <dd class="- topic/dd "><p class="- topic/p ">Selects the resource type to move backwards to this
            state from the next state:</p><dl class="- topic/dl " compact="yes" outputclass="termwidthpc8">
              <dlentry class="- topic/dlentry ">
                <dt class="- topic/dt "><codeph class="+ topic/ph pr-d/codeph ">0</codeph></dt>
                <dd class="- topic/dd ">Single selected resource.</dd>
              </dlentry>
              <dlentry class="- topic/dlentry ">
                <dt class="- topic/dt "><codeph class="+ topic/ph pr-d/codeph ">1</codeph></dt>
                <dd class="- topic/dd ">Boolean combined resource pair.</dd>
              </dlentry>
            </dl></dd>
        </dlentry>
        <dlentry class="- topic/dlentry ">
          <dt class="- topic/dt ">RES0, [14:12]</dt>
          <dd class="- topic/dd ">
            <dl class="- topic/dl " compact="yes" outputclass="termwidthpc8">
              <dlentry class="- topic/dlentry ">
                <dt class="- topic/dt "><term class="- topic/term " outputclass="archterm">res0</term></dt>
                <dd class="- topic/dd ">Reserved.</dd>
              </dlentry>
            </dl>
          </dd>
        </dlentry>
        <dlentry class="- topic/dlentry ">
          <dt class="- topic/dt ">B SEL, [11:8]</dt>
          <dd class="- topic/dd "><p class="- topic/p ">Selects the resource number, based on the value of
              B TYPE:</p><p class="- topic/p ">When B TYPE is 0, selects a single selected resource
              from 0-15 defined by bits[3:0].</p><p class="- topic/p ">When B TYPE is 1, selects a
              Boolean combined resource pair from 0-7 defined by bits[2:0].</p></dd>
        </dlentry>
        <dlentry class="- topic/dlentry ">
          <dt class="- topic/dt ">F TYPE, [7]</dt>
          <dd class="- topic/dd "><p class="- topic/p ">Selects the resource type to move forwards from
            this state to the next state:</p><dl class="- topic/dl " compact="yes" outputclass="termwidthpc8">
              <dlentry class="- topic/dlentry ">
                <dt class="- topic/dt "><codeph class="+ topic/ph pr-d/codeph ">0</codeph></dt>
                <dd class="- topic/dd ">Single selected resource.</dd>
              </dlentry>
              <dlentry class="- topic/dlentry ">
                <dt class="- topic/dt "><codeph class="+ topic/ph pr-d/codeph ">1</codeph></dt>
                <dd class="- topic/dd ">Boolean combined resource pair.</dd>
              </dlentry>
            </dl></dd>
        </dlentry>
        <dlentry class="- topic/dlentry ">
          <dt class="- topic/dt ">RES0, [6:4]</dt>
          <dd class="- topic/dd ">
            <dl class="- topic/dl " compact="yes" outputclass="termwidthpc8">
              <dlentry class="- topic/dlentry ">
                <dt class="- topic/dt "><term class="- topic/term " outputclass="archterm">res0</term></dt>
                <dd class="- topic/dd ">Reserved.</dd>
              </dlentry>
            </dl>
          </dd>
        </dlentry>
        <dlentry class="- topic/dlentry ">
          <dt class="- topic/dt ">F SEL, [3:0]</dt>
          <dd class="- topic/dd "><p class="- topic/p ">Selects the resource number, based on the value of
              F TYPE:</p><p class="- topic/p ">When F TYPE is 0, selects a single selected resource
              from 0-15 defined by bits[3:0].</p><p class="- topic/p ">When F TYPE is 1, selects a
              Boolean combined resource pair from 0-7 defined by bits[2:0].</p></dd>
        </dlentry>
      </dl>
      <p class="- topic/p ">Bit fields and details not provided in this description are
        architecturally defined. See the <cite class="- topic/cite "><ph class="- topic/ph ">
                            <keyword class="- topic/keyword "><tm class="- topic/tm " tmtype="reg">Arm</tm></keyword> Architecture Reference Manual <keyword class="- topic/keyword ">Arm</keyword>v8, for <keyword class="- topic/keyword ">Arm</keyword>v8-A architecture profile</ph></cite>.</p>
      <p class="- topic/p ">The TRCSEQEVRn registers can be accessed through the external debug interface, offsets:</p>
      <dl class="- topic/dl ">
        <dlentry class="- topic/dlentry ">
          <dt class="- topic/dt ">TRCSEQEVR0</dt>
          <dd class="- topic/dd "><codeph class="+ topic/ph pr-d/codeph "><ph class="- topic/ph " otherprops="g.number.hex">100</ph></codeph>.</dd>
        </dlentry>
        <dlentry class="- topic/dlentry ">
          <dt class="- topic/dt ">TRCSEQEVR1</dt>
          <dd class="- topic/dd "><codeph class="+ topic/ph pr-d/codeph "><ph class="- topic/ph " otherprops="g.number.hex">104</ph></codeph>.</dd>
        </dlentry>
        <dlentry class="- topic/dlentry ">
          <dt class="- topic/dt ">TRCSEQEVR2</dt>
          <dd class="- topic/dd "><codeph class="+ topic/ph pr-d/codeph "><ph class="- topic/ph " otherprops="g.number.hex">108</ph></codeph>.</dd>
        </dlentry>
      </dl>
      
    </section>
  </refbody>
</reference>