<?xml version="1.0" encoding="UTF-8"?>
<!DOCTYPE reference
  PUBLIC "-//OASIS//DTD DITA Reference//EN" "reference.dtd">
<reference xmlns:ditaarch="http://dita.oasis-open.org/architecture/2005/" class="- topic/topic       reference/reference " ditaarch:DITAArchVersion="1.2" id="lau1443695621011" xml:lang="en-us">
  <title class="- topic/title ">TRCSYNCPR, Synchronization Period Register</title>
  <shortdesc class="- topic/shortdesc ">The TRCSYNCPR controls how often periodic trace synchronization requests
    occur.</shortdesc>
  <prolog class="- topic/prolog ">
    <permissions class="- topic/permissions " view="nonconfidential"/>
  </prolog>
  <refbody class="- topic/body        reference/refbody ">
    <section class="- topic/section ">
      <title class="- topic/title ">Bit field descriptions</title>
      <p class="- topic/p ">The TRCSYNCPR is a 32-bit register.</p>
      <fig class="- topic/fig ">
        <title class="- topic/title ">TRCSYNCPR bit assignments</title>
        <image class="- topic/image " href="lau1443695656298.svg" placement="inline">
          <alt class="- topic/alt ">TRCSYNCPR bit assignments</alt>
        </image>
      </fig>
      <dl class="- topic/dl ">
        <dlentry class="- topic/dlentry ">
          <dt class="- topic/dt ">RES0, [31:5]</dt>
          <dd class="- topic/dd ">
            <dl class="- topic/dl " compact="yes" outputclass="termwidthpc8">
              <dlentry class="- topic/dlentry ">
                <dt class="- topic/dt "><term class="- topic/term " outputclass="archterm">res0</term></dt>
                <dd class="- topic/dd ">Reserved.</dd>
              </dlentry>
            </dl>
          </dd>
        </dlentry>
        <dlentry class="- topic/dlentry ">
          <dt class="- topic/dt ">PERIOD, [4:0]</dt>
          <dd class="- topic/dd "><p class="- topic/p ">Defines the number of bytes of trace between
              synchronization requests as a total of the number of bytes generated by both the
              instruction and data streams. The number of bytes is 2<sup class="+ topic/ph hi-d/sup ">N</sup>
              where N is the value of this field:</p><ul class="- topic/ul ">
              <li class="- topic/li ">A value of zero disables these periodic synchronization requests,
                but does not disable other synchronization requests.</li>
              <li class="- topic/li ">The minimum value that can be programmed, other than zero, is 8,
                providing a minimum synchronization period of 256 bytes.</li>
              <li class="- topic/li ">The maximum value is 20, providing a maximum synchronization
                period of 2<sup class="+ topic/ph hi-d/sup ">20</sup> bytes.</li>
            </ul></dd>
        </dlentry>
      </dl>
      <p class="- topic/p ">Bit fields and details not provided in this description are
        architecturally defined. See the <cite class="- topic/cite "><ph class="- topic/ph ">
                            <keyword class="- topic/keyword "><tm class="- topic/tm " tmtype="reg">Arm</tm></keyword> Architecture Reference Manual <keyword class="- topic/keyword ">Arm</keyword>v8, for <keyword class="- topic/keyword ">Arm</keyword>v8-A architecture profile</ph></cite>.</p>
      <p class="- topic/p ">The TRCSYNCPR can be accessed through the external debug interface, offset <codeph class="+ topic/ph pr-d/codeph "><ph class="- topic/ph " otherprops="g.number.hex">034</ph></codeph>.</p>
      
    </section>
  </refbody>
</reference>