<?xml version="1.0" encoding="UTF-8"?>
<!DOCTYPE reference
  PUBLIC "-//OASIS//DTD DITA Reference//EN" "reference.dtd">
<reference xmlns:ditaarch="http://dita.oasis-open.org/architecture/2005/" class="- topic/topic       reference/reference " ditaarch:DITAArchVersion="1.2" id="lau1443695289016" xml:lang="en-us">
  <title class="- topic/title ">TRCEVENTCTL0R, Event Control 0 Register</title>
  <shortdesc class="- topic/shortdesc ">The TRCEVENTCTL0R controls the tracing of events in the trace stream.
    The events also drive the external outputs from the ETM trace unit. The events are selected from
    the Resource Selectors.</shortdesc>
  <prolog class="- topic/prolog ">
    <permissions class="- topic/permissions " view="nonconfidential"/>
  </prolog>
  <refbody class="- topic/body        reference/refbody ">
    <section class="- topic/section ">
      <title class="- topic/title ">Bit field descriptions</title>
      <p class="- topic/p ">The TRCEVENTCTL0R is a 32-bit register.</p>
      <fig class="- topic/fig ">
        <title class="- topic/title ">TRCEVENTCTL0R bit assignments</title>
        <image class="- topic/image " href="lau1443695348699.svg" placement="inline">
          <alt class="- topic/alt ">TRCEVENTCTL0R bit assignments</alt>
        </image>
      </fig>
      <dl class="- topic/dl ">
        <dlentry class="- topic/dlentry ">
          <dt class="- topic/dt ">TYPE3, [31]</dt>
          <dd class="- topic/dd "><p class="- topic/p ">Selects the resource type for trace event 3:</p><dl class="- topic/dl " compact="yes" outputclass="termwidthpc8">
              <dlentry class="- topic/dlentry ">
                <dt class="- topic/dt "><codeph class="+ topic/ph pr-d/codeph ">0</codeph></dt>
                <dd class="- topic/dd ">Single selected resource.</dd>
              </dlentry>
              <dlentry class="- topic/dlentry ">
                <dt class="- topic/dt "><codeph class="+ topic/ph pr-d/codeph ">1</codeph></dt>
                <dd class="- topic/dd ">Boolean combined resource pair.</dd>
              </dlentry>
            </dl></dd>
        </dlentry>
        <dlentry class="- topic/dlentry ">
          <dt class="- topic/dt ">RES0, [30:28]</dt>
          <dd class="- topic/dd ">
            <dl class="- topic/dl " compact="yes" outputclass="termwidthpc8">
              <dlentry class="- topic/dlentry ">
                <dt class="- topic/dt "><term class="- topic/term " outputclass="archterm">res0</term></dt>
                <dd class="- topic/dd ">Reserved.</dd>
              </dlentry>
            </dl>
          </dd>
        </dlentry>
        <dlentry class="- topic/dlentry ">
          <dt class="- topic/dt ">SEL3, [27:24]</dt>
          <dd class="- topic/dd "><p class="- topic/p ">Selects the resource number, based on the value of
              TYPE3:</p><p class="- topic/p ">When TYPE3 is 0, selects a single selected resource from
              0-15 defined by bits[3:0].</p><p class="- topic/p ">When TYPE3 is 1, selects a Boolean
              combined resource pair from 0-7 defined by bits[2:0].</p></dd>
        </dlentry>
        <dlentry class="- topic/dlentry ">
          <dt class="- topic/dt ">TYPE2, [23]</dt>
          <dd class="- topic/dd "><p class="- topic/p ">Selects the resource type for trace event 2:</p><dl class="- topic/dl " compact="yes" outputclass="termwidthpc8">
              <dlentry class="- topic/dlentry ">
                <dt class="- topic/dt "><codeph class="+ topic/ph pr-d/codeph ">0</codeph></dt>
                <dd class="- topic/dd ">Single selected resource.</dd>
              </dlentry>
              <dlentry class="- topic/dlentry ">
                <dt class="- topic/dt "><codeph class="+ topic/ph pr-d/codeph ">1</codeph></dt>
                <dd class="- topic/dd ">Boolean combined resource pair.</dd>
              </dlentry>
            </dl></dd>
        </dlentry>
        <dlentry class="- topic/dlentry ">
          <dt class="- topic/dt ">RES0, [22:20]</dt>
          <dd class="- topic/dd ">
            <dl class="- topic/dl " compact="yes" outputclass="termwidthpc8">
              <dlentry class="- topic/dlentry ">
                <dt class="- topic/dt "><term class="- topic/term " outputclass="archterm">res0</term></dt>
                <dd class="- topic/dd ">Reserved.</dd>
              </dlentry>
            </dl>
          </dd>
        </dlentry>
        <dlentry class="- topic/dlentry ">
          <dt class="- topic/dt ">SEL2, [19:16]</dt>
          <dd class="- topic/dd "><p class="- topic/p ">Selects the resource number, based on the value of
              TYPE2:</p><p class="- topic/p ">When TYPE2 is 0, selects a single selected resource from
              0-15 defined by bits[3:0].</p><p class="- topic/p ">When TYPE2 is 1, selects a Boolean
              combined resource pair from 0-7 defined by bits[2:0].</p></dd>
        </dlentry>
        <dlentry class="- topic/dlentry ">
          <dt class="- topic/dt ">TYPE1, [15]</dt>
          <dd class="- topic/dd "><p class="- topic/p ">Selects the resource type for trace event 1:</p><dl class="- topic/dl " compact="yes" outputclass="termwidthpc8">
              <dlentry class="- topic/dlentry ">
                <dt class="- topic/dt "><codeph class="+ topic/ph pr-d/codeph ">0</codeph></dt>
                <dd class="- topic/dd ">Single selected resource.</dd>
              </dlentry>
              <dlentry class="- topic/dlentry ">
                <dt class="- topic/dt "><codeph class="+ topic/ph pr-d/codeph ">1</codeph></dt>
                <dd class="- topic/dd ">Boolean combined resource pair.</dd>
              </dlentry>
            </dl></dd>
        </dlentry>
        <dlentry class="- topic/dlentry ">
          <dt class="- topic/dt ">RES0, [14:12]</dt>
          <dd class="- topic/dd ">
            <dl class="- topic/dl " compact="yes" outputclass="termwidthpc8">
              <dlentry class="- topic/dlentry ">
                <dt class="- topic/dt "><term class="- topic/term " outputclass="archterm">res0</term></dt>
                <dd class="- topic/dd ">Reserved.</dd>
              </dlentry>
            </dl>
          </dd>
        </dlentry>
        <dlentry class="- topic/dlentry ">
          <dt class="- topic/dt ">SEL1, [11:8]</dt>
          <dd class="- topic/dd "><p class="- topic/p ">Selects the resource number, based on the value of
              TYPE1:</p><p class="- topic/p ">When TYPE1 is 0, selects a single selected resource from
              0-15 defined by bits[3:0].</p><p class="- topic/p ">When TYPE1 is 1, selects a Boolean
              combined resource pair from 0-7 defined by bits[2:0].</p></dd>
        </dlentry>
        <dlentry class="- topic/dlentry ">
          <dt class="- topic/dt ">TYPE0, [7]</dt>
          <dd class="- topic/dd "><p class="- topic/p ">Selects the resource type for trace event 0:</p><dl class="- topic/dl " compact="yes" outputclass="termwidthpc8">
              <dlentry class="- topic/dlentry ">
                <dt class="- topic/dt "><codeph class="+ topic/ph pr-d/codeph ">0</codeph></dt>
                <dd class="- topic/dd ">Single selected resource.</dd>
              </dlentry>
              <dlentry class="- topic/dlentry ">
                <dt class="- topic/dt "><codeph class="+ topic/ph pr-d/codeph ">1</codeph></dt>
                <dd class="- topic/dd ">Boolean combined resource pair.</dd>
              </dlentry>
            </dl></dd>
        </dlentry>
        <dlentry class="- topic/dlentry ">
          <dt class="- topic/dt ">RES0, [6:4]</dt>
          <dd class="- topic/dd ">
            <dl class="- topic/dl " compact="yes" outputclass="termwidthpc8">
              <dlentry class="- topic/dlentry ">
                <dt class="- topic/dt "><term class="- topic/term " outputclass="archterm">res0</term></dt>
                <dd class="- topic/dd ">Reserved.</dd>
              </dlentry>
            </dl>
          </dd>
        </dlentry>
        <dlentry class="- topic/dlentry ">
          <dt class="- topic/dt ">SEL0, [3:0]</dt>
          <dd class="- topic/dd "><p class="- topic/p ">Selects the resource number, based on the value
              of TYPE0:</p><p class="- topic/p ">When TYPE0 is 0, selects a single selected resource
              from 0-15 defined by bits[3:0].</p><p class="- topic/p ">When TYPE0 is 1, selects a
              Boolean combined resource pair from 0-7 defined by bits[2:0].</p></dd>
        </dlentry>
      </dl>
      <p class="- topic/p ">Bit fields and details not provided in this description are
        architecturally defined. See the <cite class="- topic/cite "><ph class="- topic/ph ">
                            <keyword class="- topic/keyword "><tm class="- topic/tm " tmtype="reg">Arm</tm></keyword> Architecture Reference Manual <keyword class="- topic/keyword ">Arm</keyword>v8, for <keyword class="- topic/keyword ">Arm</keyword>v8-A architecture profile</ph></cite>.</p>
      <p class="- topic/p ">The TRCEVENTCTL0R can be accessed through the external debug interface,
        offset <codeph class="+ topic/ph pr-d/codeph "><ph class="- topic/ph " otherprops="g.number.hex">020</ph></codeph>.</p>
      
    </section>
  </refbody>
</reference>