<?xml version="1.0" encoding="UTF-8"?>
<!DOCTYPE reference
  PUBLIC "-//OASIS//DTD DITA Reference//EN" "reference.dtd">
<reference xmlns:ditaarch="http://dita.oasis-open.org/architecture/2005/" class="- topic/topic       reference/reference " ditaarch:DITAArchVersion="1.2" id="lau1443448134151" xml:lang="en-us">
  <title class="- topic/title " id="TitleSystemControlRegister_EL2">SCTLR_EL2, System Control Register, EL2</title>
  <shortdesc class="- topic/shortdesc ">The SCTLR_EL2 provides top-level control of the system, including its
    memory system at EL2.</shortdesc>
  <prolog class="- topic/prolog ">
    <permissions class="- topic/permissions " view="nonconfidential"/>
    
  </prolog>
  <refbody class="- topic/body        reference/refbody ">
    <section class="- topic/section ">
      <title class="- topic/title ">Bit field descriptions</title>
      <p class="- topic/p ">SCTLR_EL2 is a 32-bit register, and is part of:</p>
      
      <ul class="- topic/ul " id="ul_s22_bpm_tv">
        <li class="- topic/li ">The Virtualization registers functional group.</li>
        <li class="- topic/li ">The Other system control registers functional group.</li>
      </ul>
      <fig class="- topic/fig " id="fig_s1q_3pm_tv">
        <title class="- topic/title ">SCTLR_EL2 bit assignments</title>
        <image class="- topic/image " href="lau1443448158961.svg" id="image_sfq_3pm_tv" placement="inline">
          <alt class="- topic/alt ">SCTLR_EL2 bit assignments</alt>
        </image>
      </fig>
      
      
      <p class="- topic/p ">This register resets to <ph class="- topic/ph " otherprops="g.number.hex">30C50838</ph>.</p>
      <dl class="- topic/dl ">
        
      </dl>
     
      <dl class="- topic/dl ">
        <dlentry class="- topic/dlentry ">
          <dt class="- topic/dt ">Configurations</dt>
          <dd class="- topic/dd ">
            
            <p class="- topic/p ">If EL2 is not implemented, this register is <term class="- topic/term " outputclass="archterm">RES0</term> from EL3.</p>
            <p class="- topic/p ">Bit fields and details that are not provided in this description
              are architecturally defined. See the <cite class="- topic/cite "><ph class="- topic/ph ">
                            <keyword class="- topic/keyword "><tm class="- topic/tm " tmtype="reg">Arm</tm></keyword> Architecture Reference Manual <keyword class="- topic/keyword ">Arm</keyword>v8, for <keyword class="- topic/keyword ">Arm</keyword>v8-A architecture profile</ph></cite>.</p>

          </dd>
        </dlentry>
      </dl>
    </section>
    
    
  </refbody>
</reference>