<?xml version="1.0" encoding="UTF-8"?>
<!DOCTYPE reference
  PUBLIC "-//OASIS//DTD DITA Reference//EN" "reference.dtd">
<reference xmlns:ditaarch="http://dita.oasis-open.org/architecture/2005/" class="- topic/topic       reference/reference " ditaarch:DITAArchVersion="1.2" id="lau1443696192648" xml:lang="en-us">
  <title class="- topic/title ">TRCVIIECTLR, ViewInst Include-Exclude Control Register</title>
  <shortdesc class="- topic/shortdesc ">The TRCVIIECTLR defines the address range comparators that control the
    ViewInst Include/Exclude control.</shortdesc>
  <prolog class="- topic/prolog ">
    <permissions class="- topic/permissions " view="nonconfidential"/>
  </prolog>
  <refbody class="- topic/body        reference/refbody ">
    <section class="- topic/section ">
      <title class="- topic/title ">Bit field descriptions</title>
      <p class="- topic/p ">The TRCVIIECTLR is a 32-bit register.</p>
      <fig class="- topic/fig ">
        <title class="- topic/title ">TRCVIIECTLR bit assignments</title>
        <image class="- topic/image " href="lau1443696238056.svg" placement="inline">
          <alt class="- topic/alt ">TRCVIIECTLR bit assignments</alt>
        </image>
      </fig>
      <dl class="- topic/dl ">
        <dlentry class="- topic/dlentry ">
          <dt class="- topic/dt ">RES0, [31:20]</dt>
          <dd class="- topic/dd ">
            <dl class="- topic/dl " compact="yes" outputclass="termwidthpc8">
              <dlentry class="- topic/dlentry ">
                <dt class="- topic/dt "><term class="- topic/term " outputclass="archterm">res0</term></dt>
                <dd class="- topic/dd ">Reserved.</dd>
              </dlentry>
            </dl>
          </dd>
        </dlentry>
        <dlentry class="- topic/dlentry ">
          <dt class="- topic/dt ">EXCLUDE, [19:16]</dt>
          <dd class="- topic/dd ">Defines the address range comparators for ViewInst exclude control.
            One bit is provided for each implemented Address Range Comparator.</dd>
        </dlentry>
        <dlentry class="- topic/dlentry ">
          <dt class="- topic/dt ">RES0, [15:4]</dt>
          <dd class="- topic/dd ">
            <dl class="- topic/dl " compact="yes" outputclass="termwidthpc8">
              <dlentry class="- topic/dlentry ">
                <dt class="- topic/dt "><term class="- topic/term " outputclass="archterm">res0</term></dt>
                <dd class="- topic/dd ">Reserved.</dd>
              </dlentry>
            </dl>
          </dd>
        </dlentry>
        <dlentry class="- topic/dlentry ">
          <dt class="- topic/dt ">INCLUDE, [3:0]</dt>
          <dd class="- topic/dd "><p class="- topic/p ">Defines the address range comparators for ViewInst
              include control.</p><p class="- topic/p ">Selecting no include comparators indicates that
              all instructions must be included. The exclude control indicates which ranges must be
              excluded.</p><p class="- topic/p ">One bit is provided for each implemented Address Range
              Comparator.</p></dd>
        </dlentry>
      </dl>
      <p class="- topic/p ">Bit fields and details not provided in this description are
        architecturally defined. See the <cite class="- topic/cite "><ph class="- topic/ph ">
                            <keyword class="- topic/keyword "><tm class="- topic/tm " tmtype="reg">Arm</tm></keyword> Architecture Reference Manual <keyword class="- topic/keyword ">Arm</keyword>v8, for <keyword class="- topic/keyword ">Arm</keyword>v8-A architecture profile</ph></cite>.</p>
      <p class="- topic/p ">The TRCVIIECTLR can be accessed through the external debug interface, offset <codeph class="+ topic/ph pr-d/codeph "><ph class="- topic/ph " otherprops="g.number.hex">084</ph></codeph>.</p>
      
    </section>
  </refbody>
</reference>