<?xml version="1.0" encoding="UTF-8"?>
<!DOCTYPE reference
  PUBLIC "-//OASIS//DTD DITA Reference//EN" "reference.dtd">
<reference xmlns:ditaarch="http://dita.oasis-open.org/architecture/2005/" class="- topic/topic       reference/reference " ditaarch:DITAArchVersion="1.2" id="mev1478111638042" xml:lang="en-us">
  <title class="- topic/title ">Encoding for the L2 TLB</title>
  <titlealts class="- topic/titlealts ">
    <navtitle class="- topic/navtitle ">Encoding for the L2 TLB</navtitle>
  </titlealts>
  <shortdesc class="- topic/shortdesc ">The following section describes the encoding for L2 TLB direct accesses. </shortdesc>
  <prolog class="- topic/prolog ">
    <permissions class="- topic/permissions " view="nonconfidential"/>
    
  </prolog>
  <refbody class="- topic/body        reference/refbody ">
    <section class="- topic/section ">
      <p class="- topic/p ">The following table shows the encoding that is required to select a given
        TLB entry.</p>
      <table class="- topic/table " colsep="0" frame="topbot" rowsep="0">
        <title class="- topic/title ">L2 TLB encoding</title>
        <tgroup class="- topic/tgroup " cols="2" colsep="0" rowsep="0">
          <colspec class="- topic/colspec " colname="col1" colnum="1" colsep="0" colwidth="80pt"/>
          <colspec class="- topic/colspec " colname="col2" colnum="2" colsep="0" colwidth="180pt"/>
          <thead class="- topic/thead ">
            <row class="- topic/row " rowsep="1">
              <entry class="- topic/entry " colname="col1">Bit fields of Rd</entry>
              <entry class="- topic/entry " colname="col2">Description</entry>
            </row>
          </thead>
          <tbody class="- topic/tbody ">
            <row class="- topic/row " rowsep="1">
              <entry class="- topic/entry " colname="col1">[31:24]</entry>
              <entry class="- topic/entry " colname="col2">RAMID = <ph class="- topic/ph " otherprops="g.number.hex">18</ph></entry>
            </row>
            <row class="- topic/row " rowsep="1">
              <entry class="- topic/entry " colname="col1">[23:21]</entry>
              <entry class="- topic/entry " colname="col2">Reserved</entry>
            </row>
            <row class="- topic/row " rowsep="1">
              <entry class="- topic/entry " colname="col1">[20:18]</entry>
              <entry class="- topic/entry " colname="col2">Way
                <dl class="- topic/dl " compact="yes">
                  <dlentry class="- topic/dlentry ">
                    <dt class="- topic/dt ">000</dt>
                    <dd class="- topic/dd ">way0</dd>
                  </dlentry>
                  <dlentry class="- topic/dlentry ">
                    <dt class="- topic/dt ">001</dt>
                    <dd class="- topic/dd ">way1</dd>
                  </dlentry>
                  <dlentry class="- topic/dlentry ">
                    <dt class="- topic/dt ">010</dt>
                    <dd class="- topic/dd ">way2</dd>
                  </dlentry>
                  <dlentry class="- topic/dlentry ">
                    <dt class="- topic/dt ">011</dt>
                    <dd class="- topic/dd ">way3</dd>
                  </dlentry>
                  <dlentry class="- topic/dlentry ">
                    <dt class="- topic/dt ">100</dt>
                    <dd class="- topic/dd ">way4</dd>
                  </dlentry>                
                </dl>
              </entry>
            </row>
            <row class="- topic/row " rowsep="1">
              <entry class="- topic/entry " colname="col1">[17:8]</entry>
              <entry class="- topic/entry " colname="col2">Reserved</entry>
            </row>
            <row class="- topic/row " rowsep="0">
              <entry class="- topic/entry " colname="col1">[7:0]</entry>
              <entry class="- topic/entry " colname="col2">Index</entry>
            </row>
          </tbody>
        </tgroup>
      </table>

      <p class="- topic/p ">The following table shows the data that is returned from accessing the L2
        TLB.</p>
      <table class="- topic/table ">
        <title class="- topic/title ">L2 TLB format</title>
        <tgroup class="- topic/tgroup " cols="3">
          <colspec class="- topic/colspec " colname="col1" colnum="1" colwidth="1.02*"/>
          <colspec class="- topic/colspec " colname="col2" colnum="2" colwidth="1*"/>
          <colspec class="- topic/colspec " colname="col3" colnum="3" colwidth="1*"/>
          <thead class="- topic/thead ">
            <row class="- topic/row ">
              <entry class="- topic/entry " colname="col1">Register</entry>
              <entry class="- topic/entry " colname="col2">Bit field</entry>
              <entry class="- topic/entry " colname="col3">Description</entry>
            </row>
          </thead>
          <tbody class="- topic/tbody ">
            <row class="- topic/row ">
              <entry class="- topic/entry " colname="col1" morerows="12">Instruction Register 0</entry>
              <entry class="- topic/entry " colname="col2">[63:59]</entry>
              <entry class="- topic/entry " colname="col3">
                <p class="- topic/p ">Reserved</p>
              </entry>
            </row>
            <row class="- topic/row ">
              <entry class="- topic/entry " colname="col2">[58]</entry>
              <entry class="- topic/entry " colname="col3">Non-global</entry>
            </row>
            <row class="- topic/row ">
              <entry class="- topic/entry " colname="col2">[57]</entry>
              <entry class="- topic/entry " colname="col3">Outer-shared</entry>
            </row>
            <row class="- topic/row ">
              <entry class="- topic/entry " colname="col2">[56]</entry>
              <entry class="- topic/entry " colname="col3">Inner-shared</entry>
            </row>
            <row class="- topic/row ">
              <entry class="- topic/entry " colname="col2">[55]</entry>
              <entry class="- topic/entry " colname="col3">Reserved</entry>
            </row>
            <row class="- topic/row ">
              <entry class="- topic/entry " colname="col2">[54:52]</entry>
              <entry class="- topic/entry " colname="col3">
                <p class="- topic/p ">Memory attributes:</p>
                <dl class="- topic/dl " compact="yes">
                  <dlentry class="- topic/dlentry ">
                    <dt class="- topic/dt ">000</dt>
                    <dd class="- topic/dd ">Device nGnRnE</dd>
                  </dlentry>
                  <dlentry class="- topic/dlentry ">
                    <dt class="- topic/dt ">001</dt>
                    <dd class="- topic/dd ">Device nGnRE</dd>
                  </dlentry>
                  <dlentry class="- topic/dlentry ">
                    <dt class="- topic/dt ">010</dt>
                    <dd class="- topic/dd ">Device nGRE</dd>
                  </dlentry>
                  <dlentry class="- topic/dlentry ">
                    <dt class="- topic/dt ">011</dt>
                    <dd class="- topic/dd ">Device GRE</dd>
                  </dlentry>
                  <dlentry class="- topic/dlentry ">
                    <dt class="- topic/dt ">100</dt>
                    <dd class="- topic/dd ">Non-cacheable</dd>
                  </dlentry>
                  <dlentry class="- topic/dlentry ">
                    <dt class="- topic/dt ">101</dt>
                    <dd class="- topic/dd ">Write-Back No-Allocate</dd>
                  </dlentry>
                  <dlentry class="- topic/dlentry ">
                    <dt class="- topic/dt ">110</dt>
                    <dd class="- topic/dd ">Write-Back Transient</dd>
                  </dlentry>
                  <dlentry class="- topic/dlentry ">
                    <dt class="- topic/dt ">111</dt>
                    <dd class="- topic/dd ">Write-Back Read-Allocate and Write-Allocate </dd>
                  </dlentry>
                </dl>
              </entry>
            </row>
            <row class="- topic/row ">
              <entry class="- topic/entry " colname="col2">[51:48]</entry>
              <entry class="- topic/entry " colname="col3">
                <p class="- topic/p ">Reserved</p>
              </entry>
            </row>
            <row class="- topic/row ">
              <entry class="- topic/entry " colname="col2">[47:20]</entry>
              <entry class="- topic/entry " colname="col3">Physical address [39:12]</entry>
            </row>
            <row class="- topic/row ">
              <entry class="- topic/entry " colname="col2">[19:17]</entry>
              <entry class="- topic/entry " colname="col3">
                <p class="- topic/p ">Page size:</p>
                <dl class="- topic/dl " compact="yes">
                  <dlentry class="- topic/dlentry ">
                    <dt class="- topic/dt ">000</dt>
                    <dd class="- topic/dd ">4KB</dd>
                  </dlentry>
                  <dlentry class="- topic/dlentry ">
                    <dt class="- topic/dt ">001</dt>
                    <dd class="- topic/dd ">16KB</dd>
                  </dlentry>
                  <dlentry class="- topic/dlentry ">
                    <dt class="- topic/dt ">010</dt>
                    <dd class="- topic/dd ">64KB</dd>
                  </dlentry>
                  <dlentry class="- topic/dlentry ">
                    <dt class="- topic/dt ">011</dt>
                    <dd class="- topic/dd ">256KB</dd>
                  </dlentry>
                  <dlentry class="- topic/dlentry ">
                    <dt class="- topic/dt ">100</dt>
                    <dd class="- topic/dd ">2MB</dd>
                  </dlentry>
                  <dlentry class="- topic/dlentry ">
                    <dt class="- topic/dt ">101</dt>
                    <dd class="- topic/dd ">32MB</dd>
                  </dlentry>
                  <dlentry class="- topic/dlentry ">
                    <dt class="- topic/dt ">110</dt>
                    <dd class="- topic/dd ">512MB</dd>
                  </dlentry>
                  <dlentry class="- topic/dlentry ">
                    <dt class="- topic/dt ">111</dt>
                    <dd class="- topic/dd ">1GB</dd>
                  </dlentry>
                </dl>
              </entry>
            </row>
            <row class="- topic/row ">
              <entry class="- topic/entry " colname="col2">[16:7]</entry>
              <entry class="- topic/entry " colname="col3">Reserved</entry>
            </row>
            <row class="- topic/row ">
              <entry class="- topic/entry " colname="col2">[6]</entry>
              <entry class="- topic/entry " colname="col3">Indicates that the entry is coalesced and holds translations for four contiguous pages</entry>
            </row>
            <row class="- topic/row ">
              <entry class="- topic/entry " colname="col2">[5:2]</entry>
              <entry class="- topic/entry " colname="col3">This bit field contains the valid bits for four contiguous pages. If the entry is non-coalesced, then <ph class="- topic/ph " otherprops="g.number.bin">0001</ph> indicates a valid entry.</entry>
            </row>
            <row class="- topic/row ">
              <entry class="- topic/entry " colname="col2">[1:0]</entry>
              <entry class="- topic/entry " colname="col3">Reserved</entry>
            </row>
            <row class="- topic/row ">
              <entry class="- topic/entry " colname="col1" morerows="6">Instruction Register 1</entry>
              <entry class="- topic/entry " colname="col2">[63:54]</entry>
              <entry class="- topic/entry " colname="col3">
                <p class="- topic/p ">VMID [9:0]</p>
              </entry>
            </row>
            <row class="- topic/row ">
              <entry class="- topic/entry " colname="col2">[53:38]</entry>
              <entry class="- topic/entry " colname="col3">ASID [15:0]</entry>
            </row>
            <row class="- topic/row ">
              <entry class="- topic/entry " colname="col2">[37]</entry>
              <entry class="- topic/entry " colname="col3">Walk cache entry</entry>
            </row>
            <row class="- topic/row ">
              <entry class="- topic/entry " colname="col2">[36]</entry>
              <entry class="- topic/entry " colname="col3">Prefetched translation</entry>
            </row>
            <row class="- topic/row ">
              <entry class="- topic/entry " colname="col2">[35:7]</entry>
              <entry class="- topic/entry " colname="col3">Virtual address [48:20]</entry>
            </row>
            <row class="- topic/row ">
              <entry class="- topic/entry " colname="col2">[6]</entry>
              <entry class="- topic/entry " colname="col3">Non-secure</entry>
            </row>
            <row class="- topic/row ">
              <entry class="- topic/entry " colname="col2">[5:0]</entry>
              <entry class="- topic/entry " colname="col3">Reserved</entry>
            </row>
            <row class="- topic/row ">
              <entry class="- topic/entry " colname="col1" morerows="2">Instruction Register 2</entry>
              <entry class="- topic/entry " colname="col2">[63:8]</entry>
              <entry class="- topic/entry " colname="col3">
                <p class="- topic/p ">Reserved</p>
              </entry>
            </row>
            <row class="- topic/row ">
              <entry class="- topic/entry " colname="col2">[7:6]</entry>
              <entry class="- topic/entry " colname="col3">
                <p class="- topic/p ">Translation regime:</p>
                <dl class="- topic/dl " compact="yes">
                  <dlentry class="- topic/dlentry ">
                    <dt class="- topic/dt ">00</dt>
                    <dd class="- topic/dd ">Secure EL1</dd>
                  </dlentry>
                  <dlentry class="- topic/dlentry ">
                    <dt class="- topic/dt ">01</dt>
                    <dd class="- topic/dd ">EL3</dd>
                  </dlentry>
                  <dlentry class="- topic/dlentry ">
                    <dt class="- topic/dt ">10</dt>
                    <dd class="- topic/dd ">Non-secure EL1</dd>
                  </dlentry>
                  <dlentry class="- topic/dlentry ">
                    <dt class="- topic/dt ">11</dt>
                    <dd class="- topic/dd ">EL2</dd>
                  </dlentry>
                </dl>
              </entry>
            </row>
            <row class="- topic/row ">
              <entry class="- topic/entry " colname="col2">[5:0]</entry>
              <entry class="- topic/entry " colname="col3">VMID [15:10] </entry>
            </row>
          </tbody>
        </tgroup>
      </table>
      
      
    </section>
  </refbody>
</reference>