<?xml version="1.0" encoding="UTF-8"?>
<!DOCTYPE referable-content
  PUBLIC "-//OASIS//DTD DITA Topic//EN" "topic.dtd">
<referable-content xmlns:ditaarch="http://dita.oasis-open.org/architecture/2005/" id="mqt1504131318068" xml:lang="en-us" ditaarch:DITAArchVersion="1.2" class="- topic/topic referable-content/referable-content ">
	<title class="- topic/title ">[ARM STANDARD] Product name content for Deimos</title>
	<rcbody class="- topic/body referable-content/body ">
		<shortdesc class="- topic/shortdesc "><ph class="- topic/ph "><keyword class="- topic/keyword ">Deimos</keyword></ph> product name and trade mark attribution.</shortdesc>
		
		<table class="- topic/table ">
			<title class="- topic/title ">[ARM STANDARD] Product name content for Deimos</title>
			<tgroup cols="3" class="- topic/tgroup ">
				<colspec colnum="1" colwidth="1.52*" class="- topic/colspec " colname="col1"/>
				<colspec colname="col2" colwidth="1*" class="- topic/colspec " colnum="2"/>
				<colspec colname="col3" colwidth="2.05*" class="- topic/colspec " colnum="3"/>
				<thead class="- topic/thead ">
					<row class="- topic/row ">
						<entry class="- topic/entry " colname="col1">Description</entry>
						<entry class="- topic/entry " colname="col2">Source</entry>
						<entry class="- topic/entry " colname="col3">Element and ID</entry>
					</row>
				</thead>
				<tbody class="- topic/tbody ">
					<row class="- topic/row ">
						<entry class="- topic/entry " colname="col1">Long Name</entry>
						<entry class="- topic/entry " colname="col2"><ph id="g.product.name.long" class="- topic/ph "><keyword class="- topic/keyword ">Deimos</keyword></ph></entry>
						<entry class="- topic/entry " colname="col3">&lt;ph id="g.product.name.long"&gt;</entry>
					</row>
					<row class="- topic/row ">
						<entry class="- topic/entry " colname="col1">Long Name (lowercase)</entry>
						<entry class="- topic/entry " colname="col2"><ph id="g.product.name.small" class="- topic/ph "><keyword class="- topic/keyword ">deimos</keyword></ph></entry>
						<entry class="- topic/entry " colname="col3">&lt;ph id="g.product.name.small"&gt;</entry>
					</row>
					<row class="- topic/row ">
						<entry class="- topic/entry " colname="col1">Short Name</entry>
						<entry class="- topic/entry " colname="col2"><keyword id="g.product.name.short" class="- topic/keyword ">Deimos</keyword></entry>
						<entry class="- topic/entry " colname="col3">&lt;keyword id="g.product.name.short"&gt;</entry>
					</row>
					<row class="- topic/row ">
						<entry class="- topic/entry " colname="col1">Code name</entry>
						<entry class="- topic/entry " colname="col2"><keyword id="g.product.name.code" class="- topic/keyword ">deimos</keyword></entry>
						<entry class="- topic/entry " colname="col3">&lt;keyword id="g.product.name.code"&gt;</entry>
					</row>
					<row class="- topic/row ">
						<entry class="- topic/entry " colname="col1">Short name, but in APACHE it will appear as
							"core"</entry>
						<entry class="- topic/entry " colname="col2"><keyword id="g.product.name.fcmorprocessor" class="- topic/keyword ">core</keyword></entry>
						<entry class="- topic/entry " colname="col3">&lt;keyword
							id="g.product.name.fcmorprocessor"&gt;</entry>
					</row>
					<row class="- topic/row ">
						<entry class="- topic/entry " colname="col1">Short name, but in APACHE it will appear as
							"multiprocessor"</entry>
						<entry class="- topic/entry " colname="col2"><keyword id="g.product.name.fcmormultiprocessor" class="- topic/keyword ">multiprocessor</keyword></entry>
						<entry class="- topic/entry " colname="col3">&lt;keyword
							id="g.product.name.fcmormultiprocessor"&gt;</entry>
					</row>
					<row class="- topic/row ">
						<entry class="- topic/entry " colname="col1">Code Name all CAPS</entry>
						<entry class="- topic/entry " colname="col2"><keyword id="g.product.name.code.allcaps" class="- topic/keyword ">DEIMOS</keyword></entry>
						<entry class="- topic/entry " colname="col3">&lt;keyword id="g.product.name.code.allcaps"&gt;</entry>
					</row>
					<row class="- topic/row ">
						<entry class="- topic/entry " colname="col1">Code Name word capitalized</entry>
						<entry class="- topic/entry " colname="col2"><keyword id="g.product.name.code.capital" class="- topic/keyword ">Deimos</keyword></entry>
						<entry class="- topic/entry " colname="col3">&lt;keyword id="g.product.name.code.capital"&gt;</entry>
					</row>
				</tbody>
			</tgroup>
		</table>
		<note class="- topic/note ">All code name keys remain with the product code name and do not change when the product name
			changes to the marketing product name.</note>
		
	</rcbody>
</referable-content>