<?xml version="1.0" encoding="UTF-8"?>
<!DOCTYPE reference
  PUBLIC "-//OASIS//DTD DITA Reference//EN" "reference.dtd">
<reference xmlns:ditaarch="http://dita.oasis-open.org/architecture/2005/" class="- topic/topic       reference/reference " ditaarch:DITAArchVersion="1.2" id="nbo1473840335573" xml:lang="en-us">
	<title class="- topic/title ">ID_AA64AFR1_EL1, AArch64 Auxiliary Feature Register 1</title>
	<shortdesc class="- topic/shortdesc ">The core does not use this register, ID_AA64AFR0_EL1 is <term class="- topic/term " outputclass="archterm">RES0</term>.</shortdesc>
	<prolog class="- topic/prolog "><permissions class="- topic/permissions " view="nonconfidential"/></prolog>
	<refbody class="- topic/body        reference/refbody ">
		<section class="- topic/section ">
			<p class="- topic/p "/>
		</section>
	</refbody>
</reference>