<?xml version="1.0" encoding="UTF-8"?>
<!DOCTYPE reference
  PUBLIC "-//OASIS//DTD DITA Reference//EN" "reference.dtd">
<reference xmlns:ditaarch="http://dita.oasis-open.org/architecture/2005/" class="- topic/topic       reference/reference " ditaarch:DITAArchVersion="1.2" id="orf1483602317618" xml:lang="en-us">
	<title class="- topic/title ">AMUSERENR_EL0, Activity Monitor EL0 Enable access, EL0</title>
	<shortdesc class="- topic/shortdesc ">The AMUSERENR_EL0 enables or disables EL0 access to the activity
		monitors. </shortdesc>
	<prolog class="- topic/prolog ">
		<permissions class="- topic/permissions " view="nonconfidential"/>
	</prolog>
	<refbody class="- topic/body        reference/refbody ">
		<section class="- topic/section ">
			<title class="- topic/title ">Bit field descriptions</title>
			<p class="- topic/p ">The AMUSERENR_EL0 is a 32-bit register.</p>
			<fig class="- topic/fig ">
				<title class="- topic/title ">MUSERENR_EL0 bit assignments</title>
				<image class="- topic/image " href="yau1483603047335.svg" placement="inline">
					<alt class="- topic/alt ">AMUSERENR_EL0 bit assignments</alt>
				</image>
			</fig>
			<dl class="- topic/dl ">
				<dlentry class="- topic/dlentry ">
					<dt class="- topic/dt ">RES0, [31:1]</dt>
					<dd class="- topic/dd ">Reserved, <term class="- topic/term " outputclass="archterm">RES0</term>.</dd>
				</dlentry>
				<dlentry class="- topic/dlentry ">
					<dt class="- topic/dt ">EN, [0]</dt>
					<dd class="- topic/dd ">
						<p class="- topic/p ">Traps EL0 accesses to the activity monitor registers to
							EL1. The possible values are:</p>
						<dl class="- topic/dl " compact="yes" outputclass="termwidthpc10">
							<dlentry class="- topic/dlentry ">
								<dt class="- topic/dt ">0</dt>
								<dd class="- topic/dd ">EL0 accesses to the activity monitor registers
									are trapped to EL1.</dd>
							</dlentry>
							<dlentry class="- topic/dlentry ">
								<dt class="- topic/dt ">1</dt>
								<dd class="- topic/dd ">EL0 accesses to the activity monitor registers
									are not trapped to EL1. Software can access all activity monitor
									registers at EL0.</dd>
							</dlentry>
						</dl>
					</dd>
				</dlentry>
			</dl>
			<dl class="- topic/dl ">
				<dlentry class="- topic/dlentry ">
					<dt class="- topic/dt ">Configurations</dt>
					<dd class="- topic/dd ">There are no configuration notes.</dd>
				</dlentry>
			</dl>
		</section>
		<section class="- topic/section ">
			<title class="- topic/title ">Usage constraints </title>
			<dl class="- topic/dl ">
				<dlentry class="- topic/dlentry ">
					<dt class="- topic/dt ">Accessing the AMUSERENR_EL0</dt>
					<dd class="- topic/dd ">
						<p class="- topic/p ">To access the AMUSERENR_EL0:</p>
						<codeblock class="+ topic/pre pr-d/codeblock " xml:space="preserve">MRS &lt;Xt&gt;, AMUSERENR_EL0 ; Read AMUSERENR_EL0 into Xt
MSR AMUSERENR_EL0, &lt;Xt&gt; ; Write Xt to AMUSERENR_EL0</codeblock>
						<p class="- topic/p ">Register access is encoded as follows:</p>
						<table class="- topic/table ">
							<title class="- topic/title ">AMUSERENR_EL0 encoding</title>
							<tgroup class="- topic/tgroup " cols="5" colsep="0" rowsep="0">
								<colspec class="- topic/colspec " colname="col1" colnum="1" colsep="0"/>
								<colspec class="- topic/colspec " colname="col2" colnum="2" colsep="0"/>
								<colspec class="- topic/colspec " colname="col3" colnum="3" colsep="0"/>
								<colspec class="- topic/colspec " colname="col4" colnum="4" colsep="0"/>
								<colspec class="- topic/colspec " colname="col5" colnum="5" colsep="0"/>
								<thead class="- topic/thead ">
									<row class="- topic/row ">
										<entry class="- topic/entry " colname="col1">op0</entry>
										<entry class="- topic/entry " colname="col2">op1</entry>
										<entry class="- topic/entry " colname="col3">CRn</entry>
										<entry class="- topic/entry " colname="col4">CRm</entry>
										<entry class="- topic/entry " colname="col5">op2</entry>
									</row>
								</thead>
								<tbody class="- topic/tbody ">
									<row class="- topic/row ">
										<entry class="- topic/entry " colname="col1">11</entry>
										<entry class="- topic/entry " colname="col2">011</entry>
										<entry class="- topic/entry " colname="col3">1111</entry>
										<entry class="- topic/entry " colname="col4">1010</entry>
										<entry class="- topic/entry " colname="col5">111</entry>
									</row>
								</tbody>
							</tgroup>
						</table>
						<p class="- topic/p ">This register is accessible as follows:</p>
						<table class="- topic/table ">
							<tgroup class="- topic/tgroup " cols="4" colsep="0" rowsep="0">
								<colspec class="- topic/colspec " colname="col1" colnum="1" colsep="0"/>
								<colspec class="- topic/colspec " colname="col2" colnum="2" colsep="0"/>
								<colspec class="- topic/colspec " colname="col3" colnum="3" colsep="0"/>
								<colspec class="- topic/colspec " colname="col4" colnum="4" colsep="0"/>
								<thead class="- topic/thead ">
									<row class="- topic/row ">
										<entry class="- topic/entry " colname="col1">EL0</entry>
										<entry class="- topic/entry " colname="col2">EL1</entry>
										<entry class="- topic/entry " colname="col3">EL2</entry>
										<entry class="- topic/entry " colname="col4">EL3</entry>
									</row>
								</thead>
								<tbody class="- topic/tbody ">
									<row class="- topic/row ">
										<entry class="- topic/entry " colname="col1">RO</entry>
										<entry class="- topic/entry " colname="col2">RW</entry>
										<entry class="- topic/entry " colname="col3">RW</entry>
										<entry class="- topic/entry " colname="col4">RW</entry>
									</row>
								</tbody>
							</tgroup>
						</table>
						<note class="- topic/note ">AMUSERENR_EL0 is always RO at EL0 and not trapped by the EN bit.</note>
					</dd>
				</dlentry>
			</dl>
			<dl class="- topic/dl ">
				<dlentry class="- topic/dlentry ">
					<dt class="- topic/dt ">Traps and enables</dt>
					<dd class="- topic/dd ">
						<p class="- topic/p ">If <ph class="- topic/ph ">ACTLR_EL2.AMEN</ph> is 0, then Non-secure accesses to this register from EL0 and EL1 are trapped to EL2.</p>
						<p class="- topic/p ">If <ph class="- topic/ph ">ACTLR_EL3.AMEN</ph> is 0, then accesses to this register from EL0, EL1, and EL2 are trapped to EL3.</p>
					</dd>
				</dlentry>
			</dl>
		</section>
	</refbody>
</reference>