<?xml version="1.0" encoding="UTF-8"?>
<!DOCTYPE reference
  PUBLIC "-//OASIS//DTD DITA Reference//EN" "reference.dtd">
<reference xmlns:ditaarch="http://dita.oasis-open.org/architecture/2005/" class="- topic/topic       reference/reference " ditaarch:DITAArchVersion="1.2" id="pat1468595280250" xml:lang="en-us">
	<title class="- topic/title ">Revisions</title>
	<titlealts class="- topic/titlealts "><navtitle class="- topic/navtitle ">Revisions</navtitle></titlealts>
	 
	<shortdesc class="- topic/shortdesc ">Read this for a description of the technical changes between released issues of this book.</shortdesc>
	<prolog class="- topic/prolog "><permissions class="- topic/permissions " view="nonconfidential"/></prolog>
	<refbody class="- topic/body        reference/refbody ">
		<section class="- topic/section ">
		</section>
	</refbody>
</reference>