<?xml version="1.0" encoding="UTF-8"?>
<!DOCTYPE reference
  PUBLIC "-//OASIS//DTD DITA Reference//EN" "reference.dtd">
<reference xmlns:ditaarch="http://dita.oasis-open.org/architecture/2005/" class="- topic/topic       reference/reference " ditaarch:DITAArchVersion="1.2" id="pat1466437487351" xml:lang="en-us">
  <title class="- topic/title ">TRCVMIDCVR0, VMID Comparator Value Register 0</title>
  <titlealts class="- topic/titlealts "><navtitle class="- topic/navtitle ">TRCVMIDCVR0, VMID Comparator Value Register 0</navtitle></titlealts>
  <shortdesc class="- topic/shortdesc ">The TRCVMIDCVR0 contains a VMID value.</shortdesc>
  <prolog class="- topic/prolog ">
    <permissions class="- topic/permissions " view="nonconfidential"/>
  </prolog>
  <refbody class="- topic/body        reference/refbody ">
    <section class="- topic/section ">
      <title class="- topic/title ">Bit field descriptions</title>
      <fig class="- topic/fig ">
        <title class="- topic/title ">TRCVMIDCVR0 bit assignments</title>
        <image class="- topic/image " href="pat1466438360178.svg" placement="inline">
          <alt class="- topic/alt ">TRCVMIDCVR0 bit assignments</alt>
        </image>
      </fig>
      <dl class="- topic/dl ">
        <dlentry class="- topic/dlentry ">
          <dt class="- topic/dt ">RES0, [63:32]</dt>
          <dd class="- topic/dd ">
            <dl class="- topic/dl " compact="yes" outputclass="termwidthpc8">
              <dlentry class="- topic/dlentry ">
                <dt class="- topic/dt "><term class="- topic/term " outputclass="archterm">res0</term></dt>
                <dd class="- topic/dd ">Reserved.</dd>
              </dlentry>
            </dl>
          </dd>
        </dlentry>
      </dl>
      <dl class="- topic/dl ">
        <dlentry class="- topic/dlentry ">
          <dt class="- topic/dt ">VALUE, [31:0]</dt>
          <dd class="- topic/dd ">
            <dl class="- topic/dl " compact="yes" outputclass="termwidthpc8">
              <dlentry class="- topic/dlentry ">
                <dt class="- topic/dt "/>
                <dd class="- topic/dd ">The VMID
                  value.</dd>
              </dlentry>
            </dl>
          </dd>
        </dlentry>
      </dl>
      <p class="- topic/p ">The TRCVMIDCVR0 can be accessed through the internal memory-mapped
        interface and the external debug interface, offset <codeph class="+ topic/ph pr-d/codeph "><ph class="- topic/ph " otherprops="g.number.hex">640</ph></codeph>.</p>
      <dl class="- topic/dl ">
        <dlentry class="- topic/dlentry ">
          <dt class="- topic/dt ">Usage constraints</dt>
          <dd class="- topic/dd ">Accepts writes only when the trace unit is disabled.</dd>
        </dlentry>
        <dlentry class="- topic/dlentry ">
          <dt class="- topic/dt ">Configurations</dt>
          <dd class="- topic/dd ">Available in all configurations.</dd>
        </dlentry>
      </dl>
    </section>
  </refbody>
</reference>