<?xml version="1.0" encoding="UTF-8"?>
<!DOCTYPE reference
  PUBLIC "-//OASIS//DTD DITA Reference//EN" "reference.dtd">
<reference xmlns:ditaarch="http://dita.oasis-open.org/architecture/2005/" class="- topic/topic       reference/reference " ditaarch:DITAArchVersion="1.2" id="pgr1331716423733" xml:lang="en-us">
	<title class="- topic/title ">Feedback</title>
	<titlealts class="- topic/titlealts ">
		<navtitle class="- topic/navtitle ">Feedback</navtitle>
	</titlealts>
	<shortdesc class="- topic/shortdesc "><keyword class="- topic/keyword ">Arm</keyword> welcomes feedback on this product and its documentation.</shortdesc>
	<prolog class="- topic/prolog ">
		<permissions class="- topic/permissions " view="nonconfidential"/>
	</prolog>
	<refbody class="- topic/body        reference/refbody ">
		<section class="- topic/section ">
			<p class="- topic/p "/>
			
		</section>
	</refbody>
</reference>