<?xml version="1.0" encoding="UTF-8"?>
<!DOCTYPE reference
  PUBLIC "-//OASIS//DTD DITA Reference//EN" "reference.dtd">
<reference xmlns:ditaarch="http://dita.oasis-open.org/architecture/2005/" class="- topic/topic       reference/reference " ditaarch:DITAArchVersion="1.2" id="rcc1473170931764" xml:lang="en-us">
	<title class="- topic/title ">PMCCNTSR, PMU Cycle Counter Snapshot Register</title>
	<shortdesc class="- topic/shortdesc ">The PMCCNTSR is a captured copy of PMCCNTR_EL0.</shortdesc>
	<prolog class="- topic/prolog "><permissions class="- topic/permissions " view="nonconfidential"/></prolog>
	<refbody class="- topic/body        reference/refbody ">
		<section class="- topic/section ">
			<p class="- topic/p ">Once it is captured, the value in PMCCNTSR is unaffected by writes to PMCCNTR_EL0 and
				PMCR_EL0.C.</p>
		</section>
		<section class="- topic/section ">
			<title class="- topic/title ">Configurations</title>
			<p class="- topic/p ">There are no configuration notes.</p>
		</section>
		<section class="- topic/section ">
			<title class="- topic/title ">Usage constraints</title>
			<p class="- topic/p ">Any access to PMCCNTSR returns an error if any of the following occurs:</p>
			<ul class="- topic/ul ">
				<li class="- topic/li ">The core power domain is off.</li>
				<li class="- topic/li ">DoubleLockStatus() == TRUE.</li>
			</ul>
		</section>
	</refbody>
</reference>