<?xml version="1.0" encoding="UTF-8"?>
<!DOCTYPE reference
  PUBLIC "-//OASIS//DTD DITA Reference//EN" "reference.dtd">
<reference xmlns:ditaarch="http://dita.oasis-open.org/architecture/2005/" class="- topic/topic       reference/reference " ditaarch:DITAArchVersion="1.2" id="rpf1473227989981" xml:lang="en-us">
	<title class="- topic/title ">PMSSCR, PMU Snapshot Capture Register</title>
	<shortdesc class="- topic/shortdesc ">The PMSSCR provides a mechanism for software to initiate a sample.</shortdesc>
	<prolog class="- topic/prolog "><permissions class="- topic/permissions " view="nonconfidential"/></prolog>
	<refbody class="- topic/body        reference/refbody ">
		<section class="- topic/section ">
			<title class="- topic/title ">Bit field descriptions</title>
			<p class="- topic/p ">The PMSSCR is a 32-bit write-only register.</p>
			<fig class="- topic/fig ">
				<title class="- topic/title ">PMSSCR bit assignments</title>
				<image class="- topic/image " href="yqj1473228273029.svg" placement="inline">
					<alt class="- topic/alt ">PMSSCR bit assignments</alt>
				</image>
			</fig>
			<dl class="- topic/dl ">
				<dlentry class="- topic/dlentry ">
					<dt class="- topic/dt ">RES0, [31:1]</dt>
					<dd class="- topic/dd ">Reserved, <term class="- topic/term " outputclass="archterm">RES0</term>.</dd>
				</dlentry>
				<dlentry class="- topic/dlentry ">
					<dt class="- topic/dt ">SS, [0]</dt>
					<dd class="- topic/dd ">Capture now. The possible values are:
					<dl class="- topic/dl " compact="yes" outputclass="termwidthpc12">
						<dlentry class="- topic/dlentry ">
							<dt class="- topic/dt ">0</dt>
							<dd class="- topic/dd "><term class="- topic/term " outputclass="archterm">ignored</term>.</dd>
						</dlentry>
						<dlentry class="- topic/dlentry ">
							<dt class="- topic/dt ">1</dt>
							<dd class="- topic/dd ">Initiate a capture immediately.</dd>
						</dlentry>
					</dl></dd>
				</dlentry>
			</dl>
			<dl class="- topic/dl ">
				<dlentry class="- topic/dlentry ">
					<dt class="- topic/dt ">Configurations</dt>
					<dd class="- topic/dd ">There are no configuration notes.</dd>
				</dlentry>
			</dl>
		</section>
		<section class="- topic/section ">
			<title class="- topic/title ">Usage constraints</title>
			<p class="- topic/p ">Any access to PMSSCR returns an error if any of the following occurs:</p>
			<ul class="- topic/ul ">
				<li class="- topic/li ">The core power domain is off.</li>
				<li class="- topic/li ">DoubleLockStatus() == TRUE.</li>
			</ul>
		</section>
	</refbody>
</reference>