<?xml version="1.0" encoding="UTF-8"?>
<!DOCTYPE reference
  PUBLIC "-//OASIS//DTD DITA Reference//EN" "reference.dtd">
<reference xmlns:ditaarch="http://dita.oasis-open.org/architecture/2005/" class="- topic/topic       reference/reference " ditaarch:DITAArchVersion="1.2" id="ste1440662612911" xml:lang="en-us">
  <title class="- topic/title ">AArch32 system registers</title>
  <shortdesc class="- topic/shortdesc ">This chapter describes the system registers in the AArch32
    state.</shortdesc>
  <prolog class="- topic/prolog ">
    <permissions class="- topic/permissions " view="nonconfidential"/>
    
  </prolog>
  <refbody class="- topic/body        reference/refbody ">
    <section class="- topic/section ">
  
    </section>
  </refbody>
<related-links class="- topic/related-links "><linkpool class="- topic/linkpool " mapkeyref="kqb1476970875925"><linkpool class="- topic/linkpool "><link class="- topic/link " format="dita" href="uwb1480603100527.xml" role="child" scope="local" type="reference"><linktext class="- topic/linktext ">Enyo - AArch32 architectural system register summary</linktext><desc class="- topic/desc ">This chapter identifies the AArch32 architectural system registers 		implemented in the <ph class="- topic/ph "><keyword class="- topic/keyword "><tm class="- topic/tm " tmtype="reg">Cortex</tm></keyword><keyword class="- topic/keyword ">‑A76</keyword></ph> 		core.</desc></link></linkpool></linkpool></related-links></reference>