<?xml version="1.0" encoding="UTF-8"?>
<!DOCTYPE reference
  PUBLIC "-//OASIS//DTD DITA Reference//EN" "reference.dtd">
<reference xmlns:ditaarch="http://dita.oasis-open.org/architecture/2005/" class="- topic/topic       reference/reference " ditaarch:DITAArchVersion="1.2" id="ste1440517945969" xml:lang="en-us">
  <title class="- topic/title ">Revisions</title>
  <titlealts class="- topic/titlealts ">
    <navtitle class="- topic/navtitle ">Revisions</navtitle>
  </titlealts>
  <shortdesc class="- topic/shortdesc ">This appendix describes the technical changes between released issues of
    this book.</shortdesc>
  <prolog class="- topic/prolog ">
    <permissions class="- topic/permissions " view="nonconfidential"/>
  </prolog>
  <refbody class="- topic/body        reference/refbody ">
    <section class="- topic/section "/>
  </refbody>
<related-links class="- topic/related-links "><linkpool class="- topic/linkpool " mapkeyref="kqb1476970875925"><linkpool class="- topic/linkpool "><link class="- topic/link " format="dita" href="dlq1481136247263.xml" role="child" scope="local" type="reference"><linktext class="- topic/linktext ">Enyo Revisions</linktext><desc class="- topic/desc ">This appendix describes the technical changes between released issues of     this book </desc></link></linkpool></linkpool></related-links></reference>