<?xml version="1.0" encoding="UTF-8"?>
<!DOCTYPE reference
  PUBLIC "-//OASIS//DTD DITA Reference//EN" "reference.dtd">
<reference xmlns:ditaarch="http://dita.oasis-open.org/architecture/2005/" class="- topic/topic       reference/reference " ditaarch:DITAArchVersion="1.2" id="ste1452072249526" xml:lang="en-us">
	<title class="- topic/title ">Debug registers</title>
	<shortdesc class="- topic/shortdesc ">This part describes the debug registers of the <ph class="- topic/ph "><keyword class="- topic/keyword "><tm class="- topic/tm " tmtype="reg">Cortex</tm></keyword><keyword class="- topic/keyword ">‑A76</keyword></ph> core.</shortdesc>
	<prolog class="- topic/prolog ">
		<permissions class="- topic/permissions " view="nonconfidential"/>
	</prolog>
	<refbody class="- topic/body        reference/refbody ">
		<section class="- topic/section "/>
	</refbody>
<related-links class="- topic/related-links "><linkpool class="- topic/linkpool " mapkeyref="kqb1476970875925"><linkpool class="- topic/linkpool "><link class="- topic/link " format="dita" href="ste1452075043172.xml" role="child" scope="local" type="reference"><linktext class="- topic/linktext ">AArch32 debug registers</linktext><desc class="- topic/desc ">This chapter describes the debug registers in the AArch32 Execution     state and shows examples of how to use them.</desc></link><link class="- topic/link " format="dita" href="ste1452075060088.xml" role="child" scope="local" type="reference"><linktext class="- topic/linktext ">AArch64 debug registers</linktext><desc class="- topic/desc ">This chapter describes the debug registers in the AArch64 Execution     state and shows examples of how to use them.</desc></link><link class="- topic/link " format="dita" href="joh1441366444460.xml" role="child" scope="local" type="reference"><linktext class="- topic/linktext ">Memory-mapped debug registers</linktext><desc class="- topic/desc ">This chapter describes the memory-mapped  debug registers and shows     examples of how to use them.</desc></link><link class="- topic/link " format="dita" href="ste1452075087151.xml" role="child" scope="local" type="reference"><linktext class="- topic/linktext ">AArch32 PMU registers</linktext><desc class="- topic/desc ">This chapter describes the AArch32 PMU registers and shows examples of     how to use them.</desc></link><link class="- topic/link " format="dita" href="ste1452075099448.xml" role="child" scope="local" type="reference"><linktext class="- topic/linktext ">AArch64 PMU registers</linktext><desc class="- topic/desc ">This chapter describes the AArch64 PMU registers and shows examples of     how to use them.</desc></link><link class="- topic/link " format="dita" href="ste1452075112659.xml" role="child" scope="local" type="reference"><linktext class="- topic/linktext ">Memory-mapped PMU registers</linktext><desc class="- topic/desc ">This chapter describes the memory-mapped PMU registers and shows     examples of how to use them.</desc></link><link class="- topic/link " format="dita" href="uyn1473169672870.xml" role="child" scope="local" type="reference"><linktext class="- topic/linktext ">PMU snapshot registers</linktext><desc class="- topic/desc ">PMU snapshot registers are an <term class="- topic/term " outputclass="archterm">IMPLEMENTATION DEFINED</term> extension to an <ph class="- topic/ph "><keyword class="- topic/keyword "><tm class="- topic/tm " tmtype="reg">Arm</tm>v8‑A</keyword></ph> compliant PMU to 		support an external core monitor that connects to a system profiler.</desc></link><link class="- topic/link " format="dita" href="hfj1483524861838.xml" role="child" scope="local" type="reference"><linktext class="- topic/linktext ">AArch64 AMU registers</linktext><desc class="- topic/desc ">This chapter describes the AArch64 AMU registers and shows examples of how to use 		them.</desc></link><link class="- topic/link " format="dita" href="ste1452075127598.xml" role="child" scope="local" type="reference"><linktext class="- topic/linktext ">ETM registers</linktext><desc class="- topic/desc ">This chapter describes the ETM registers.</desc></link></linkpool></linkpool></related-links></reference>