<?xml version="1.0" encoding="UTF-8"?>
<!DOCTYPE reference
  PUBLIC "-//OASIS//DTD DITA Reference//EN" "reference.dtd">
<reference xmlns:ditaarch="http://dita.oasis-open.org/architecture/2005/" class="- topic/topic       reference/reference " ditaarch:DITAArchVersion="1.2" id="ste1440514354126" xml:lang="en-us">
	<title class="- topic/title ">Advanced SIMD and floating-point support</title>
	<shortdesc class="- topic/shortdesc ">This chapter describes the Advanced SIMD and floating-point features and
		registers in the <ph class="- topic/ph "><keyword class="- topic/keyword "><tm class="- topic/tm " tmtype="reg">Cortex</tm></keyword><keyword class="- topic/keyword ">‑A76</keyword></ph>
		core. The unit in charge of handling the Advanced SIMD and floating-point features is
		also referred to as data engine in this manual.</shortdesc>
	<prolog class="- topic/prolog "><permissions class="- topic/permissions " view="nonconfidential"/></prolog>
	<refbody class="- topic/body        reference/refbody ">
		<section class="- topic/section ">
			<p class="- topic/p "/>
		</section>
	</refbody>
<related-links class="- topic/related-links "><linkpool class="- topic/linkpool " mapkeyref="kqb1476970875925"><linkpool class="- topic/linkpool "><link class="- topic/link " format="dita" href="lau1442502201562.xml" role="child" scope="local" type="concept"><linktext class="- topic/linktext ">About the Advanced SIMD and floating-point support</linktext><desc class="- topic/desc ">The <ph class="- topic/ph "><keyword class="- topic/keyword "><tm class="- topic/tm " tmtype="reg">Cortex</tm></keyword><keyword class="- topic/keyword ">‑A76</keyword></ph> core supports the Advanced SIMD and scalar floating-point instructions in the A64 instruction set and the Advanced SIMD and floating-point instructions in the A32 and T32 instruction sets.</desc></link><link class="- topic/link " format="dita" href="xgm1477670634579.xml" role="child" scope="local" type="concept"><linktext class="- topic/linktext ">Ares Accessing the feature identification registers</linktext><desc class="- topic/desc ">Software can identify the Advanced SIMD and floating-point features     using the feature identification registers in the AArch64 Execution state only.</desc></link></linkpool></linkpool></related-links></reference>