<?xml version="1.0" encoding="UTF-8"?>
<!DOCTYPE reference
  PUBLIC "-//OASIS//DTD DITA Reference//EN" "reference.dtd">
<reference xmlns:ditaarch="http://dita.oasis-open.org/architecture/2005/" class="- topic/topic       reference/reference " ditaarch:DITAArchVersion="1.2" id="ste1440512904834" xml:lang="en-us">
	<title class="- topic/title ">External register access permissions</title>
	<titlealts class="- topic/titlealts ">
		<navtitle class="- topic/navtitle ">External register access permissions</navtitle>
	</titlealts>
	<shortdesc class="- topic/shortdesc ">Whether or not access is permitted to a register depends on:</shortdesc>
	<prolog class="- topic/prolog ">
		<permissions class="- topic/permissions " view="nonconfidential"/>
		
	</prolog>
	<refbody class="- topic/body        reference/refbody ">
		<section class="- topic/section ">
			<ul class="- topic/ul " id="ul_wzh_qmy_vq">
				<li class="- topic/li ">If the core is powered up.</li>
				<li class="- topic/li ">The state of the OS Lock and OS Double Lock.</li>
				<li class="- topic/li ">The state of External Performance Monitors access disable.</li>
				<li class="- topic/li ">The state of the debug authentication inputs to the
					core.</li>
			</ul>
			<p class="- topic/p ">The behavior is specific to each register and is not described in this
				document. For a detailed description of these features and their effects on the
				registers, see the <cite class="- topic/cite "><keyword class="- topic/keyword "><tm class="- topic/tm " tmtype="reg">Arm</tm></keyword> Architecture Reference Manual <keyword class="- topic/keyword "><tm class="- topic/tm " tmtype="reg">Arm</tm></keyword>v8, for <keyword class="- topic/keyword "><tm class="- topic/tm " tmtype="reg">Arm</tm></keyword>v8-A architecture profile</cite>.</p>
			<p class="- topic/p ">The register descriptions provided in this manual describe whether each
				register is read/write or read-only.</p>
		</section>
	</refbody>
</reference>