<?xml version="1.0" encoding="UTF-8"?>
<!DOCTYPE reference
  PUBLIC "-//OASIS//DTD DITA Reference//EN" "reference.dtd">
<reference xmlns:ditaarch="http://dita.oasis-open.org/architecture/2005/" class="- topic/topic       reference/reference " ditaarch:DITAArchVersion="1.2" id="ste1452072213886" xml:lang="en-us">
	<title class="- topic/title ">Debug descriptions</title>
	<shortdesc class="- topic/shortdesc ">This part describes the debug functionality of the <ph class="- topic/ph "><keyword class="- topic/keyword "><tm class="- topic/tm " tmtype="reg">Cortex</tm></keyword><keyword class="- topic/keyword ">‑A76</keyword></ph> core.</shortdesc>
	<prolog class="- topic/prolog ">
		<permissions class="- topic/permissions " view="nonconfidential"/>
	</prolog>
	<refbody class="- topic/body        reference/refbody ">
		<section class="- topic/section ">
			<p class="- topic/p "/>
		</section>
	</refbody>
<related-links class="- topic/related-links "><linkpool class="- topic/linkpool " mapkeyref="kqb1476970875925"><linkpool class="- topic/linkpool "><link class="- topic/link " format="dita" href="ste1440512327672.xml" role="child" scope="local" type="reference"><linktext class="- topic/linktext ">Debug</linktext><desc class="- topic/desc ">This chapter describes the <ph class="- topic/ph "><keyword class="- topic/keyword "><tm class="- topic/tm " tmtype="reg">Cortex</tm></keyword><keyword class="- topic/keyword ">‑A76</keyword></ph> core debug registers     and shows examples of how to use them.</desc></link><link class="- topic/link " format="dita" href="ste1440512807652.xml" role="child" scope="local" type="reference"><linktext class="- topic/linktext ">Performance Monitor Unit</linktext><desc class="- topic/desc ">This chapter describes the <term class="- topic/term ">Performance Monitor Unit</term> (PMU) and the registers that it uses.</desc></link><link class="- topic/link " format="dita" href="xqn1483519262366.xml" role="child" scope="local" type="reference"><linktext class="- topic/linktext ">Activity Monitor Unit</linktext><desc class="- topic/desc ">This chapter describes the <term class="- topic/term ">Activity Monitor       Unit</term> (AMU). </desc></link><link class="- topic/link " format="dita" href="ste1440513289627.xml" role="child" scope="local" type="reference"><linktext class="- topic/linktext ">Embedded Trace Macrocell</linktext><desc class="- topic/desc ">This chapter describes the ETM for the <ph class="- topic/ph "><keyword class="- topic/keyword "><tm class="- topic/tm " tmtype="reg">Cortex</tm></keyword><keyword class="- topic/keyword ">‑A76</keyword></ph> core.</desc></link></linkpool></linkpool></related-links></reference>