<?xml version="1.0" encoding="UTF-8"?>
<!DOCTYPE reference
  PUBLIC "-//OASIS//DTD DITA Reference//EN" "reference.dtd">
<reference xmlns:ditaarch="http://dita.oasis-open.org/architecture/2005/" class="- topic/topic       reference/reference " ditaarch:DITAArchVersion="1.2" id="ste1452075112659" xml:lang="en-us">
  <title class="- topic/title ">Memory-mapped PMU registers</title>
  <shortdesc class="- topic/shortdesc ">This chapter describes the memory-mapped PMU registers and shows
    examples of how to use them.</shortdesc>
  <prolog class="- topic/prolog ">
    <permissions class="- topic/permissions " view="nonconfidential"/>

  </prolog>
  <refbody class="- topic/body        reference/refbody ">
    <section class="- topic/section "/>
  </refbody>
<related-links class="- topic/related-links "><linkpool class="- topic/linkpool " mapkeyref="kqb1476970875925"><linkpool class="- topic/linkpool "><link class="- topic/link " format="dita" href="joh1440673908507.xml" role="child" scope="local" type="reference"><linktext class="- topic/linktext ">Memory-mapped PMU register summary</linktext><desc class="- topic/desc ">There are PMU registers that are accessible through the external debug     interface.</desc></link><link class="- topic/link " format="dita" href="lau1443689889680.xml" role="child" scope="local" type="reference"><linktext class="- topic/linktext ">PMCFGR, Performance Monitors Configuration Register</linktext><desc class="- topic/desc ">The PMCFGR contains PMU specific configuration data.</desc></link><link class="- topic/link " format="dita" href="lau1443691157979.xml" role="child" scope="local" type="reference"><linktext class="- topic/linktext ">PMCIDR0, Performance Monitors Component Identification Register 0</linktext><desc class="- topic/desc ">The PMCIDR0 provides information to identify a Performance Monitor     component.</desc></link><link class="- topic/link " format="dita" href="lau1443690906393.xml" role="child" scope="local" type="reference"><linktext class="- topic/linktext ">PMCIDR1, Performance Monitors Component Identification Register 1</linktext><desc class="- topic/desc ">The PMCIDR1 provides information to identify a Performance Monitor     component.</desc></link><link class="- topic/link " format="dita" href="lau1443690983708.xml" role="child" scope="local" type="reference"><linktext class="- topic/linktext ">PMCIDR2, Performance Monitors Component Identification Register 2</linktext><desc class="- topic/desc ">The PMCIDR2 provides information to identify a Performance Monitor     component.</desc></link><link class="- topic/link " format="dita" href="lau1443691250407.xml" role="child" scope="local" type="reference"><linktext class="- topic/linktext ">PMCIDR3, Performance Monitors Component Identification Register 3</linktext><desc class="- topic/desc ">The PMCIDR3 provides information to identify a Performance Monitor     component.</desc></link><link class="- topic/link " format="dita" href="lau1443690386394.xml" role="child" scope="local" type="reference"><linktext class="- topic/linktext ">PMPIDR0, Performance Monitors Peripheral Identification Register 0</linktext><desc class="- topic/desc ">The PMPIDR0 provides information to identify a Performance Monitor     component.</desc></link><link class="- topic/link " format="dita" href="lau1443690492063.xml" role="child" scope="local" type="reference"><linktext class="- topic/linktext ">PMPIDR1, Performance Monitors Peripheral Identification Register 1</linktext><desc class="- topic/desc ">The PMPIDR1 provides information to identify a Performance Monitor     component.</desc></link><link class="- topic/link " format="dita" href="lau1443690586985.xml" role="child" scope="local" type="reference"><linktext class="- topic/linktext ">PMPIDR2, Performance Monitors Peripheral Identification Register 2</linktext><desc class="- topic/desc ">The PMPIDR2 provides information to identify a Performance Monitor     component.</desc></link><link class="- topic/link " format="dita" href="lau1443690676556.xml" role="child" scope="local" type="reference"><linktext class="- topic/linktext ">PMPIDR3, Performance Monitors Peripheral Identification Register 3</linktext><desc class="- topic/desc ">The PMPIDR3 provides information to identify a Performance Monitor     component.</desc></link><link class="- topic/link " format="dita" href="lau1443690763702.xml" role="child" scope="local" type="reference"><linktext class="- topic/linktext ">PMPIDR4, Performance Monitors Peripheral Identification Register 4</linktext><desc class="- topic/desc ">The PMPIDR4 provides information to identify a Performance Monitor     component.</desc></link><link class="- topic/link " format="dita" href="lau1443690858119.xml" role="child" scope="local" type="reference"><linktext class="- topic/linktext ">PMPIDRn, Performance Monitors Peripheral Identification Register 5-7</linktext><desc class="- topic/desc ">No information is held in the Peripheral ID5, Peripheral ID6, and Peripheral ID7     Registers.</desc></link></linkpool></linkpool></related-links></reference>