<?xml version="1.0" encoding="UTF-8"?>
<!DOCTYPE concept
  PUBLIC "-//OASIS//DTD DITA Concept//EN" "concept.dtd">
<concept xmlns:ditaarch="http://dita.oasis-open.org/architecture/2005/" class="- topic/topic concept/concept " ditaarch:DITAArchVersion="1.2" id="tby1480692375560" xml:lang="en-us">
  <title class="- topic/title ">Data cache maintenance considerations</title>
  <shortdesc class="- topic/shortdesc ">DC IVAC operations in AArch64 state are treated as DC CIVAC except for
    permission checking and watchpoint matching.</shortdesc>
  <prolog class="- topic/prolog ">
    <permissions class="- topic/permissions " view="nonconfidential"/>
  </prolog>
  <conbody class="- topic/body  concept/conbody ">
    <section class="- topic/section ">
      <p class="- topic/p ">DC ISW operations in AArch64 state, perform both a clean and invalidate of the target set/way. The values of HCR.SWIO and HCR_EL2.SWIO have no effect.</p>
      <p class="- topic/p ">See the <cite class="- topic/cite "><ph class="- topic/ph ">
                            <keyword class="- topic/keyword "><tm class="- topic/tm " tmtype="reg">Arm</tm></keyword> Architecture Reference Manual <keyword class="- topic/keyword ">Arm</keyword>v8, for <keyword class="- topic/keyword ">Arm</keyword>v8-A architecture profile</ph></cite> for more information.</p>
    </section>
  </conbody>
</concept>