<?xml version="1.0" encoding="UTF-8"?>
<!DOCTYPE reference
  PUBLIC "-//OASIS//DTD DITA Reference//EN" "reference.dtd">
<reference xmlns:ditaarch="http://dita.oasis-open.org/architecture/2005/" class="- topic/topic       reference/reference " ditaarch:DITAArchVersion="1.2" id="udn1495216409619" xml:lang="en-us">
  
  <title class="- topic/title ">Encoding for L1 instruction cache tag, L1 instruction cache data, L1
      BTB, L1 GHB, L1 TLB instruction, and BPIQ</title>
  <titlealts class="- topic/titlealts ">
    <navtitle class="- topic/navtitle ">Encoding for L1 instruction cache tag, L1 instruction cache data, L1
      BTB, L1 GHB, L1 TLB instruction, and BPIQ</navtitle>
  </titlealts>
  <shortdesc class="- topic/shortdesc ">The following tables show the encoding required to select a given cache
    line.</shortdesc>
  <prolog class="- topic/prolog ">
    <permissions class="- topic/permissions " view="nonconfidential"/>

   
  </prolog>
  <refbody class="- topic/body        reference/refbody ">
    <section class="- topic/section ">
      <table class="- topic/table " colsep="0" frame="topbot" rowsep="0">
        <title class="- topic/title ">L1 instruction cache tag location encoding</title>
        <tgroup class="- topic/tgroup " cols="2" colsep="0" rowsep="0">
          <colspec class="- topic/colspec " colname="col1" colnum="1" colsep="0" colwidth="80pt"/>
          <colspec class="- topic/colspec " colname="col2" colnum="2" colsep="0" colwidth="180pt"/>
          <thead class="- topic/thead ">
            <row class="- topic/row " rowsep="1">
              <entry class="- topic/entry " colname="col1">Bit fields of Rd</entry>
              <entry class="- topic/entry " colname="col2">Description</entry>
            </row>
          </thead>
          <tbody class="- topic/tbody ">
            <row class="- topic/row " rowsep="1">
              <entry class="- topic/entry " colname="col1">[31:24]</entry>
              <entry class="- topic/entry " colname="col2">RAMID = <ph class="- topic/ph " otherprops="g.number.hex">00</ph></entry>
            </row>
            <row class="- topic/row " rowsep="1">
              <entry class="- topic/entry " colname="col1">[23:20]</entry>
              <entry class="- topic/entry " colname="col2">Reserved</entry>
            </row>
            <row class="- topic/row " rowsep="1">
              <entry class="- topic/entry " colname="col1">[19:18]</entry>
              <entry class="- topic/entry " colname="col2">Way</entry>
            </row>
            <row class="- topic/row " rowsep="1">
              <entry class="- topic/entry " colname="col1">[17:14]</entry>
              <entry class="- topic/entry " colname="col2">Reserved</entry>
            </row>
            
            <row class="- topic/row " rowsep="0">
              <entry class="- topic/entry " colname="col1">[13:6]</entry>
              <entry class="- topic/entry " colname="col2">Index [13:6]</entry>
            </row>
            
            <row class="- topic/row ">
              <entry class="- topic/entry " colname="col1">[5:0]</entry>
              <entry class="- topic/entry " colname="col2">Reserved</entry>
            </row>
          </tbody>
        </tgroup>
      </table>

      <table class="- topic/table " colsep="0" frame="topbot" rowsep="0">
        <title class="- topic/title ">L1 instruction cache data location encoding</title>
        <tgroup class="- topic/tgroup " cols="2" colsep="0" rowsep="0">
          <colspec class="- topic/colspec " colname="col1" colnum="1" colsep="0" colwidth="80pt"/>
          <colspec class="- topic/colspec " colname="col2" colnum="2" colsep="0" colwidth="180pt"/>
          <thead class="- topic/thead ">
            <row class="- topic/row " rowsep="1">
              <entry class="- topic/entry " colname="col1">Bit fields of Rd</entry>
              <entry class="- topic/entry " colname="col2">Description</entry>
            </row>
          </thead>
          <tbody class="- topic/tbody ">
            <row class="- topic/row " rowsep="1">
              <entry class="- topic/entry " colname="col1">[31:24]</entry>
              <entry class="- topic/entry " colname="col2">RAMID = <ph class="- topic/ph " otherprops="g.number.hex">01</ph></entry>
            </row>
            <row class="- topic/row " rowsep="1">
              <entry class="- topic/entry " colname="col1">[23:20]</entry>
              <entry class="- topic/entry " colname="col2">Reserved</entry>
            </row>
            <row class="- topic/row " rowsep="1">
              <entry class="- topic/entry " colname="col1">[19:18]</entry>
              <entry class="- topic/entry " colname="col2">Way</entry>
            </row>
            <row class="- topic/row " rowsep="1">
              <entry class="- topic/entry " colname="col1">[17:14]</entry>
              <entry class="- topic/entry " colname="col2">Reserved</entry>
            </row>
            
            <row class="- topic/row " rowsep="0">
              <entry class="- topic/entry " colname="col1">[13:3]</entry>
              <entry class="- topic/entry " colname="col2">Index [13:3]</entry>
            </row>
            
            <row class="- topic/row ">
              <entry class="- topic/entry " colname="col1">[2:0]</entry>
              <entry class="- topic/entry " colname="col2">Reserved</entry>
            </row>
          </tbody>
        </tgroup>
      </table>

      <table class="- topic/table " colsep="0" frame="topbot" rowsep="0">
        <title class="- topic/title ">L1 BTB data location encoding</title>
        <tgroup class="- topic/tgroup " cols="2" colsep="0" rowsep="0">
          <colspec class="- topic/colspec " colname="col1" colnum="1" colsep="0" colwidth="80pt"/>
          <colspec class="- topic/colspec " colname="col2" colnum="2" colsep="0" colwidth="180pt"/>
          <thead class="- topic/thead ">
            <row class="- topic/row " rowsep="1">
              <entry class="- topic/entry " colname="col1">Bit fields of Rd</entry>
              <entry class="- topic/entry " colname="col2">Description</entry>
            </row>
          </thead>
          <tbody class="- topic/tbody ">
            <row class="- topic/row " rowsep="1">
              <entry class="- topic/entry " colname="col1">[31:24]</entry>
              <entry class="- topic/entry " colname="col2">RAMID = <ph class="- topic/ph " otherprops="g.number.hex">02</ph></entry>
            </row>
            <row class="- topic/row " rowsep="1">
              <entry class="- topic/entry " colname="col1">[23:20]</entry>
              <entry class="- topic/entry " colname="col2">Reserved</entry>
            </row>
            <row class="- topic/row " rowsep="1">
              <entry class="- topic/entry " colname="col1">[19:18]</entry>
              <entry class="- topic/entry " colname="col2">Way</entry>
            </row>
            <row class="- topic/row " rowsep="1">
              <entry class="- topic/entry " colname="col1">[17:15]</entry>
              <entry class="- topic/entry " colname="col2">Reserved</entry>
            </row>
            <row class="- topic/row " rowsep="0">
              <entry class="- topic/entry " colname="col1">[14:5]</entry>
              <entry class="- topic/entry " colname="col2">Index [14:5]</entry>
            </row>
            <row class="- topic/row ">
              <entry class="- topic/entry " colname="col1">[4:0]</entry>
              <entry class="- topic/entry " colname="col2">Reserved</entry>
            </row>
          </tbody>
        </tgroup>
      </table>

      <table class="- topic/table " colsep="0" frame="topbot" rowsep="0">
        <title class="- topic/title ">L1 GHB data location encoding</title>
        <tgroup class="- topic/tgroup " cols="2" colsep="0" rowsep="0">
          <colspec class="- topic/colspec " colname="col1" colnum="1" colsep="0" colwidth="80pt"/>
          <colspec class="- topic/colspec " colname="col2" colnum="2" colsep="0" colwidth="180pt"/>
          <thead class="- topic/thead ">
            <row class="- topic/row " rowsep="1">
              <entry class="- topic/entry " colname="col1">Bit fields of Rd</entry>
              <entry class="- topic/entry " colname="col2">Description</entry>
            </row>
          </thead>
          <tbody class="- topic/tbody ">
            <row class="- topic/row " rowsep="1">
              <entry class="- topic/entry " colname="col1">[31:24]</entry>
              <entry class="- topic/entry " colname="col2">RAMID = <ph class="- topic/ph " otherprops="g.number.hex">03</ph></entry>
            </row>
            <row class="- topic/row " rowsep="1">
              <entry class="- topic/entry " colname="col1">[23:14]</entry>
              <entry class="- topic/entry " colname="col2">Reserved</entry>
            </row>
            <row class="- topic/row " rowsep="1">
              <entry class="- topic/entry " colname="col1">[13:4]</entry>
              <entry class="- topic/entry " colname="col2">Index [13:4]</entry>
            </row>
            <row class="- topic/row ">
              <entry class="- topic/entry " colname="col1">[3:0]</entry>
              <entry class="- topic/entry " colname="col2">Reserved</entry>
            </row>
          </tbody>
        </tgroup>
      </table>

      <table class="- topic/table " colsep="0" frame="topbot" rowsep="0">
        <title class="- topic/title ">L1 instruction TLB data location encoding</title>
        <tgroup class="- topic/tgroup " cols="2" colsep="0" rowsep="0">
          <colspec class="- topic/colspec " colname="col1" colnum="1" colsep="0" colwidth="80pt"/>
          <colspec class="- topic/colspec " colname="col2" colnum="2" colsep="0" colwidth="180pt"/>
          <thead class="- topic/thead ">
            <row class="- topic/row " rowsep="1">
              <entry class="- topic/entry " colname="col1">Bit fields of Rd</entry>
              <entry class="- topic/entry " colname="col2">Description</entry>
            </row>
          </thead>
          <tbody class="- topic/tbody ">
            <row class="- topic/row " rowsep="1">
              <entry class="- topic/entry " colname="col1">[31:24]</entry>
              <entry class="- topic/entry " colname="col2">RAMID = <ph class="- topic/ph " otherprops="g.number.hex">04</ph></entry>
            </row>
            <row class="- topic/row " rowsep="1">
              <entry class="- topic/entry " colname="col1">[23:8]</entry>
              <entry class="- topic/entry " colname="col2">Reserved</entry>
            </row>
            <row class="- topic/row ">
              <entry class="- topic/entry " colname="col1">[7:0]</entry>
              <entry class="- topic/entry " colname="col2">TLB Entry (&lt;=47)</entry>
            </row>
          </tbody>
        </tgroup>
      </table>

      <table class="- topic/table " colsep="0" frame="topbot" rowsep="0">
        <title class="- topic/title ">BPIQ data location encoding</title>
        <tgroup class="- topic/tgroup " cols="2" colsep="0" rowsep="0">
          <colspec class="- topic/colspec " colname="col1" colnum="1" colsep="0" colwidth="80pt"/>
          <colspec class="- topic/colspec " colname="col2" colnum="2" colsep="0" colwidth="180pt"/>
          <thead class="- topic/thead ">
            <row class="- topic/row " rowsep="1">
              <entry class="- topic/entry " colname="col1">Bit fields of Rd</entry>
              <entry class="- topic/entry " colname="col2">Description</entry>
            </row>
          </thead>
          <tbody class="- topic/tbody ">
            <row class="- topic/row " rowsep="1">
              <entry class="- topic/entry " colname="col1">[31:24]</entry>
              <entry class="- topic/entry " colname="col2">RAMID = <ph class="- topic/ph " otherprops="g.number.hex">05</ph></entry>
            </row>
            <row class="- topic/row " rowsep="1">
              <entry class="- topic/entry " colname="col1">[23:10]</entry>
              <entry class="- topic/entry " colname="col2">Reserved</entry>
            </row>
            <row class="- topic/row " rowsep="1">
              <entry class="- topic/entry " colname="col1">[9:4]</entry>
              <entry class="- topic/entry " colname="col2">Index [5:0]</entry>
            </row>
            <row class="- topic/row ">
              <entry class="- topic/entry " colname="col1">[3:0]</entry>
              <entry class="- topic/entry " colname="col2">Reserved</entry>
            </row>
          </tbody>
        </tgroup>
      </table>


      <p class="- topic/p ">The following table shows the data that is returned from accessing the L1
        instruction tag RAM.</p>
      <table class="- topic/table " frame="all">
        <title class="- topic/title ">L1 instruction cache tag format</title>
        <tgroup class="- topic/tgroup " cols="3">
          <colspec class="- topic/colspec " colname="col1" colnum="1" colwidth="1.02*"/>
          <colspec class="- topic/colspec " colname="col2" colnum="2" colwidth="1*"/>
          <colspec class="- topic/colspec " colname="col3" colnum="3" colwidth="1*"/>
          <thead class="- topic/thead ">
            <row class="- topic/row ">
              <entry class="- topic/entry " colname="col1">Register</entry>
              <entry class="- topic/entry " colname="col2">Bit field</entry>
              <entry class="- topic/entry " colname="col3">Description</entry>
            </row>
          </thead>
          <tbody class="- topic/tbody ">
            <row class="- topic/row ">
              <entry class="- topic/entry " colname="col1" morerows="3">Instruction Register 0</entry>
              <entry class="- topic/entry " colname="col2">                
                <p class="- topic/p ">[31]</p>
              </entry>
              <entry class="- topic/entry " colname="col3"><p class="- topic/p ">Non-secure identifier for the physical
                  address</p>
              </entry>
            </row>
            <row class="- topic/row ">
              <entry class="- topic/entry " colname="col2">
                <p class="- topic/p ">[30:3]</p>
              </entry>
              <entry class="- topic/entry " colname="col3">
                <p class="- topic/p ">Physical address [39:12]</p>
              </entry>
            </row>
            <row class="- topic/row ">
              <entry class="- topic/entry " colname="col2">[2:1]</entry>
              <entry class="- topic/entry " colname="col3"><p class="- topic/p ">Instruction state [1:0]</p>
                <dl class="- topic/dl " compact="yes">
                  <dlentry class="- topic/dlentry ">
                    <dt class="- topic/dt ">00</dt>
                    <dd class="- topic/dd ">Invalid</dd>
                  </dlentry>
                  <dlentry class="- topic/dlentry ">
                    <dt class="- topic/dt ">01</dt>
                    <dd class="- topic/dd ">T32</dd>
                  </dlentry>
                  <dlentry class="- topic/dlentry ">
                    <dt class="- topic/dt ">10</dt>
                    <dd class="- topic/dd ">A32</dd>
                  </dlentry>
                  <dlentry class="- topic/dlentry ">
                    <dt class="- topic/dt ">11</dt>
                    <dd class="- topic/dd ">A64</dd>
                  </dlentry>
                </dl>
              </entry>
            </row>
            <row class="- topic/row ">
              <entry class="- topic/entry " colname="col2">[0]</entry>
              <entry class="- topic/entry " colname="col3"><p class="- topic/p ">Parity</p></entry>
            </row>
            <row class="- topic/row ">
              <entry class="- topic/entry " colname="col1">Instruction Register 1</entry>
              <entry class="- topic/entry " colname="col2">[63:0]</entry>
              <entry class="- topic/entry " colname="col3">0</entry>
            </row>
            <row class="- topic/row ">
              <entry class="- topic/entry " colname="col1">Instruction Register 2</entry>
              <entry class="- topic/entry " colname="col2">[63:0]</entry>
              <entry class="- topic/entry " colname="col3">0</entry>
            </row>
          </tbody>
        </tgroup>
      </table>
      <p class="- topic/p ">The following table shows the data that is returned from accessing the L1
        instruction data RAM.</p>
      <table class="- topic/table " frame="all">
        <title class="- topic/title ">L1 instruction cache data format</title>
        <tgroup class="- topic/tgroup " cols="3">
          <colspec class="- topic/colspec " colname="col1" colnum="1" colwidth="1.02*"/>
          <colspec class="- topic/colspec " colname="col2" colnum="2" colwidth="1*"/>
          <colspec class="- topic/colspec " colname="col3" colnum="3" colwidth="1*"/>
          <thead class="- topic/thead ">
            <row class="- topic/row ">
              <entry class="- topic/entry " colname="col1">Register</entry>
              <entry class="- topic/entry " colname="col2">Bit field</entry>
              <entry class="- topic/entry " colname="col3">Description</entry>
            </row>
          </thead>
          <tbody class="- topic/tbody ">
            <row class="- topic/row ">
              <entry class="- topic/entry " colname="col1">Instruction Register 0</entry>
              <entry class="- topic/entry " colname="col2">[63:0]</entry>
              <entry class="- topic/entry " colname="col3">Data [63:0]</entry>
            </row>
            <row class="- topic/row ">
              <entry class="- topic/entry " colname="col1" morerows="2">Instruction Register 1</entry>
              <entry class="- topic/entry " colname="col2">[63:9]</entry>
              <entry class="- topic/entry " colname="col3">0</entry>
            </row>
            <row class="- topic/row ">
              <entry class="- topic/entry " colname="col2">[8]</entry>
              <entry class="- topic/entry " colname="col3">Parity</entry>
            </row>
            <row class="- topic/row ">
              <entry class="- topic/entry " colname="col2">[7:0]</entry>
              <entry class="- topic/entry " colname="col3">Data [71:64] </entry>
            </row>
            <row class="- topic/row ">
              <entry class="- topic/entry " colname="col1">Instruction Register 2</entry>
              <entry class="- topic/entry " colname="col2">[63:0]</entry>
              <entry class="- topic/entry " colname="col3">0</entry>
            </row>
          </tbody>
        </tgroup>
      </table>

      <p class="- topic/p ">The following table shows the data that is returned from accessing the L1
        BTB RAM.</p>
      <table class="- topic/table " frame="all">
        <title class="- topic/title ">L1 BTB cache format</title>
        <tgroup class="- topic/tgroup " cols="3">
          <colspec class="- topic/colspec " colname="col1" colnum="1" colwidth="1.02*"/>
          <colspec class="- topic/colspec " colname="col2" colnum="2" colwidth="1*"/>
          <colspec class="- topic/colspec " colname="col3" colnum="3" colwidth="1*"/>
          <thead class="- topic/thead ">
            <row class="- topic/row ">
              <entry class="- topic/entry " colname="col1">Register</entry>
              <entry class="- topic/entry " colname="col2">Bit field</entry>
              <entry class="- topic/entry " colname="col3">Description</entry>
            </row>
          </thead>
          <tbody class="- topic/tbody ">
            <row class="- topic/row ">
              <entry class="- topic/entry " colname="col1">Instruction Register 0</entry>
              <entry class="- topic/entry " colname="col2">[63:0]</entry>
              <entry class="- topic/entry " colname="col3">Data [63:0]</entry>
            </row>
            <row class="- topic/row ">
              <entry class="- topic/entry " colname="col1" morerows="1">Instruction Register 1</entry>
              <entry class="- topic/entry " colname="col2">[63:18]</entry>
              <entry class="- topic/entry " colname="col3">0</entry>
            </row>
            <row class="- topic/row ">
              <entry class="- topic/entry " colname="col2">[17:0]</entry>
              <entry class="- topic/entry " colname="col3">Data [81:64]</entry>
            </row>
            <row class="- topic/row ">
              <entry class="- topic/entry " colname="col1">Instruction Register 2</entry>
              <entry class="- topic/entry " colname="col2">[63:0]</entry>
              <entry class="- topic/entry " colname="col3">0</entry>
            </row>
          </tbody>
        </tgroup>
      </table>

      <p class="- topic/p ">The following table shows the data that is returned from accessing the L1
        GHB RAM.</p>
      <table class="- topic/table " frame="all">
        <title class="- topic/title ">L1 GHB cache format</title>
        <tgroup class="- topic/tgroup " cols="3">
          <colspec class="- topic/colspec " colname="col1" colnum="1" colwidth="1.02*"/>
          <colspec class="- topic/colspec " colname="col2" colnum="2" colwidth="1*"/>
          <colspec class="- topic/colspec " colname="col3" colnum="3" colwidth="1*"/>
          <thead class="- topic/thead ">
            <row class="- topic/row ">
              <entry class="- topic/entry " colname="col1">Register</entry>
              <entry class="- topic/entry " colname="col2">Bit field</entry>
              <entry class="- topic/entry " colname="col3">Description</entry>
            </row>
          </thead>
          <tbody class="- topic/tbody ">
            <row class="- topic/row ">
              <entry class="- topic/entry " colname="col1">Instruction Register 0</entry>
              <entry class="- topic/entry " colname="col2">[63:0]</entry>
              <entry class="- topic/entry " colname="col3">Data [63:0]</entry>
            </row>
            <row class="- topic/row ">
              <entry class="- topic/entry " colname="col1" morerows="1">Instruction Register 1</entry>
              <entry class="- topic/entry " colname="col2">[63:32]</entry>
              <entry class="- topic/entry " colname="col3">0</entry>
            </row>
            <row class="- topic/row ">
              <entry class="- topic/entry " colname="col2">[31:0]</entry>
              <entry class="- topic/entry " colname="col3">Data [95:64]</entry>
            </row>
            <row class="- topic/row ">
              <entry class="- topic/entry " colname="col1">Instruction Register 2</entry>
              <entry class="- topic/entry " colname="col2">[63:0]</entry>
              <entry class="- topic/entry " colname="col3">0</entry>
            </row>
          </tbody>
        </tgroup>
      </table>

      <p class="- topic/p ">The following table shows the data that is returned from accessing the L1
        instruction TLB RAM.</p>
      
      
      
      <table class="- topic/table " frame="all">
        <title class="- topic/title ">L1 instruction TLB cache format</title>
        <tgroup class="- topic/tgroup " cols="4">
          <colspec class="- topic/colspec " colname="col1" colnum="1" colwidth="1.02*"/>
          <colspec class="- topic/colspec " colname="col2" colnum="2" colwidth="1*"/>
          <colspec class="- topic/colspec " colname="col3" colnum="3" colwidth="1*"/>
          <colspec class="- topic/colspec " colname="col4" colnum="4" colwidth="1*"/>
          <thead class="- topic/thead ">
            <row class="- topic/row ">
              <entry class="- topic/entry " colname="col1" morerows="1">Register</entry>
              <entry align="center" class="- topic/entry " colname="col2" nameend="col3" namest="col2">Bit field</entry>
              <entry class="- topic/entry " colname="col4" morerows="1">Description</entry>
              
            </row>
            <row class="- topic/row ">
              <entry class="- topic/entry " colname="col1">CORE_PBHA=FALSE</entry>
              <entry class="- topic/entry " colname="col2">CORE_PBHA=TRUE</entry>
            
              
            </row>
          </thead>
          <tbody class="- topic/tbody ">
            <row class="- topic/row ">
              <entry class="- topic/entry " colname="col1" morerows="14">Instruction Register 0</entry>
              <entry class="- topic/entry " colname="col2">[63:59]</entry>
              <entry class="- topic/entry " colname="col3">
                [63:59]
              </entry>
              <entry class="- topic/entry " colname="col4">Virtual address [16:12]</entry>
            </row>
            <row class="- topic/row ">
              <entry class="- topic/entry " colname="col2">[58:56]</entry>
              <entry class="- topic/entry " colname="col3">-</entry>
              <entry class="- topic/entry " colname="col4">TLB attribute</entry>
            </row>
            
            <row class="- topic/row ">
              <entry class="- topic/entry " colname="col2">-</entry>
              <entry class="- topic/entry " colname="col3">[58:57]</entry>
              <entry class="- topic/entry " colname="col4">PBHA[1:0]</entry>
            </row>
            
            <row class="- topic/row ">
              <entry class="- topic/entry " colname="col2">-</entry>
              <entry class="- topic/entry " colname="col3">[56]</entry>
              <entry class="- topic/entry " colname="col4">TLB attribute</entry>
            </row>
            
            <row class="- topic/row ">
              <entry class="- topic/entry " colname="col2">[55:53]</entry>
              <entry class="- topic/entry " colname="col3">[55:53]</entry>
              <entry class="- topic/entry " colname="col4">
                <p class="- topic/p ">Memory attributes:</p>
                <dl class="- topic/dl " compact="yes">
                  <dlentry class="- topic/dlentry ">
                    <dt class="- topic/dt ">000</dt>
                    <dd class="- topic/dd ">Device nGnRnE</dd>
                  </dlentry>
                  <dlentry class="- topic/dlentry ">
                    <dt class="- topic/dt ">001</dt>
                    <dd class="- topic/dd ">Device nGnRE</dd>
                  </dlentry>
                  <dlentry class="- topic/dlentry ">
                    <dt class="- topic/dt ">010</dt>
                    <dd class="- topic/dd ">Device nGRE</dd>
                  </dlentry>
                  <dlentry class="- topic/dlentry ">
                    <dt class="- topic/dt ">011</dt>
                    <dd class="- topic/dd ">Device GRE</dd>
                  </dlentry>
                  <dlentry class="- topic/dlentry ">
                    <dt class="- topic/dt ">100</dt>
                    <dd class="- topic/dd ">Non-cacheable</dd>
                  </dlentry>
                  <dlentry class="- topic/dlentry ">
                    <dt class="- topic/dt ">101</dt>
                    <dd class="- topic/dd ">Write-Back No-Allocate</dd>
                  </dlentry>
                  <dlentry class="- topic/dlentry ">
                    <dt class="- topic/dt ">110</dt>
                    <dd class="- topic/dd ">Write-Back Transient</dd>
                  </dlentry>
                  <dlentry class="- topic/dlentry ">
                    <dt class="- topic/dt ">111</dt>
                    <dd class="- topic/dd ">Write-Back Read-Allocate and Write-Allocate </dd>
                  </dlentry>
                </dl>
              </entry>
            </row>
            <row class="- topic/row ">
              <entry class="- topic/entry " colname="col2">[52:50]</entry>
              <entry class="- topic/entry " colname="col3">[52:50]</entry>
              <entry class="- topic/entry " colname="col4">
                <p class="- topic/p ">Page size:</p>
                <dl class="- topic/dl " compact="yes">
                  <dlentry class="- topic/dlentry ">
                    <dt class="- topic/dt ">000</dt>
                    <dd class="- topic/dd ">4KB</dd>
                  </dlentry>
                  <dlentry class="- topic/dlentry ">
                    <dt class="- topic/dt ">001</dt>
                    <dd class="- topic/dd ">16KB</dd>
                  </dlentry>
                  <dlentry class="- topic/dlentry ">
                    <dt class="- topic/dt ">010</dt>
                    <dd class="- topic/dd ">64KB</dd>
                  </dlentry>
                  <dlentry class="- topic/dlentry ">
                    <dt class="- topic/dt ">011</dt>
                    <dd class="- topic/dd ">256KB</dd>
                  </dlentry>
                  <dlentry class="- topic/dlentry ">
                    <dt class="- topic/dt ">100</dt>
                    <dd class="- topic/dd ">2MB</dd>
                  </dlentry>
                  <dlentry class="- topic/dlentry ">
                    <dt class="- topic/dt ">101</dt>
                    <dd class="- topic/dd ">32MB</dd>
                  </dlentry>
                  <dlentry class="- topic/dlentry ">
                    <dt class="- topic/dt ">11x</dt>
                    <dd class="- topic/dd ">Reserved</dd>
                  </dlentry>
                </dl>
              </entry>
            </row>
            <row class="- topic/row ">
              <entry class="- topic/entry " colname="col2">[49:46]</entry>
              <entry class="- topic/entry " colname="col3">[49:46]</entry>
              <entry class="- topic/entry " colname="col4">TLB attribute</entry>
            </row>
            <row class="- topic/row ">
              <entry class="- topic/entry " colname="col2">[45]</entry>
              <entry class="- topic/entry " colname="col3">[45]</entry>
              <entry class="- topic/entry " colname="col4">Outer-shared</entry>
            </row>
            <row class="- topic/row ">
              <entry class="- topic/entry " colname="col2">[44]</entry>
              <entry class="- topic/entry " colname="col3">[44]</entry>
              <entry class="- topic/entry " colname="col4">Inner-shared</entry>
            </row>
            <row class="- topic/row ">
              <entry class="- topic/entry " colname="col2">[43:39]</entry>
              <entry class="- topic/entry " colname="col3">[43:39]</entry>
              <entry class="- topic/entry " colname="col4">TLB attribute</entry>
            </row>
            <row class="- topic/row ">
              <entry class="- topic/entry " colname="col2">[38:23]</entry>
              <entry class="- topic/entry " colname="col3">[38:23]</entry>
              <entry class="- topic/entry " colname="col4">ASID</entry>
            </row>
            <row class="- topic/row ">
              <entry class="- topic/entry " colname="col2">[22:7]</entry>
              <entry class="- topic/entry " colname="col3">[22:7]</entry>
              <entry class="- topic/entry " colname="col4">VMID</entry>
            </row>
            <row class="- topic/row ">
              <entry class="- topic/entry " colname="col2">[6:5]</entry>
              <entry class="- topic/entry " colname="col3">[6:5]</entry>
              <entry class="- topic/entry " colname="col4">
                <p class="- topic/p ">Translation regime:</p>
                <dl class="- topic/dl " compact="yes">
                  <dlentry class="- topic/dlentry ">
                    <dt class="- topic/dt ">00</dt>
                    <dd class="- topic/dd ">Secure EL1/EL0</dd>
                  </dlentry>
                  <dlentry class="- topic/dlentry ">
                    <dt class="- topic/dt ">01</dt>
                    <dd class="- topic/dd ">Secure EL3</dd>
                  </dlentry>
                  <dlentry class="- topic/dlentry ">
                    <dt class="- topic/dt ">10</dt>
                    <dd class="- topic/dd ">Non-secure EL1/EL0</dd>
                  </dlentry>
                  <dlentry class="- topic/dlentry ">
                    <dt class="- topic/dt ">11</dt>
                    <dd class="- topic/dd ">Non-secure EL2</dd>
                  </dlentry>
                </dl>
              </entry>
            </row>
            <row class="- topic/row ">
              
              <entry class="- topic/entry " colname="col2">[4:1]</entry>
              <entry class="- topic/entry " colname="col3">[4:1]</entry>
              <entry class="- topic/entry " colname="col4">TLB attribute</entry>
            </row>
            <row class="- topic/row ">
              
              <entry class="- topic/entry " colname="col2">[0]</entry>
              <entry class="- topic/entry " colname="col3">[0]</entry>
              <entry class="- topic/entry " colname="col4">Valid</entry>
            </row>
            <row class="- topic/row ">
              <entry class="- topic/entry " colname="col1" morerows="2">Instruction Register 1</entry>
              <entry class="- topic/entry " colname="col2">[60]</entry>
              <entry class="- topic/entry " colname="col3">[60]</entry>
              <entry class="- topic/entry " colname="col4">
                <p class="- topic/p ">Non-secure</p>
              </entry>
            </row>
            <row class="- topic/row ">
              <entry class="- topic/entry " colname="col2">[59:32]</entry>
              <entry class="- topic/entry " colname="col3">[59:32]</entry>
              <entry class="- topic/entry " colname="col4">Physical address [39:12]</entry>
            </row>
            <row class="- topic/row ">
              <entry class="- topic/entry " colname="col2">[31:0]</entry>
              <entry class="- topic/entry " colname="col3">[31:0]</entry>
              <entry class="- topic/entry " colname="col4">Virtual address[48:17]</entry>
            </row>
          </tbody>
        </tgroup>
      </table>

      
      
      <p class="- topic/p ">The following table shows the data that is returned from accessing the
        BPIQ RAM.</p>
      <table class="- topic/table " frame="all">
        <title class="- topic/title ">BPIQ cache format</title>
        <tgroup class="- topic/tgroup " cols="3">
          <colspec class="- topic/colspec " colname="col1" colnum="1" colwidth="1.02*"/>
          <colspec class="- topic/colspec " colname="col2" colnum="2" colwidth="1*"/>
          <colspec class="- topic/colspec " colname="col3" colnum="3" colwidth="1*"/>
          <thead class="- topic/thead ">
            <row class="- topic/row ">
              <entry class="- topic/entry " colname="col1">Register</entry>
              <entry class="- topic/entry " colname="col2">Bit field</entry>
              <entry class="- topic/entry " colname="col3">Description</entry>
            </row>
          </thead>
          <tbody class="- topic/tbody ">
            <row class="- topic/row ">
              <entry class="- topic/entry " colname="col1">Instruction Register 0</entry>
              <entry class="- topic/entry " colname="col2">[63:0]</entry>
              <entry class="- topic/entry " colname="col3">Data [63:0]</entry>
            </row>
            <row class="- topic/row ">
              <entry class="- topic/entry " colname="col1" morerows="1">Instruction Register 1</entry>
              <entry class="- topic/entry " colname="col2">[63:32]</entry>
              <entry class="- topic/entry " colname="col3">0</entry>
            </row>
            <row class="- topic/row ">
              <entry class="- topic/entry " colname="col2">[31:0]</entry>
              <entry class="- topic/entry " colname="col3">Data [95:64]</entry>
            </row>
            <row class="- topic/row ">
              <entry class="- topic/entry " colname="col1">Instruction Register 2</entry>
              <entry class="- topic/entry " colname="col2">[63:0]</entry>
              <entry class="- topic/entry " colname="col3">0</entry>
            </row>
          </tbody>
        </tgroup>
      </table>

    </section>
  </refbody>
</reference>