<?xml version="1.0" encoding="UTF-8"?>
<!DOCTYPE reference
  PUBLIC "-//OASIS//DTD DITA Reference//EN" "reference.dtd">
<reference xmlns:ditaarch="http://dita.oasis-open.org/architecture/2005/" class="- topic/topic       reference/reference " ditaarch:DITAArchVersion="1.2" id="uyn1473169672870" xml:lang="en-us">
	<title class="- topic/title ">PMU snapshot registers</title>
	<shortdesc class="- topic/shortdesc ">PMU snapshot registers are an <term class="- topic/term " outputclass="archterm">IMPLEMENTATION DEFINED</term> extension to an <ph class="- topic/ph "><keyword class="- topic/keyword "><tm class="- topic/tm " tmtype="reg">Arm</tm>v8‑A</keyword></ph> compliant PMU to
		support an external core monitor that connects to a system profiler.</shortdesc>
	<prolog class="- topic/prolog "><permissions class="- topic/permissions " view="nonconfidential"/></prolog>
	<refbody class="- topic/body        reference/refbody ">
		<section class="- topic/section ">
			<p class="- topic/p "/>
		</section>
	</refbody>
<related-links class="- topic/related-links "><linkpool class="- topic/linkpool " mapkeyref="kqb1476970875925"><linkpool class="- topic/linkpool "><link class="- topic/link " format="dita" href="ylb1473169716120.xml" role="child" scope="local" type="reference"><linktext class="- topic/linktext ">PMU snapshot register summary</linktext><desc class="- topic/desc ">The snapshot registers are visible in an <term class="- topic/term " outputclass="archterm">implementation defined</term> region of 		the PMU external debug interface. Each time the debugger sends a snapshot request, 		information is collected to see how the code is executed in the different cores.</desc></link><link class="- topic/link " format="dita" href="jub1473226957585.xml" role="child" scope="local" type="reference"><linktext class="- topic/linktext ">PMPCSSR, Snapshot Program Counter Sample Register</linktext><desc class="- topic/desc ">The PMPCSSR is an alias for the PCSR register.</desc></link><link class="- topic/link " format="dita" href="vqc1473172331269.xml" role="child" scope="local" type="reference"><linktext class="- topic/linktext ">PMCIDSSR, Snapshot CONTEXTIDR_EL1 Sample Register</linktext><desc class="- topic/desc ">The PMCIDSSR is an alias for the CIDSR register.</desc></link><link class="- topic/link " format="dita" href="nls1473172127906.xml" role="child" scope="local" type="reference"><linktext class="- topic/linktext ">PMCID2SSR, Snapshot CONTEXTIDR_EL2 Sample Register</linktext><desc class="- topic/desc ">The PMCID2SSR is an alias for the CID2SR register.</desc></link><link class="- topic/link " format="dita" href="hia1473229271650.xml" role="child" scope="local" type="reference"><linktext class="- topic/linktext ">PMSSSR, PMU Snapshot Status Register</linktext><desc class="- topic/desc ">The PMSSSR holds status information about the captured counters.</desc></link><link class="- topic/link " format="dita" href="vcq1473172538334.xml" role="child" scope="local" type="reference"><linktext class="- topic/linktext ">PMOVSSR, PMU Overflow Status Snapshot Register</linktext><desc class="- topic/desc ">The PMOVSSR is a captured copy of  PMOVSR.</desc></link><link class="- topic/link " format="dita" href="rcc1473170931764.xml" role="child" scope="local" type="reference"><linktext class="- topic/linktext ">PMCCNTSR, PMU Cycle Counter Snapshot Register</linktext><desc class="- topic/desc ">The PMCCNTSR is a captured copy of PMCCNTR_EL0.</desc></link><link class="- topic/link " format="dita" href="nvv1473172414952.xml" role="child" scope="local" type="reference"><linktext class="- topic/linktext ">PMEVCNTSRn, PMU Cycle Counter Snapshot Registers 0-5</linktext><desc class="- topic/desc ">The PMEVCNTSRn, are captured copies of PMEVCNTRn_EL0, n is 		0-5.</desc></link><link class="- topic/link " format="dita" href="rpf1473227989981.xml" role="child" scope="local" type="reference"><linktext class="- topic/linktext ">PMSSCR, PMU Snapshot Capture Register</linktext><desc class="- topic/desc ">The PMSSCR provides a mechanism for software to initiate a sample.</desc></link></linkpool></linkpool></related-links></reference>