<?xml version="1.0" encoding="UTF-8"?>
<!DOCTYPE reference
  PUBLIC "-//OASIS//DTD DITA Reference//EN" "reference.dtd">
<reference xmlns:ditaarch="http://dita.oasis-open.org/architecture/2005/" class="- topic/topic       reference/reference " ditaarch:DITAArchVersion="1.2" id="vcq1473172538334" xml:lang="en-us">
	<title class="- topic/title ">PMOVSSR, PMU Overflow Status Snapshot Register</title>
	<shortdesc class="- topic/shortdesc ">The PMOVSSR is a captured copy of  PMOVSR.</shortdesc>
	<prolog class="- topic/prolog "><permissions class="- topic/permissions " view="nonconfidential"/></prolog>
	<refbody class="- topic/body        reference/refbody ">
		<section class="- topic/section ">
			<p class="- topic/p ">Once it is captured, the value in PMOVSSR is unaffected by writes to PMOVSSET_EL0 and
				PMOVSCLR_EL0.</p>
		</section>
		<section class="- topic/section ">
			<title class="- topic/title ">Configurations</title>
			<p class="- topic/p ">There are no configuration notes.</p>
		</section>
		<section class="- topic/section ">
			<title class="- topic/title ">Usage constraints</title>
			<p class="- topic/p ">Any access to PMOVSSR returns an error if any of the following occurs:</p>
			<ul class="- topic/ul ">
				<li class="- topic/li ">The core power domain is off.</li>
				<li class="- topic/li ">DoubleLockStatus() == TRUE.</li>
			</ul>
		</section>
	</refbody>
</reference>