<?xml version="1.0" encoding="UTF-8"?>
<!DOCTYPE reference
  PUBLIC "-//OASIS//DTD DITA Reference//EN" "reference.dtd">
<reference xmlns:ditaarch="http://dita.oasis-open.org/architecture/2005/" class="- topic/topic       reference/reference " ditaarch:DITAArchVersion="1.2" id="vyz1474288642391" outputclass="nolist" xml:lang="en-us">
  <title class="- topic/title ">Power domain states for power modes</title>
  <shortdesc class="- topic/shortdesc ">The power domains can be controlled independently to give different
    combinations when powered-up and powered-down.</shortdesc>
  <prolog class="- topic/prolog ">
    <permissions class="- topic/permissions " view="nonconfidential"/>
    
  </prolog>
  <refbody class="- topic/body        reference/refbody ">
    <section class="- topic/section ">
      <p class="- topic/p ">However, only some powered-up and powered-down domain combinations are valid
        and supported. The following information shows the supported power domain states for the <ph class="- topic/ph "><keyword class="- topic/keyword "><tm class="- topic/tm " tmtype="reg">Cortex</tm></keyword><keyword class="- topic/keyword ">‑A76</keyword></ph> core. </p>
      <p class="- topic/p ">The PDCPU power domain supports the power states described in the following
        table.</p>
      <table class="- topic/table " colsep="0" frame="topbot" rowsep="0">
        <title class="- topic/title ">Power state description</title>
        <tgroup class="- topic/tgroup " cols="2" colsep="0" rowsep="0">
          <colspec class="- topic/colspec " colname="col1" colnum="1" colsep="0"/>
          <colspec class="- topic/colspec " colname="col2" colnum="2" colsep="0"/>
          <thead class="- topic/thead ">
            <row class="- topic/row " rowsep="1">
              <entry class="- topic/entry " colname="col1">Power state</entry>
              <entry class="- topic/entry " colname="col2">Description</entry>
            </row>
          </thead>
          <tbody class="- topic/tbody ">
            <row class="- topic/row " rowsep="1">
              <entry class="- topic/entry " colname="col1">Off</entry>
              <entry class="- topic/entry " colname="col2">Core off. Power to the block is gated.</entry>
            </row>
            <row class="- topic/row " rowsep="1">
              <entry class="- topic/entry " colname="col1">Ret</entry>
              <entry class="- topic/entry " colname="col2">Core retention. Logic and RAM retention power
                only.</entry>
            </row>
            <row class="- topic/row " rowsep="0">
              <entry class="- topic/entry " colname="col1">On</entry>
              <entry class="- topic/entry " colname="col2">Core on. Block is active.</entry>
            </row>
          </tbody>
        </tgroup>
      </table>
      <note class="- topic/note " type="caution"> States that are not shown in the following tables are
        unsupported and must not occur. </note>
      <p class="- topic/p ">The following table describes the power modes, and the corresponding power
        domain states for individual cores. The power mode of each core is independent of all other
        cores in the cluster.</p>
      
      <table class="- topic/table " colsep="0" frame="topbot" rowsep="0">
        <title class="- topic/title ">Supported core power domain states</title>
        <tgroup class="- topic/tgroup " cols="3" colsep="0" rowsep="0">
          
          <colspec class="- topic/colspec " colname="col1" colnum="1"/><colspec class="- topic/colspec " colname="col2" colnum="2"/><colspec class="- topic/colspec " colname="col3" colnum="3"/><thead class="- topic/thead ">
            
            <row class="- topic/row " rowsep="0">
              <entry class="- topic/entry " colname="col1">Power mode</entry>
              <entry class="- topic/entry " colname="col2">Power domain state</entry>
              <entry class="- topic/entry " colname="col3">Description</entry>
              
            </row>
            
          </thead>
          <tbody class="- topic/tbody ">
            <row class="- topic/row " rowsep="1">
              <entry class="- topic/entry " colname="col1">Debug recovery</entry>
              <entry class="- topic/entry " colname="col2">On</entry>
              
              <entry class="- topic/entry " colname="col3">Core on. </entry>
              
            </row>
            
            <row class="- topic/row " rowsep="1">
              <entry class="- topic/entry " colname="col1">On</entry>
              <entry class="- topic/entry " colname="col2">On</entry>
              
              <entry class="- topic/entry " colname="col3">Core on. </entry>
            </row>
            
            <row class="- topic/row " rowsep="1">
              <entry class="- topic/entry " colname="col1">Core dynamic retention</entry>
              <entry class="- topic/entry " colname="col2">Ret</entry>
              
              <entry class="- topic/entry " colname="col3">Core in retention. </entry>
            </row>
            
            <row class="- topic/row " rowsep="1">
              <entry class="- topic/entry " colname="col1">Off (emulated)</entry>
              <entry class="- topic/entry " colname="col2">On</entry>
              <entry class="- topic/entry " colname="col3">Core on. </entry>
            </row>
            
            <row class="- topic/row " rowsep="0">
              <entry class="- topic/entry " colname="col1">Off</entry>
              <entry class="- topic/entry " colname="col2">Off</entry>
              <entry class="- topic/entry " colname="col3">Core off.</entry>
              
            </row>
            
          </tbody>
        </tgroup>
      </table>
      
      <p class="- topic/p ">Deviating from the legal power modes can lead to <term class="- topic/term " outputclass="archterm">unpredictable</term> results. You must comply with the dynamic
        power management and powerup and powerdown sequences described in the following sections.
      </p>
    </section>
  </refbody>
</reference>