<?xml version="1.0" encoding="UTF-8"?>
<!DOCTYPE concept
  PUBLIC "-//OASIS//DTD DITA Concept//EN" "concept.dtd">
<concept xmlns:ditaarch="http://dita.oasis-open.org/architecture/2005/" class="- topic/topic concept/concept " ditaarch:DITAArchVersion="1.2" id="way1441399016385" xml:lang="en-us">
	<title class="- topic/title ">Safety lifecycle</title>
	<shortdesc class="- topic/shortdesc ">This chapter describes the overall functional safety management within
		<keyword class="- topic/keyword ">Arm</keyword>, and specific safety management activities, which were applied during the project to generate internal safety case evidence
		and licensee documentation for the <ph class="- topic/ph "><keyword class="- topic/keyword "><tm class="- topic/tm " tmtype="reg">Cortex</tm></keyword><keyword class="- topic/keyword ">‑A76</keyword></ph> processor.</shortdesc>
	<prolog class="- topic/prolog ">
		<permissions class="- topic/permissions " view="nonconfidential"/>
	</prolog>
	<conbody class="- topic/body  concept/conbody ">
	</conbody>
</concept>