<?xml version="1.0" encoding="UTF-8"?>
<!DOCTYPE reference
  PUBLIC "-//OASIS//DTD DITA Reference//EN" "reference.dtd">
<reference xmlns:ditaarch="http://dita.oasis-open.org/architecture/2005/" class="- topic/topic       reference/reference " ditaarch:DITAArchVersion="1.2" id="way1460466410970" xml:lang="en-us">
  
  <title class="- topic/title " id="TitleCacheSizeIDRegister_EL1">CCSIDR_EL1, Cache Size ID Register,
		EL1</title>
  <shortdesc class="- topic/shortdesc ">The CCSIDR_EL1 provides information about the architecture of the
		currently selected cache.</shortdesc>
  <prolog class="- topic/prolog ">
    <permissions class="- topic/permissions " view="nonconfidential"/>
    
  </prolog>
  <refbody class="- topic/body        reference/refbody ">
    <section class="- topic/section ">
      <title class="- topic/title ">Bit field descriptions</title>
      <p class="- topic/p ">CCSIDR_EL1 is a 32-bit register, and is part of the Identification
        registers functional group.</p>
      <p class="- topic/p ">This register is Read Only.</p>
      <fig class="- topic/fig " id="fig_ptk_3kk_qv">
        <title class="- topic/title ">CCSIDR_EL1 bit assignments</title>
        <image class="- topic/image " href="lau1443435190274.svg" id="image_fdl_3kk_qv" placement="inline">
          <alt class="- topic/alt ">CCSIDR_EL1 bit assignments</alt>
        </image>
        
      </fig>
      <dl class="- topic/dl ">
        <dlentry class="- topic/dlentry ">
          <dt class="- topic/dt ">WT, [31]</dt>
          <dd class="- topic/dd ">
            <p class="- topic/p ">Indicates whether the selected cache level supports
              Write-Through:</p>
            <dl class="- topic/dl " compact="yes" outputclass="termwidthpc8">
              <dlentry class="- topic/dlentry ">
                <dt class="- topic/dt ">
                  <codeph class="+ topic/ph pr-d/codeph " otherprops="g.number.any">0</codeph>
                </dt>
                <dd class="- topic/dd ">
                  <p class="- topic/p ">Cache Write-Through is not supported at any level.</p>
                  <p class="- topic/p ">For more information about encoding, see <xref class="- topic/xref " href="way1460466410970.xml#way1460466410970/ccsidr_el_encodings" keyref="CcsidrEl1CacheSizeIdRegisterEl1/ccsidr_el_encodings" type="section">CCSIDR_EL1 encodings</xref>.</p>
                </dd>
              </dlentry>
            </dl>
          </dd>
        </dlentry>
        <dlentry class="- topic/dlentry ">
          <dt class="- topic/dt ">WB, [30]</dt>
          <dd class="- topic/dd ">
            <p class="- topic/p ">Indicates whether the selected cache level supports Write-Back.
              Permitted values are:</p>
            <dl class="- topic/dl " compact="yes" outputclass="termwidthpc8">
              <dlentry class="- topic/dlentry ">
                <dt class="- topic/dt ">
                  <codeph class="+ topic/ph pr-d/codeph " otherprops="g.number.any">0</codeph>
                </dt>
                <dd class="- topic/dd ">
                  <p class="- topic/p ">Write-Back is not supported.</p>
                </dd>
              </dlentry>
              <dlentry class="- topic/dlentry ">
                <dt class="- topic/dt ">
                  <codeph class="+ topic/ph pr-d/codeph " otherprops="g.number.any">1</codeph>
                </dt>
                <dd class="- topic/dd ">
                  <p class="- topic/p ">Write-Back is supported.</p>
                  <p class="- topic/p ">For more information about encoding, see <xref class="- topic/xref " href="way1460466410970.xml#way1460466410970/ccsidr_el_encodings" keyref="CcsidrEl1CacheSizeIdRegisterEl1/ccsidr_el_encodings" type="section">CCSIDR_EL1 encodings</xref>.</p>
                </dd>
              </dlentry>
            </dl>
          </dd>
        </dlentry>
        <dlentry class="- topic/dlentry ">
          <dt class="- topic/dt ">RA, [29]</dt>
          <dd class="- topic/dd ">
            <p class="- topic/p ">Indicates whether the selected cache level supports read-allocation.
              Permitted values are:</p>
            <dl class="- topic/dl " compact="yes" outputclass="termwidthpc8">
              <dlentry class="- topic/dlentry ">
                <dt class="- topic/dt ">
                  <codeph class="+ topic/ph pr-d/codeph " otherprops="g.number.any">0</codeph>
                </dt>
                <dd class="- topic/dd ">
                  <p class="- topic/p ">Read-allocation is not supported.</p>
                </dd>
              </dlentry>
              <dlentry class="- topic/dlentry ">
                <dt class="- topic/dt ">
                  <codeph class="+ topic/ph pr-d/codeph " otherprops="g.number.any">1</codeph>
                </dt>
                <dd class="- topic/dd ">
                  <p class="- topic/p ">Read-allocation is supported.</p>
                  <p class="- topic/p ">For more information about encoding, see <xref class="- topic/xref " href="way1460466410970.xml#way1460466410970/ccsidr_el_encodings" keyref="CcsidrEl1CacheSizeIdRegisterEl1/ccsidr_el_encodings" type="section">CCSIDR_EL1 encodings</xref>.</p>
                </dd>
              </dlentry>
            </dl>
          </dd>
        </dlentry>
        <dlentry class="- topic/dlentry ">
          <dt class="- topic/dt ">WA, [28]</dt>
          <dd class="- topic/dd ">
            <p class="- topic/p ">Indicates whether the selected cache level supports write-allocation.
              Permitted values are:</p>
            <dl class="- topic/dl " compact="yes" outputclass="termwidthpc8">
              <dlentry class="- topic/dlentry ">
                <dt class="- topic/dt ">
                  <codeph class="+ topic/ph pr-d/codeph " otherprops="g.number.any">0</codeph>
                </dt>
                <dd class="- topic/dd ">
                  <p class="- topic/p ">Write-allocation is not supported.</p>
                </dd>
              </dlentry>
              <dlentry class="- topic/dlentry ">
                <dt class="- topic/dt ">
                  <codeph class="+ topic/ph pr-d/codeph " otherprops="g.number.any">1</codeph>
                </dt>
                <dd class="- topic/dd ">
                  <p class="- topic/p ">Write-allocation is supported.</p>
                  <p class="- topic/p ">For more information about encoding, see <xref class="- topic/xref " href="way1460466410970.xml#way1460466410970/ccsidr_el_encodings" keyref="CcsidrEl1CacheSizeIdRegisterEl1/ccsidr_el_encodings" type="section">CCSIDR_EL1 encodings</xref>.</p>
                </dd>
              </dlentry>
            </dl>
          </dd>
        </dlentry>
        <dlentry class="- topic/dlentry ">
          <dt class="- topic/dt ">NumSets, [27:13]</dt>
          <dd class="- topic/dd ">
            <p class="- topic/p ">(Number of sets in cache) - 1. Therefore, a value of 0 indicates one
              set in the cache. The number of sets does not have to be a power of 2.</p>
            <p class="- topic/p ">For more information about encoding, see <xref class="- topic/xref " href="way1460466410970.xml#way1460466410970/ccsidr_el_encodings" keyref="CcsidrEl1CacheSizeIdRegisterEl1/ccsidr_el_encodings" type="section">CCSIDR_EL1 encodings</xref>.</p>
          </dd>
        </dlentry>
        <dlentry class="- topic/dlentry ">
          <dt class="- topic/dt ">Associativity, [12:3]</dt>
          <dd class="- topic/dd ">
            <p class="- topic/p ">(Associativity of cache) - 1. Therefore, a value of 0 indicates an
              associativity of 1. The associativity does not have to be a power of 2.</p>
            <p class="- topic/p ">For more information about encoding, see <xref class="- topic/xref " href="way1460466410970.xml#way1460466410970/ccsidr_el_encodings" keyref="CcsidrEl1CacheSizeIdRegisterEl1/ccsidr_el_encodings" type="section">CCSIDR_EL1 encodings</xref>.</p>
          </dd>
        </dlentry>
        <dlentry class="- topic/dlentry ">
          <dt class="- topic/dt ">LineSize, [2:0]</dt>
          <dd class="- topic/dd ">
            <p class="- topic/p ">(Log<sub class="+ topic/ph hi-d/sub ">2</sub>(Number of bytes in cache line)) -
              4. For example:</p>
            <p class="- topic/p ">Indicates the (log<sub class="+ topic/ph hi-d/sub ">2</sub> (number of words in
              cache line)) - 2:</p>
            <dl class="- topic/dl " compact="yes" outputclass="termwidthpc8">
              <dlentry class="- topic/dlentry ">
                <dt class="- topic/dt "/>
                <dd class="- topic/dd ">
                  <p class="- topic/p ">For a line length of 16 bytes: Log<sub class="+ topic/ph hi-d/sub ">2</sub>(16) = 4, LineSize entry = 0. This is the minimum line length.</p>
                </dd>
              </dlentry>
              <dlentry class="- topic/dlentry ">
                <dt class="- topic/dt "/>
                <dd class="- topic/dd ">
                  <p class="- topic/p ">For a line length of 32 bytes: Log<sub class="+ topic/ph hi-d/sub ">2</sub>(32) = 5, LineSize entry = 1.</p>
                </dd>
              </dlentry>
            </dl>
            <p class="- topic/p ">For more information about encoding, see <xref class="- topic/xref " href="way1460466410970.xml#way1460466410970/ccsidr_el_encodings" keyref="CcsidrEl1CacheSizeIdRegisterEl1/ccsidr_el_encodings" type="section">CCSIDR_EL1 encodings</xref>.</p>
          </dd>
        </dlentry>
        <dlentry class="- topic/dlentry ">
          <dt class="- topic/dt ">Configurations</dt>
          
          <dd class="- topic/dd ">There are no configuration notes.</dd>
          <dd class="- topic/dd ">Bit fields and details that are not provided in this description are
            architecturally defined. See the <cite class="- topic/cite "><ph class="- topic/ph ">
                            <keyword class="- topic/keyword "><tm class="- topic/tm " tmtype="reg">Arm</tm></keyword> Architecture Reference Manual <keyword class="- topic/keyword ">Arm</keyword>v8, for <keyword class="- topic/keyword ">Arm</keyword>v8-A architecture profile</ph></cite>.</dd>
        </dlentry>
      </dl></section>
    <section class="- topic/section " id="ccsidr_el_encodings">
      <title class="- topic/title " id="sccsidr_el_encodings">CCSIDR_EL1 encodings</title>
      <p class="- topic/p ">The following table shows the individual bit field and complete register
        encodings for the CCSIDR_EL1.</p>
      
      <table class="- topic/table ">
            <title class="- topic/title ">CCSIDR encodings</title>
            <tgroup class="- topic/tgroup " cols="12">
                <colspec class="- topic/colspec " colname="col1" colnum="1"/>
                <colspec class="- topic/colspec " colname="col2" colnum="2"/>
                <colspec class="- topic/colspec " colname="col3" colnum="3"/>
                <colspec class="- topic/colspec " colname="col4" colnum="4"/>
                <colspec class="- topic/colspec " colname="col5" colnum="5"/>
                <colspec class="- topic/colspec " colname="col6" colnum="6"/>
                <colspec class="- topic/colspec " colname="col7" colnum="7"/>
                <colspec class="- topic/colspec " colname="col8" colnum="8"/>
                <colspec class="- topic/colspec " colname="col9" colnum="9"/>
                <colspec class="- topic/colspec " colname="col10" colnum="10"/>
                <colspec class="- topic/colspec " colname="col11" colnum="11"/>
                <colspec class="- topic/colspec " colname="col12" colnum="12"/>

                <thead class="- topic/thead ">
                    <row class="- topic/row ">
                        <entry class="- topic/entry " colname="col1" nameend="col2" namest="col1">CSSELR</entry>
                        <entry class="- topic/entry " colname="col3" morerows="1">Cache</entry>
                        <entry class="- topic/entry " colname="col4" morerows="1">Size</entry>
                        <entry class="- topic/entry " colname="col5" morerows="1">Complete register
                            encoding</entry>
                        <entry class="- topic/entry " colname="col6" nameend="col12" namest="col6">Register bit field
                            encoding</entry>
                    </row>
                    <row class="- topic/row ">
                        <entry class="- topic/entry " colname="col1">Level</entry>
                        <entry class="- topic/entry " colname="col2">InD</entry>
                        <entry class="- topic/entry " colname="col6">WT</entry>
                        <entry class="- topic/entry " colname="col7">WB</entry>
                        <entry class="- topic/entry " colname="col8">RA</entry>
                        <entry class="- topic/entry " colname="col9">WA</entry>
                        <entry class="- topic/entry " colname="col10">NumSets</entry>
                        <entry class="- topic/entry " colname="col11">Associativity</entry>
                        <entry class="- topic/entry " colname="col12">LineSize</entry>
                    </row>
                </thead>
                <tbody class="- topic/tbody ">
                    <row class="- topic/row ">
                        <entry class="- topic/entry " colname="col1"><codeph class="+ topic/ph pr-d/codeph " otherprops="g.number.bin">000</codeph></entry>
                        <entry class="- topic/entry " colname="col2"><codeph class="+ topic/ph pr-d/codeph " otherprops="g.number.bin">0</codeph></entry>
                        <entry class="- topic/entry " colname="col3">L1 Data cache</entry>
                        <entry class="- topic/entry " colname="col4">64KB</entry>
                        <entry class="- topic/entry " colname="col5"><codeph class="+ topic/ph pr-d/codeph ">701FE01A</codeph></entry>
                        <entry class="- topic/entry " colname="col6"><codeph class="+ topic/ph pr-d/codeph ">0</codeph></entry>
                        <entry class="- topic/entry " colname="col7"><codeph class="+ topic/ph pr-d/codeph ">1</codeph></entry>
                        <entry class="- topic/entry " colname="col8"><codeph class="+ topic/ph pr-d/codeph ">1</codeph></entry>
                        <entry class="- topic/entry " colname="col9"><codeph class="+ topic/ph pr-d/codeph ">1</codeph></entry>
                        <entry class="- topic/entry " colname="col10"><codeph class="+ topic/ph pr-d/codeph " otherprops="g.number.hex">0x00FF</codeph></entry>
                        <entry class="- topic/entry " colname="col11"><codeph class="+ topic/ph pr-d/codeph " otherprops="g.number.hex">0x003</codeph></entry>
                        <entry class="- topic/entry " colname="col12"><codeph class="+ topic/ph pr-d/codeph ">2</codeph></entry>
                    </row>
                    
                    
                    <row class="- topic/row ">
                        <entry class="- topic/entry " colname="col1"><codeph class="+ topic/ph pr-d/codeph " otherprops="g.number.bin">000</codeph></entry>
                        <entry class="- topic/entry " colname="col2"><codeph class="+ topic/ph pr-d/codeph " otherprops="g.number.bin">1</codeph></entry>
                        <entry class="- topic/entry " colname="col3">L1 Instruction cache</entry>
                        <entry class="- topic/entry " colname="col4">64KB</entry>
                        <entry class="- topic/entry " colname="col5"><codeph class="+ topic/ph pr-d/codeph ">201FE01A</codeph></entry>
                        <entry class="- topic/entry " colname="col6"><codeph class="+ topic/ph pr-d/codeph ">0</codeph></entry>
                        <entry class="- topic/entry " colname="col7"><codeph class="+ topic/ph pr-d/codeph ">0</codeph></entry>
                        <entry class="- topic/entry " colname="col8"><codeph class="+ topic/ph pr-d/codeph ">1</codeph></entry>
                        <entry class="- topic/entry " colname="col9"><codeph class="+ topic/ph pr-d/codeph ">0</codeph></entry>
                        <entry class="- topic/entry " colname="col10"><codeph class="+ topic/ph pr-d/codeph " otherprops="g.number.hex">00FF</codeph></entry>
                        <entry class="- topic/entry " colname="col11"><codeph class="+ topic/ph pr-d/codeph " otherprops="g.number.hex">003</codeph></entry>
                        <entry class="- topic/entry " colname="col12"><codeph class="+ topic/ph pr-d/codeph ">2</codeph></entry>
                    </row>
                    
                    
                    <row class="- topic/row ">
                        <entry class="- topic/entry " colname="col1" morerows="2"><codeph class="+ topic/ph pr-d/codeph " otherprops="g.number.bin">001</codeph></entry>
                        <entry class="- topic/entry " colname="col2" morerows="2"><codeph class="+ topic/ph pr-d/codeph " otherprops="g.number.bin">0</codeph></entry>
                        <entry class="- topic/entry " colname="col3" morerows="2">L2 cache</entry>
                        <entry class="- topic/entry " colname="col4">128KB</entry>
                        <entry class="- topic/entry " colname="col5"><codeph class="+ topic/ph pr-d/codeph ">701FE03A</codeph></entry>
                        <entry class="- topic/entry " colname="col6"><codeph class="+ topic/ph pr-d/codeph ">0</codeph></entry>
                        <entry class="- topic/entry " colname="col7"><codeph class="+ topic/ph pr-d/codeph ">1</codeph></entry>
                        <entry class="- topic/entry " colname="col8"><codeph class="+ topic/ph pr-d/codeph ">1</codeph></entry>
                        <entry class="- topic/entry " colname="col9"><codeph class="+ topic/ph pr-d/codeph ">1</codeph></entry>
                        <entry class="- topic/entry " colname="col10"><codeph class="+ topic/ph pr-d/codeph " otherprops="g.number.hex">00FF</codeph></entry>
                        <entry class="- topic/entry " colname="col11"><codeph class="+ topic/ph pr-d/codeph " otherprops="g.number.hex">007</codeph></entry>
                        <entry class="- topic/entry " colname="col12"><codeph class="+ topic/ph pr-d/codeph ">2</codeph></entry>
                    </row>
                    <row class="- topic/row ">
                        <entry class="- topic/entry " colname="col4">256KB</entry>
                        <entry class="- topic/entry " colname="col5"><codeph class="+ topic/ph pr-d/codeph ">703FE03A</codeph></entry>
                        <entry class="- topic/entry " colname="col6"><codeph class="+ topic/ph pr-d/codeph ">0</codeph></entry>
                        <entry class="- topic/entry " colname="col7"><codeph class="+ topic/ph pr-d/codeph ">1</codeph></entry>
                        <entry class="- topic/entry " colname="col8"><codeph class="+ topic/ph pr-d/codeph ">1</codeph></entry>
                        <entry class="- topic/entry " colname="col9"><codeph class="+ topic/ph pr-d/codeph ">1</codeph></entry>
                        <entry class="- topic/entry " colname="col10"><codeph class="+ topic/ph pr-d/codeph " otherprops="g.number.hex">01FF</codeph></entry>
                        <entry class="- topic/entry " colname="col11"><codeph class="+ topic/ph pr-d/codeph " otherprops="g.number.hex">007</codeph></entry>
                        <entry class="- topic/entry " colname="col12"><codeph class="+ topic/ph pr-d/codeph ">2</codeph></entry>
                    </row>
                    <row class="- topic/row ">
                        <entry class="- topic/entry " colname="col4">512KB</entry>
                        <entry class="- topic/entry " colname="col5"><codeph class="+ topic/ph pr-d/codeph ">707FE03A</codeph></entry>
                        <entry class="- topic/entry " colname="col6"><codeph class="+ topic/ph pr-d/codeph ">0</codeph></entry>
                        <entry class="- topic/entry " colname="col7"><codeph class="+ topic/ph pr-d/codeph ">1</codeph></entry>
                        <entry class="- topic/entry " colname="col8"><codeph class="+ topic/ph pr-d/codeph ">1</codeph></entry>
                        <entry class="- topic/entry " colname="col9"><codeph class="+ topic/ph pr-d/codeph ">1</codeph></entry>
                        <entry class="- topic/entry " colname="col10"><codeph class="+ topic/ph pr-d/codeph " otherprops="g.number.hex">03FF</codeph></entry>
                        <entry class="- topic/entry " colname="col11"><codeph class="+ topic/ph pr-d/codeph " otherprops="g.number.hex">007</codeph></entry>
                        <entry class="- topic/entry " colname="col12"><codeph class="+ topic/ph pr-d/codeph ">2</codeph></entry>
                    </row>
                    <row class="- topic/row ">
                        <entry class="- topic/entry " colname="col1"><codeph class="+ topic/ph pr-d/codeph " otherprops="g.number.bin">001</codeph></entry>
                        <entry class="- topic/entry " colname="col2"><codeph class="+ topic/ph pr-d/codeph " otherprops="g.number.bin">1</codeph></entry>
                        <entry class="- topic/entry " colname="col3">Reserved</entry>
                        <entry class="- topic/entry " colname="col4">-</entry>
                        <entry class="- topic/entry " colname="col5">-</entry>
                        <entry class="- topic/entry " colname="col6">-</entry>
                        <entry class="- topic/entry " colname="col7">-</entry>
                        <entry class="- topic/entry " colname="col8">-</entry>
                        <entry class="- topic/entry " colname="col9">-</entry>
                        <entry class="- topic/entry " colname="col10">-</entry>
                        <entry class="- topic/entry " colname="col11">-</entry>
                        <entry class="- topic/entry " colname="col12">-</entry>
                    </row>
                    <row class="- topic/row ">
                        <entry class="- topic/entry " colname="col1"><codeph class="+ topic/ph pr-d/codeph " otherprops="g.number.bin">010</codeph></entry>
                        <entry class="- topic/entry " colname="col2"><codeph class="+ topic/ph pr-d/codeph " otherprops="g.number.bin">0</codeph></entry>
                        <entry class="- topic/entry " colname="col3">Reserved</entry>
                        <entry class="- topic/entry " colname="col4">-</entry>
                        <entry class="- topic/entry " colname="col5">-</entry>
                        <entry class="- topic/entry " colname="col6">-</entry>
                        <entry class="- topic/entry " colname="col7">-</entry>
                        <entry class="- topic/entry " colname="col8">-</entry>
                        <entry class="- topic/entry " colname="col9">-</entry>
                        <entry class="- topic/entry " colname="col10">-</entry>
                        <entry class="- topic/entry " colname="col11">-</entry>
                        <entry class="- topic/entry " colname="col12">-</entry>
                    </row>
                    <row class="- topic/row ">
                        <entry class="- topic/entry " colname="col1"><codeph class="+ topic/ph pr-d/codeph " otherprops="g.number.bin">010</codeph></entry>
                        <entry class="- topic/entry " colname="col2"><codeph class="+ topic/ph pr-d/codeph " otherprops="g.number.bin">1</codeph></entry>
                        <entry class="- topic/entry " colname="col3">Reserved</entry>
                        <entry class="- topic/entry " colname="col4">-</entry>
                        <entry class="- topic/entry " colname="col5">-</entry>
                        <entry class="- topic/entry " colname="col6">-</entry>
                        <entry class="- topic/entry " colname="col7">-</entry>
                        <entry class="- topic/entry " colname="col8">-</entry>
                        <entry class="- topic/entry " colname="col9">-</entry>
                        <entry class="- topic/entry " colname="col10">-</entry>
                        <entry class="- topic/entry " colname="col11">-</entry>
                        <entry class="- topic/entry " colname="col12">-</entry>
                    </row>
                    <row class="- topic/row ">
                        <entry class="- topic/entry " colname="col1" nameend="col2" namest="col1"><codeph class="+ topic/ph pr-d/codeph " otherprops="g.number.bin">0101</codeph> - <codeph class="+ topic/ph pr-d/codeph " otherprops="g.number.bin">1111</codeph></entry>
                        <entry class="- topic/entry " colname="col3">Reserved</entry>
                        <entry class="- topic/entry " colname="col4">-</entry>
                        <entry class="- topic/entry " colname="col5">-</entry>
                        <entry class="- topic/entry " colname="col6">-</entry>
                        <entry class="- topic/entry " colname="col7">-</entry>
                        <entry class="- topic/entry " colname="col8">-</entry>
                        <entry class="- topic/entry " colname="col9">-</entry>
                        <entry class="- topic/entry " colname="col10">-</entry>
                        <entry class="- topic/entry " colname="col11">-</entry>
                        <entry class="- topic/entry " colname="col12">-</entry>
                    </row>
                </tbody>
            </tgroup>
        </table>
      
      
    </section>
  </refbody>
</reference>