<?xml version="1.0" encoding="UTF-8"?>
<!DOCTYPE reference
  PUBLIC "-//OASIS//DTD DITA Reference//EN" "reference.dtd">
<reference xmlns:ditaarch="http://dita.oasis-open.org/architecture/2005/" class="- topic/topic       reference/reference " ditaarch:DITAArchVersion="1.2" id="xhe1474455628057" xml:lang="en-us">
	
	
	
	<title class="- topic/title ">ERR0PFGF, Error Pseudo Fault Generation Feature Register</title>
	<shortdesc class="- topic/shortdesc ">The ERR0PFGF is the <ph class="- topic/ph "><keyword class="- topic/keyword "><tm class="- topic/tm " tmtype="reg">Cortex</tm></keyword><keyword class="- topic/keyword ">‑A76</keyword></ph> node register that defines which fault generation features are
		implemented.</shortdesc>
	<prolog class="- topic/prolog ">
		<permissions class="- topic/permissions " view="nonconfidential"/>
		

	</prolog>
	<refbody class="- topic/body        reference/refbody ">

		<section class="- topic/section ">
			<title class="- topic/title ">Bit field descriptions</title>
			<p class="- topic/p ">ERR0PFGF is a 32-bit register and is RO.</p>
			<fig class="- topic/fig ">
				<title class="- topic/title ">ERR0PFGF bit assignments</title>
				<image class="- topic/image " href="lau1466758747502.svg" placement="inline">
					<alt class="- topic/alt ">ERR0PFGF bit assignments</alt>
				</image>
				
				
			</fig>
			<dl class="- topic/dl ">
				
				<dlentry class="- topic/dlentry ">
					<dt class="- topic/dt ">PFG, [31]</dt>
					<dd class="- topic/dd "> <p class="- topic/p ">Pseudo Fault Generation. The value is:</p> <dl class="- topic/dl " compact="yes" outputclass="termwidthpc8">
						<dlentry class="- topic/dlentry ">
							<dt class="- topic/dt "><codeph class="+ topic/ph pr-d/codeph " otherprops="g.number.any">1</codeph></dt>
							<dd class="- topic/dd ">The node implements a fault injection
									mechanism.</dd>
						</dlentry>
						</dl> </dd>
				</dlentry>
				<dlentry class="- topic/dlentry ">
					<dt class="- topic/dt ">R, [30]</dt>
					<dd class="- topic/dd "> <p class="- topic/p ">Restartable bit. When it reaches zero, the Error
							Generation Counter restarts from the ERR0PFGCDN value or stops. The
							value is:</p> <dl class="- topic/dl " compact="yes" outputclass="termwidthpc8">
						<dlentry class="- topic/dlentry ">
							<dt class="- topic/dt "><codeph class="+ topic/ph pr-d/codeph " otherprops="g.number.any">1</codeph></dt>
							<dd class="- topic/dd ">This feature is controllable.</dd>
						</dlentry>
						</dl> </dd>
				</dlentry>
				
				
				
				
				
				
				
				<dlentry class="- topic/dlentry ">
					<dt class="- topic/dt ">[29:7]</dt>
					<dd class="- topic/dd "> <dl class="- topic/dl " compact="yes" outputclass="termwidthpc8">
						<dlentry class="- topic/dlentry ">
							<dt class="- topic/dt "><term class="- topic/term " outputclass="archterm">RES0</term></dt>
							<dd class="- topic/dd ">Reserved.</dd>
						</dlentry>
						</dl> </dd>
				</dlentry>
				
				
				<dlentry class="- topic/dlentry ">
					<dt class="- topic/dt ">CE, [6]</dt>
					<dd class="- topic/dd ">Corrected Error generation. The value is: 
						<dl class="- topic/dl " compact="yes" outputclass="termwidthpc8">
						<dlentry class="- topic/dlentry ">
							<dt class="- topic/dt "><codeph class="+ topic/ph pr-d/codeph " otherprops="g.number.any">1</codeph></dt>
							<dd class="- topic/dd ">This feature is controllable.</dd>
						</dlentry>
						</dl> </dd>
				</dlentry>
				<dlentry class="- topic/dlentry ">
					<dt class="- topic/dt ">DE, [5]</dt>
					<dd class="- topic/dd ">Deferred Error generation. The value is: 
						<dl class="- topic/dl " compact="yes" outputclass="termwidthpc8">
						<dlentry class="- topic/dlentry ">
							<dt class="- topic/dt "><codeph class="+ topic/ph pr-d/codeph " otherprops="g.number.any">1</codeph></dt>
							<dd class="- topic/dd ">This feature is controllable.</dd>
						</dlentry>
						</dl> </dd>
				</dlentry>
				<dlentry class="- topic/dlentry ">
					<dt class="- topic/dt ">UEO, [4]</dt>
					<dd class="- topic/dd ">Latent or Restartable Error generation. The value is:
						<dl class="- topic/dl " compact="yes" outputclass="termwidthpc8">
						<dlentry class="- topic/dlentry ">
							<dt class="- topic/dt "><codeph class="+ topic/ph pr-d/codeph " otherprops="g.number.any">0</codeph></dt>
							<dd class="- topic/dd ">The node does not support this feature.</dd>
						</dlentry>
						</dl> </dd>
				</dlentry>
				<dlentry class="- topic/dlentry ">
					<dt class="- topic/dt ">UER, [3]</dt>
					<dd class="- topic/dd ">Signaled or Recoverable Error generation. The value is: <dl class="- topic/dl " compact="yes" outputclass="termwidthpc8">
						<dlentry class="- topic/dlentry ">
							<dt class="- topic/dt "><codeph class="+ topic/ph pr-d/codeph " otherprops="g.number.any">0</codeph></dt>
							<dd class="- topic/dd ">The node does not support this feature.</dd>
						</dlentry>
						</dl> </dd>
				</dlentry>
				
				<dlentry class="- topic/dlentry ">
					<dt class="- topic/dt ">UEU, [2]</dt>
					<dd class="- topic/dd ">Unrecoverable Error generation. The value is: <dl class="- topic/dl " compact="yes" outputclass="termwidthpc8">
						<dlentry class="- topic/dlentry ">
							<dt class="- topic/dt "><codeph class="+ topic/ph pr-d/codeph " otherprops="g.number.any">0</codeph></dt>
							<dd class="- topic/dd ">The node does not support this feature.</dd>
						</dlentry>
						</dl> </dd>
				</dlentry>
				
				<dlentry class="- topic/dlentry ">
					<dt class="- topic/dt ">UC, [1]</dt>
					<dd class="- topic/dd ">Uncontainable Error generation. The value is:
						<dl class="- topic/dl " compact="yes" outputclass="termwidthpc8">
						<dlentry class="- topic/dlentry ">
							<dt class="- topic/dt "><codeph class="+ topic/ph pr-d/codeph " otherprops="g.number.any">1</codeph></dt>
							<dd class="- topic/dd ">This feature is controllable.</dd>
						</dlentry>
						</dl> </dd>
				</dlentry>
				
				<dlentry class="- topic/dlentry ">
					<dt class="- topic/dt ">[0]</dt>
					<dd class="- topic/dd "> <dl class="- topic/dl " compact="yes" outputclass="termwidthpc8">
						<dlentry class="- topic/dlentry ">
							<dt class="- topic/dt "><term class="- topic/term " outputclass="archterm">RES0</term></dt>
							<dd class="- topic/dd ">Reserved.</dd>
						</dlentry>
						</dl> </dd>
				</dlentry>
				
			</dl>
			<dl class="- topic/dl ">
				<dlentry class="- topic/dlentry ">
					<dt class="- topic/dt ">Configurations</dt>
					<dd class="- topic/dd "> <p class="- topic/p ">There are no configuration notes.</p> <p class="- topic/p ">ERR0PFGF resets to <ph class="- topic/ph " otherprops="g.number.hex">C0000062</ph>.</p>   <p class="- topic/p ">When ERRSELR.SEL==0, ERR0PFGF is accessible from <xref class="- topic/xref " href="joh1460036786483.xml" keyref="ErxpfgfrEl1SelectedPseudoFaultGenerationFeatureRegisterEl1" type="reference">ERXPFGF_EL1, Selected Pseudo Fault Generation Feature Register, EL1<desc class="- topic/desc ">Register ERXPFGF_EL1 accesses the ERR&lt;n&gt;PFGF register for the error record selected by ERRSELR_EL1.SEL.</desc></xref>.</p> </dd>
				</dlentry>
			</dl>
		</section>
	</refbody>
</reference>