<?xml version="1.0" encoding="UTF-8"?>
<!DOCTYPE reference
  PUBLIC "-//OASIS//DTD DITA Reference//EN" "reference.dtd">
<reference xmlns:ditaarch="http://dita.oasis-open.org/architecture/2005/" class="- topic/topic       reference/reference " ditaarch:DITAArchVersion="1.2" id="xwg1477656601388" xml:lang="en-us">
    <title class="- topic/title ">AArch32 debug register summary</title>
    <titlealts class="- topic/titlealts ">
        <navtitle class="- topic/navtitle ">AArch32 debug register summary</navtitle>
    </titlealts>
    <shortdesc class="- topic/shortdesc ">The following table summarizes the 32-bit and 64-bit debug control
        registers that are accessible in the AArch32 Execution state from the internal CP14
        interface. These registers are accessed by the <codeph class="+ topic/ph pr-d/codeph ">MCR</codeph> and
        <codeph class="+ topic/ph pr-d/codeph ">MRC</codeph> instructions in the order of CRn, op2, CRm, Op1 or
        <codeph class="+ topic/ph pr-d/codeph ">MCRR</codeph> and <codeph class="+ topic/ph pr-d/codeph ">MRRC</codeph>
        instructions in the order of CRm, Op1. </shortdesc>
    <prolog class="- topic/prolog ">
        <permissions class="- topic/permissions " view="nonconfidential"/>
        
    </prolog>
    <refbody class="- topic/body        reference/refbody ">
        <section class="- topic/section ">
            <p class="- topic/p ">For those registers not described in this chapter, see the <cite class="- topic/cite "><keyword class="- topic/keyword "><tm class="- topic/tm " tmtype="reg">Arm</tm></keyword> Architecture Reference Manual <keyword class="- topic/keyword "><tm class="- topic/tm " tmtype="reg">Arm</tm></keyword>v8, for <keyword class="- topic/keyword "><tm class="- topic/tm " tmtype="reg">Arm</tm></keyword>v8-A
                architecture profile</cite>.</p>
            <table class="- topic/table ">
                <title class="- topic/title ">AArch32 debug register summary</title>
                <tgroup class="- topic/tgroup " cols="8" colsep="0" rowsep="0">
                    <colspec class="- topic/colspec " colname="col1" colnum="1" colsep="0"/>
                    <colspec class="- topic/colspec " colname="col2" colnum="2" colsep="0"/>
                    <colspec class="- topic/colspec " colname="col3" colnum="3" colsep="0"/>
                    <colspec class="- topic/colspec " colname="col4" colnum="4" colsep="0"/>
                    <colspec class="- topic/colspec " colname="col5" colnum="5" colsep="0"/>
                    <colspec class="- topic/colspec " colname="col6" colnum="5" colsep="0"/>
                    <colspec class="- topic/colspec " colname="col7" colnum="5" colsep="0"/>
                    <colspec class="- topic/colspec " colname="col8" colnum="5" colsep="0"/>
                    <thead class="- topic/thead ">
                        <row class="- topic/row " rowsep="1">
                            <entry class="- topic/entry " colname="col1">CRn</entry>
                            <entry class="- topic/entry " colname="col2">Op2</entry>
                            <entry class="- topic/entry " colname="col3">CRm</entry>
                            <entry class="- topic/entry " colname="col4">Op1</entry>
                            <entry class="- topic/entry " colname="col5">Name</entry>
                            <entry class="- topic/entry " colname="col6">Type</entry>
                            <entry class="- topic/entry " colname="col7">Reset</entry>
                            <entry class="- topic/entry " colname="col8">Description</entry>
                        </row>
                    </thead>
                    <tbody class="- topic/tbody ">
                        <row class="- topic/row ">
                            <entry class="- topic/entry " colname="col1">c0</entry>
                            <entry class="- topic/entry " colname="col2">0</entry>
                            <entry class="- topic/entry " colname="col3">c1</entry>
                            <entry class="- topic/entry " colname="col4">0</entry>
                            <entry class="- topic/entry " colname="col5">DBGDSCRint</entry>
                            <entry class="- topic/entry " colname="col6">RO</entry>
                            <entry class="- topic/entry " colname="col7"><codeph class="+ topic/ph pr-d/codeph "><ph class="- topic/ph " otherprops="g.number.any">000x0000</ph></codeph></entry>
                            <entry class="- topic/entry " colname="col8">Debug Status and Control Register, Internal
                                View</entry>
                        </row>
                        <row class="- topic/row ">
                            <entry class="- topic/entry " colname="col1">c0</entry>
                            <entry class="- topic/entry " colname="col2">0</entry>
                            <entry class="- topic/entry " colname="col3">c5</entry>
                            <entry class="- topic/entry " colname="col4">0</entry>
                            <entry class="- topic/entry " colname="col5">DBGDTRTXint</entry>
                            <entry class="- topic/entry " colname="col6">WO</entry>
                            <entry class="- topic/entry " colname="col7">-</entry>
                            <entry class="- topic/entry " colname="col8">Debug Data Transfer Register, Transmit, Internal
                                View</entry>
                        </row>
                        <row class="- topic/row ">
                            <entry class="- topic/entry " colname="col1">c0</entry>
                            <entry class="- topic/entry " colname="col2">0</entry>
                            <entry class="- topic/entry " colname="col3">c5</entry>
                            <entry class="- topic/entry " colname="col4">0</entry>
                            <entry class="- topic/entry " colname="col5">DBGDTRRXint</entry>
                            <entry class="- topic/entry " colname="col6">RO</entry>
                            <entry class="- topic/entry " colname="col7"><codeph class="+ topic/ph pr-d/codeph "><ph class="- topic/ph " otherprops="g.number.hex">00000000</ph></codeph></entry>
                            <entry class="- topic/entry " colname="col8">Debug Data Transfer Register, Receive, Internal
                                View</entry>
                        </row>
                        
                    </tbody>
                </tgroup>
            </table>
            
            
            
            
            
            
            
        </section>
    </refbody>
</reference>