<?xml version="1.0" encoding="UTF-8"?>
<!DOCTYPE reference
  PUBLIC "-//OASIS//DTD DITA Reference//EN" "reference.dtd">
<reference xmlns:ditaarch="http://dita.oasis-open.org/architecture/2005/" class="- topic/topic       reference/reference " ditaarch:DITAArchVersion="1.2" id="xxw1474620333454" xml:lang="en-us">
	<title class="- topic/title ">Encoding for power modes</title>
	<shortdesc class="- topic/shortdesc ">The following table shows the encodings for the supported modes for each core domain
		P-Channel.</shortdesc>
	<prolog class="- topic/prolog ">
		<permissions class="- topic/permissions " view="nonconfidential"/>
	</prolog>
	<refbody class="- topic/body        reference/refbody ">
		<section class="- topic/section ">
			<table class="- topic/table " colsep="0" frame="topbot" id="table_egd_ltt_4t" rowsep="0">
				<title class="- topic/title ">Core power modes COREPSTATE encoding</title>
				<tgroup class="- topic/tgroup " cols="5" colsep="0" rowsep="0">
					<colspec class="- topic/colspec " colname="col1" colnum="1" colsep="0"/>
					<colspec class="- topic/colspec " colname="col2" colnum="2" colsep="0"/>
					<colspec class="- topic/colspec " colname="col3" colnum="3" colsep="0"/>
					<colspec class="- topic/colspec " colname="col4" colnum="4" colsep="0"/>
					<colspec class="- topic/colspec " colname="col5" colnum="5" colsep="0"/>

					<thead class="- topic/thead ">
						<row class="- topic/row " rowsep="1">
							<entry class="- topic/entry " colname="col1">Power mode</entry>
							<entry class="- topic/entry " colname="col2">Short name</entry>
							<entry class="- topic/entry " colname="col3">PACTIVE bit number</entry>
							<entry class="- topic/entry " colname="col4">PSTATE value <fn class="- topic/fn ">PSTATE[5:4] are don't
									care.</fn></entry>
							<entry class="- topic/entry " colname="col5">Power mode description</entry>

						</row>
					</thead>
					<tbody class="- topic/tbody ">
						
						<row class="- topic/row " rowsep="1">
							<entry class="- topic/entry " colname="col1">Debug recovery</entry>
							<entry class="- topic/entry " colname="col2">DEBUG_RECOV</entry>
							<entry class="- topic/entry " colname="col3">-</entry>
							<entry class="- topic/entry " colname="col4"><codeph class="+ topic/ph pr-d/codeph ">0b001010</codeph></entry>
							<entry class="- topic/entry " colname="col5">
								<p class="- topic/p ">Logic is off (or in reset), RAM state is retained and not invalidated when transitioning to On mode.</p>
							</entry>
						</row>
						
						<row class="- topic/row " rowsep="1">
							<entry class="- topic/entry " colname="col1">On</entry>
							<entry class="- topic/entry " colname="col2">ON</entry>
							<entry class="- topic/entry " colname="col3">8</entry>
							<entry class="- topic/entry " colname="col4"><codeph class="+ topic/ph pr-d/codeph ">0b001000</codeph></entry>
							<entry class="- topic/entry " colname="col5">
								<p class="- topic/p ">All powerup.</p>
							</entry>
						</row>
					
						
						<row class="- topic/row " rowsep="1">
							<entry class="- topic/entry " colname="col1">Core dynamic retention</entry>
							<entry class="- topic/entry " colname="col2">FULL_RET</entry>
							<entry class="- topic/entry " colname="col3">5</entry>
							<entry class="- topic/entry " colname="col4"><codeph class="+ topic/ph pr-d/codeph ">0b000101</codeph></entry>
							<entry class="- topic/entry " colname="col5">
								<p class="- topic/p ">Logic and RAM state are inoperable but retained.</p>
							</entry>
						</row>
						
						<row class="- topic/row " rowsep="1">
							<entry class="- topic/entry " colname="col1">Off (emulated)</entry>
							<entry class="- topic/entry " colname="col2">OFF_EMU</entry>
							<entry class="- topic/entry " colname="col3">1</entry>
							<entry class="- topic/entry " colname="col4"><codeph class="+ topic/ph pr-d/codeph ">0b000001</codeph></entry>
							<entry class="- topic/entry " colname="col5">
								<p class="- topic/p ">On with Warm reset asserted, debug state is retained and accessible.</p>
							</entry>
						</row>
						
						<row class="- topic/row " rowsep="0">
							<entry class="- topic/entry " colname="col1">Off</entry>
							<entry class="- topic/entry " colname="col2">OFF</entry>
							<entry class="- topic/entry " colname="col3">0 (implicit)<fn class="- topic/fn ">It is
								tied off to 0 and should be inferred when all other PACTIVE bits
								are LOW. For more information, see the <cite class="- topic/cite " id="g.lowpowerinterface.spec.title"><ph class="- topic/ph "><keyword class="- topic/keyword "><tm class="- topic/tm " tmtype="reg">AMBA</tm></keyword> Low Power Interface Specification <keyword class="- topic/keyword "><tm class="- topic/tm " tmtype="reg">Arm</tm></keyword> Q-Channel and P-Channel Interfaces</ph></cite>.</fn></entry>
							<entry class="- topic/entry " colname="col4"><codeph class="+ topic/ph pr-d/codeph ">0b000000</codeph></entry>
							<entry class="- topic/entry " colname="col5">
								<p class="- topic/p ">All powerdown.</p>
							</entry>
						</row>


					</tbody>
				</tgroup>
			</table>
		</section>
	</refbody>
</reference>