<?xml version="1.0" encoding="UTF-8"?>
<!DOCTYPE concept
  PUBLIC "-//OASIS//DTD DITA Concept//EN" "concept.dtd">
<concept xmlns:ditaarch="http://dita.oasis-open.org/architecture/2005/" class="- topic/topic concept/concept " ditaarch:DITAArchVersion="1.2" id="xzc1477569438604" xml:lang="en-us">
	<title class="- topic/title ">L1 data memory system</title>
	<shortdesc class="- topic/shortdesc ">The L1 data memory system executes load and store instructions and
		encompasses the L1 data side memory system. It also services memory coherency
		requests.</shortdesc>
	<prolog class="- topic/prolog ">
		<permissions class="- topic/permissions " view="nonconfidential"/>
	</prolog>
	<conbody class="- topic/body  concept/conbody ">
		<p class="- topic/p ">The load/store unit includes:</p>
		<ul class="- topic/ul ">
			<li class="- topic/li ">A 64KB, 4-way, set associative L1 data cache with 64-byte cache lines and optional ECC protection per 32 bits.</li>
			
			
			
			<li class="- topic/li ">A fully associative L1 data TLB with native support for 4KB, 16KB, 64KB, 2MB,
				and 512MB page sizes.</li>

		</ul>

	</conbody>
</concept>