<?xml version="1.0" encoding="UTF-8"?>
<!DOCTYPE reference
  PUBLIC "-//OASIS//DTD DITA Reference//EN" "reference.dtd">
<reference xmlns:ditaarch="http://dita.oasis-open.org/architecture/2005/" class="- topic/topic       reference/reference " ditaarch:DITAArchVersion="1.2" id="zkn1470139413326" xml:lang="en-us">
	
	
	<title class="- topic/title ">ICC_AP1R0_EL1, Interrupt Controller Active Priorities Group 1 Register 0 EL1</title>
	<shortdesc class="- topic/shortdesc ">The ICC_AP1R0_EL1 provides information about Group 1 active
		priorities.</shortdesc>
	<prolog class="- topic/prolog "><permissions class="- topic/permissions " view="nonconfidential"/></prolog>
	<refbody class="- topic/body        reference/refbody ">
		<section class="- topic/section ">
			<title class="- topic/title ">Bit descriptions</title>
			<p class="- topic/p ">This register is a 32-bit register and is part of:</p>
			<ul class="- topic/ul ">
				<li class="- topic/li ">The GIC system registers functional group.</li>
				<li class="- topic/li ">The GIC control registers functional group.</li>
			</ul>
			<p class="- topic/p ">The core implements 5 bits of priority with 32 priority levels, corresponding to
				the 32 bits [31:0] of the register. The possible values for each bit are:</p>
			<dl class="- topic/dl " compact="yes" outputclass="termwidthpc12">
				<dlentry class="- topic/dlentry ">
					<dt class="- topic/dt "><ph class="- topic/ph " otherprops="g.number.hex">00000000</ph></dt>
					<dd class="- topic/dd ">No interrupt active. This is the reset value.</dd>
				</dlentry>
				<dlentry class="- topic/dlentry ">
					<dt class="- topic/dt "><ph class="- topic/ph " otherprops="g.number.hex">00000001</ph></dt>
					<dd class="- topic/dd ">Interrupt active for priority <ph class="- topic/ph " otherprops="g.number.hex">0</ph>.</dd>
				</dlentry>
				<dlentry class="- topic/dlentry ">
					<dt class="- topic/dt "><ph class="- topic/ph " otherprops="g.number.hex">00000002</ph></dt>
					<dd class="- topic/dd ">Interrupt active for priority <ph class="- topic/ph " otherprops="g.number.hex">8</ph>.</dd>
				</dlentry>
				<dlentry class="- topic/dlentry ">
					<dt class="- topic/dt "/>
					<dd class="- topic/dd ">...</dd>
				</dlentry>
				<dlentry class="- topic/dlentry ">
					<dt class="- topic/dt "><ph class="- topic/ph " otherprops="g.number.hex">80000000</ph></dt>
					<dd class="- topic/dd ">Interrupt active for priority <ph class="- topic/ph " otherprops="g.number.hex">F8</ph>.</dd>
				</dlentry>
			</dl>
			
			
		</section>
		
		<section class="- topic/section ">
			<p class="- topic/p ">Details not provided in this description are architecturally defined. See the <cite class="- topic/cite "><ph class="- topic/ph "><keyword class="- topic/keyword "><tm class="- topic/tm " tmtype="reg">Arm</tm></keyword> Generic Interrupt Controller Architecture Specification</ph></cite>.</p>
		</section>
		
	</refbody>
</reference>